expression,reading,romaji,meaning,meaning_id,tags
現像,げんぞう,,developing (film),cuci cetak (film),JLPT_1 JLPT
原則,げんそく,,"principle, general rule",prinsip; asas; aturan umum,JLPT_1 JLPT
見地,けんち,,point of view,sudut pandang,JLPT_1 JLPT
現地,げんち,,"actual place, local",tempat sebenarnya; lokal; setempat,JLPT_1 JLPT
限定,げんてい,,"limit, restriction",batas; pembatasan,JLPT_1 JLPT
原点,げんてん,,"origin (coordinates, starting point)",asal; asal usul,JLPT_1 JLPT
原典,げんてん,,"original, source",asli; orisinal; sumber,JLPT_1 JLPT
原爆,げんばく,,atomic bomb,bom atom,JLPT_1 JLPT
原文,げんぶん,,"the text, original",teks asli; asli; orisinal,JLPT_1 JLPT
厳密,げんみつ,,"strict, close",ketat; tegas,JLPT_1 JLPT
賢明,けんめい,,"wisdom, intelligence, prudence",kebijaksanaan; kecerdasan; kehati-hatian,JLPT_1 JLPT
倹約,けんやく,,"thrift, economy, frugality",ekonomi,JLPT_1 JLPT
原油,げんゆ,,crude oil,minyak mentah,JLPT_1 JLPT
兼用,けんよう,,"multi-use, combined use",serbaguna; penggunaan gabungan,JLPT_1 JLPT
権力,けんりょく,,"(political) power, authority, influence",pengaruh,JLPT_1 JLPT
言論,げんろん,,"discussion, speech",diskusi; pembahasan; pidato; ucapan,JLPT_1 JLPT
故～,こ～,,"deceased, late",almarhum; mendiang,JLPT_1 JLPT
語彙,ごい,,"vocabulary, glossary",kosakata; glosarium,JLPT_1 JLPT
恋する,こいする,,"to fall in love with, to love",mencintai,JLPT_1 JLPT
甲,こう,,1st in rank; shell,peringkat pertama; cangkang,JLPT_1 JLPT
～光,～こう,,light,ringan,JLPT_1 JLPT
好意,こうい,,"good will, favor, courtesy",baik; bagus,JLPT_1 JLPT
行為,こうい,,"act, deed, conduct",tindakan; perbuatan; perilaku; tindakan,JLPT_1 JLPT
合意,ごうい,,"agreement, consent, mutual understanding",perjanjian,JLPT_1 JLPT
工学,こうがく,,engineering,rekayasa; teknik,JLPT_1 JLPT
抗議,こうぎ,,"protest, objection",protes; keberatan,JLPT_1 JLPT
合議,ごうぎ,,"consultation, conference",konsultasi; konferensi; rapat,JLPT_1 JLPT
皇居,こうきょ,,Imperial Palace,Istana Kekaisaran,JLPT_1 JLPT
好況,こうきょう,,"prosperous conditions, healthy economy",sehat,JLPT_1 JLPT
鉱業,こうぎょう,,mining industry,industri pertambangan,JLPT_1 JLPT
興業,こうぎょう,,starting a business; industry,memulai bisnis; industri,JLPT_1 JLPT
高原,こうげん,,"tableland, plateau",dataran tinggi; plato; dataran tinggi,JLPT_1 JLPT
交互,こうご,,"mutual, reciprocal, alternate",saling; timbal balik; timbal balik; bergantian,JLPT_1 JLPT
煌々と,こうこうと,,brightly,dengan cerah; bercahaya,JLPT_1 JLPT
考古学,こうこがく,,archeology,arkeologi,JLPT_1 JLPT
工作,こうさく,,"handicraft, maneuvering",kerajinan tangan; manuver; pengelolaan,JLPT_1 JLPT
耕作,こうさく,,"cultivation, farming",budidaya; pengolahan; pertanian; bercocok tanam,JLPT_1 JLPT
鉱山,こうざん,,mine,tambang; milik saya,JLPT_1 JLPT
講習,こうしゅう,,"short course, training",pendek,JLPT_1 JLPT
口述,こうじゅつ,,verbal statement,pernyataan lisan,JLPT_1 JLPT
控除,こうじょ,,"subsidy, deduction",subsidi,JLPT_1 JLPT
交渉,こうしょう,,negotiation,negosiasi,JLPT_1 JLPT Intermediate_Japanese_Ln.8 Intermediate_Japanese
高尚,こうしょう,,"high, noble, refined",tinggi,JLPT_1 JLPT
向上,こうじょう,,"rise, improvement, progress",peningkatan; perbaikan; kemajuan; progres,JLPT_1 JLPT
行進,こうしん,,"march, parade",pawai; berbaris; parade; pawai,JLPT_1 JLPT
香辛料,こうしんりょう,,spices,rempah-rempah,JLPT_1 JLPT
降水,こうすい,,"rainfall, precipitation",curah hujan; presipitasi; curah hujan,JLPT_1 JLPT
洪水,こうずい,,flood,banjir,JLPT_1 JLPT
合成,ごうせい,,"synthetic, mixed",sintetis; buatan; campuran,JLPT_1 JLPT
公然,こうぜん,,openly,secara terbuka,JLPT_1 JLPT
抗争,こうそう,,"dispute, resistance",sengketa; perselisihan; perlawanan; resistensi,JLPT_1 JLPT
構想,こうそう,,"plan, plot, idea, conception",rencana; ide; gagasan,JLPT_1 JLPT
後退,こうたい,,"retreat, backspace",mundur; retret; backspace; mundur,JLPT_1 JLPT
光沢,こうたく,,"luster, glossy finish (of photographs)",kilap; kemilau; hasil akhir mengkilap,JLPT_1 JLPT
公団,こうだん,,public corporation,umum; publik,JLPT_1 JLPT
好調,こうちょう,,"satisfactory, in good shape",baik; bagus,JLPT_1 JLPT
口頭,こうとう,,oral,lisan; mulut,JLPT_1 JLPT
講読,こうどく,,reading,bacaan; pembacaan,JLPT_1 JLPT
購読,こうどく,,subscription,langganan; berlangganan,JLPT_1 JLPT
購入,こうにゅう,,"purchase, buy",membeli,JLPT_1 JLPT
公認,こうにん,,"official recognition, authorization",otorisasi,JLPT_1 JLPT
光熱費,こうねつひ,,cost of fuel and light,ringan,JLPT_1 JLPT
購買,こうばい,,"purchase, buy",membeli,JLPT_1 JLPT
好評,こうひょう,,"popularity, favorable reputation",popularitas; kepopuleran; reputasi baik,JLPT_1 JLPT
交付,こうふ,,"delivering, furnishing (with copies)",pengiriman; penyediaan; perabot,JLPT_1 JLPT
公募,こうぼ,,"public appeal, public contribution",kontribusi,JLPT_1 JLPT
巧妙,こうみょう,,"ingenious, skillful, clever",cerdas,JLPT_1 JLPT
公用,こうよう,,"government business, public use, public expense",pemerintah,JLPT_1 JLPT
小売,こうり,,retail,eceran; ritel,JLPT_1 JLPT
効率,こうりつ,,efficiency,efisiensi,JLPT_1 JLPT
公立,こうりつ,,public institution,umum; publik,JLPT_1 JLPT
護衛,ごえい,,"guard, convoy, escort",penjaga; pengawal; konvoi; pengawalan; pengawal; mengantar,JLPT_1 JLPT
コーナー,コーナー,,corner,sudut; pojok,JLPT_1 JLPT
小柄,こがら,,"small, diminutive",kecil,JLPT_1 JLPT
小切手,こぎって,,"cheque, check",memeriksa,JLPT_1 JLPT
国産,こくさん,,domestic products,produk dalam negeri,JLPT_1 JLPT
国定,こくてい,,"state-sponsored, national",nasional,JLPT_1 JLPT
告白,こくはく,,"confession, acknowledgment",pengakuan; konfesi; pengakuan,JLPT_1 JLPT
国防,こくぼう,,national defense,nasional,JLPT_1 JLPT
国有,こくゆう,,national ownership,nasional,JLPT_1 JLPT
極楽,ごくらく,,paradise,surga; firdaus,JLPT_1 JLPT
国連,こくれん,,"U.N., United Nations",Perserikatan Bangsa-Bangsa,JLPT_1 JLPT
焦げ茶,こげちゃ,,dark brown,gelap,JLPT_1 JLPT
語源,ごげん,,"word root, word derivation, etymology",akar kata; derivasi kata; etimologi; asal kata,JLPT_1 JLPT
心地,ここち,,"feeling, sensation, mood",perasaan; rasa,JLPT_1 JLPT
心得,こころえ,,"knowledge, information",pengetahuan; informasi,JLPT_1 JLPT
心掛け,こころがけ,,"readiness, intention, aim",bertujuan,JLPT_1 JLPT
心掛ける,こころがける,,"to bear in mind, to aim to do",mengingat; menyimpan dalam hati; bertujuan untuk melakukan,JLPT_1 JLPT
志,こころざし,,"will, intention, motive",akan; kehendak,JLPT_1 JLPT
志す,こころざす,,"to plan, to intend, to aspire to",merencanakan,JLPT_1 JLPT
心強い,こころづよい,,"heartening, reassuring",menggembirakan; menyenangkan; menenangkan; menentramkan,JLPT_1 JLPT
心細い,こころぼそい,,"helpless, hopeless, discouraging",tidak berdaya; tak berdaya; putus asa; tidak ada harapan; mengecewakan; melemahkan semangat,JLPT_1 JLPT
試み,こころみ,,"trial, experiment",percobaan,JLPT_1 JLPT
試みる,こころみる,,"to try, to test",mencoba; tes; ujian,JLPT_1 JLPT
快い,こころよい,,"pleasant, agreeable",menyenangkan; menyenangkan; dapat disetujui,JLPT_1 JLPT
誤差,ごさ,,error,kesalahan; galat,JLPT_1 JLPT
ございます (かん),ございます (かん),,"to be (polite, to exist)",ada; menjadi,JLPT_1 JLPT
孤児,こじ,,orphan,anak yatim piatu,JLPT_1 JLPT
こじれる,こじれる,,"to get complicated, to grow worse",menjadi rumit; memburuk; semakin parah,JLPT_1 JLPT
こす (みずを～),こす (みずを～),,"to strain, to filter",menyaring; mengejan; menyaring,JLPT_1 JLPT
梢,こずえ,,treetop,pucuk pohon; ujung pohon,JLPT_1 JLPT
個性,こせい,,"individuality, personality, idiosyncrasy",individualitas; keunikan diri; kepribadian; keunikan; perilaku khas,JLPT_1 JLPT
戸籍,こせき,,"census, family register",keluarga,JLPT_1 Intermediate_Japanese_Ln.14 JLPT Intermediate_Japanese
古代,こだい,,ancient times,zaman kuno; zaman dahulu,JLPT_1 JLPT
こたつ,こたつ,,"table with heater, (originally) charcoal brazier in a floor well",meja pemanas (kotatsu),JLPT_1 JLPT
こだわる,こだわる,,"to fuss over, to be particular about",rewel tentang; terlalu peduli; sangat pilih-pilih tentang,JLPT_1 JLPT
誇張,こちょう,,exaggeration,mengatakan terlalu banyak,JLPT_1 JLPT
こつ (をつかむ),こつ (をつかむ),,"secret, trick, hang",menggantung; menggantungkan,JLPT_1 JLPT
滑稽,こっけい,,"funny, humorous, comical",lucu,JLPT_1 JLPT
国交,こっこう,,diplomatic relations,diplomatik; diplomatis,JLPT_1 JLPT
骨董品,こっとうひん,,curio,barang antik; benda antik,JLPT_1 JLPT
固定,こてい,,"fixation, fixing (e.g., salary, capital)",gaji,JLPT_1 JLPT
事柄,ことがら,,"matter, thing, affair, circumstance",keadaan; situasi,JLPT_1 JLPT
孤独,こどく,,"isolation, loneliness, solitude",isolasi; pengasingan,JLPT_1 JLPT
ことごとく,ことごとく,,"altogether, entirely",seluruhnya; (kata sandang),JLPT_1 JLPT
言付け,ことづけ,,to leave a message,meninggalkan pesan,JLPT_1 JLPT
殊に,ことに,,"especially, above all",terutama,JLPT_1 JLPT
粉々,こなごな,,in very small pieces,kecil,JLPT_1 JLPT
好ましい,このましい,,"nice, likable, desirable",baik,JLPT_1 JLPT
碁盤,ごばん,,Go board,dewan; papan,JLPT_1 JLPT
個別,こべつ,,particular case,kasus; perkara; kotak,JLPT_1 JLPT
ごまかす,ごまかす,,"to deceive, to falsify, to misrepresent",menipu; memalsukan; merepresentasikan secara salah,JLPT_1 JLPT
細やか,こまやか,,"meager, modest",rendah hati; sederhana,JLPT_1 JLPT
コマーシャル,コマーシャル,,a commercial,sebuah; suatu,JLPT_1 JLPT
込める,こめる,,"to include, to put into",mencakup; termasuk,JLPT_1 JLPT
コメント,コメント,,comment,komentar,JLPT_1 JLPT
籠もる,こもる,,"to seclude oneself, to be confined in",mengasingkan diri; terkurung di,JLPT_1 JLPT
固有,こゆう,,"characteristic, tradition, peculiar",karakteristik; ciri; tradisi,JLPT_1 JLPT
暦,こよみ,,"calendar, almanac",kalender; penanggalan; almanak,JLPT_1 JLPT
凝らす,こらす,,"to concentrate, to devote, to peer into",berkonsentrasi; mendedikasikan; mengintip; mengamati dengan seksama,JLPT_1 JLPT
ごらんなさい (かん),ごらんなさい (かん),,"look, (please) try to do",mencoba,JLPT_1 JLPT
孤立,こりつ,,"isolation, helplessness",isolasi; pengasingan,JLPT_1 JLPT
懲りる,こりる,,"to learn by experience, to be disgusted with",belajar dari pengalaman; merasa jijik dengan,JLPT_1 JLPT
凝る,こる,,"to stiffen, to harden",menjadi kaku; mengeras; menjadi keras,JLPT_1 JLPT
根気,こんき,,"patience; perseverance, energy",energi,JLPT_1 JLPT
根拠,こんきょ,,"basis, foundation",fondasi; dasar; yayasan,JLPT_1 JLPT
混血,こんけつ,,"mixed race, mixed parentage",campuran,JLPT_1 JLPT
コンタクト (レンズ),コンタクト (レンズ),,contact; contact lens,menghubungi,JLPT_1 JLPT
昆虫,こんちゅう,,"insect, bug",serangga; serangga; kutu,JLPT_1 JLPT
根底,こんてい,,"root, basis, foundation",fondasi; dasar; yayasan,JLPT_1 JLPT
混同,こんどう,,"confusion, mixing, merger",merger; penggabungan,JLPT_1 JLPT
コントラスト,コントラスト,,contrast,perbandingan,JLPT_1 JLPT
コントロール,コントロール,,control,mengendalikan,JLPT_1 JLPT
コンパス,コンパス,,compass,kompas; jangka,JLPT_1 JLPT
根本,こんぽん,,"foundation, root, base",fondasi; dasar; yayasan,JLPT_1 JLPT
財,ざい,,"fortune, riches",properti,JLPT_1 JLPT
再会,さいかい,,"meeting again, reunion",bertemu kembali; reuni; pertemuan kembali,JLPT_1 JLPT
災害,さいがい,,"calamity, disaster, misfortune",bencana,JLPT_1 JLPT
細菌,さいきん,,"bacillus, bacterium, germ",basil; bakteri batang; bakteri; kuman; bakteri,JLPT_1 JLPT
細工,さいく,,"work, craftsmanship, trick",pekerjaan; karya,JLPT_1 JLPT
採掘,さいくつ,,mining,pertambangan; penambangan,JLPT_1 JLPT
サイクル,サイクル,,cycle,periode,JLPT_1 JLPT
採決,さいけつ,,"vote, roll call",suara; memilih,JLPT_1 JLPT
再建,さいけん,,(temple or shrine) rebuilding,pembangunan kembali kuil atau pura,JLPT_1 JLPT
再現,さいげん,,"reproduction, return, revival",kebangkitan kembali,JLPT_1 JLPT
財源,ざいげん,,"source of funds, resources, finances",sumber,JLPT_1 JLPT
在庫,ざいこ,,"stockpile, stock",saham; stok,JLPT_1 JLPT
採算,さいさん,,profit,keuntungan; laba,JLPT_1 JLPT
サイズ,サイズ,,size,ukuran,JLPT_1 JLPT
再生,さいせい,,"playback, regeneration, resuscitation",kebangkitan,JLPT_1 JLPT
財政,ざいせい,,"economy, financial affairs",ekonomi,JLPT_1 JLPT
最善,さいぜん,,the very best,(kata sandang),JLPT_1 JLPT
採択,さいたく,,"adoption, selection, choice",pilihan,JLPT_1 JLPT
栽培,さいばい,,cultivation,budidaya; pengolahan,JLPT_1 JLPT
再発,さいはつ,,"return, relapse, reoccurrence",kembali; pengembalian,JLPT_1 JLPT
細胞,さいぼう,,cell,sel,JLPT_1 JLPT
採用,さいよう,,"use, adopt",penggunaan; menggunakan,JLPT_1 JLPT
遮る,さえぎる,,"to interrupt, to intercept, to obstruct",menginterupsi; memotong; mencegat; menghadang; menghalangi; menghambat,JLPT_1 JLPT
さえずる,さえずる,,"to sing, to chirp, to twitter",bernyanyi,JLPT_1 JLPT
冴える,さえる,,"to be clear, to be bright, to be skillful",jernih; jelas; cerah; bercahaya; terampil; mahir,JLPT_1 JLPT
竿,さお,,"rod, pole (e.g., for drying laundry)",tongkat; batang; tiang; kutub,JLPT_1 JLPT
栄える,さかえる,,"to flourish, to prosper, to thrive",berkembang pesat; subur; makmur; sejahtera; berkembang; tumbuh subur,JLPT_1 JLPT
差額,さがく,,"balance, difference, margin",perbedaan,JLPT_1 JLPT
杯,さかずき,,wine cup,cangkir sake; gelas anggur,JLPT_1 JLPT
逆立ち,さかだち,,"handstand, headstand",berdiri tangan; handstand; berdiri kepala,JLPT_1 JLPT
さきに (いぜん),さきに (いぜん),,"before, earlier than, previously",sebelum; di depan,JLPT_1 JLPT
詐欺,さぎ,,"fraud, swindle",penipuan; fraud; penipuan; menipu,JLPT_1 JLPT
削減,さくげん,,"cut, reduction",memotong,JLPT_1 JLPT
錯誤,さくご,,mistake,kesalahan,JLPT_1 JLPT
作戦,さくせん,,"military operations, tactics, strategy",strategi,JLPT_1 JLPT
叫び,さけび,,"shout, scream, outcry",berteriak,JLPT_1 JLPT
捧げる,ささげる,,"to lift up, to give, to offer",memberikan,JLPT_1 JLPT
差し掛かる,さしかかる,,"to come near to, to approach",pendekatan,JLPT_1 JLPT
指図,さしず,,"instruction, mandate",pengarahan,JLPT_1 JLPT
差し出す,さしだす,,"to present, to submit, to hold out",masa kini; mengumpulkan,JLPT_1 JLPT
差し支える,さしつかえる,,"to interfere, to hinder",mencampuri; ikut campur; menghalangi; menghambat,JLPT_1 JLPT
授ける,さずける,,"to grant, to award, to teach",mengajar,JLPT_1 JLPT
摩する,さする,,"to rub, to stroke",menggosok; membelai; mengusap,JLPT_1 JLPT
さぞ (さぞや。さぞかし),さぞ (さぞや。さぞかし),,"I am sure, certainly, no doubt",tentu saja,JLPT_1 JLPT
定まる,さだまる,,"to become settled, to be fixed",menjadi tetap; menstabilkan; tetap; ditetapkan,JLPT_1 JLPT
定める,さだめる,,"to decide, to determine",memutuskan,JLPT_1 JLPT
座談会,ざだんかい,,"symposium, round-table discussion",simposium,JLPT_1 JLPT
雑,ざつ,,"rough, crude",kasar,JLPT_1 JLPT
雑貨,ざっか,,"miscellaneous goods, general goods",barang,JLPT_1 JLPT
殺人,さつじん,,murder,pembunuhan,JLPT_1 JLPT
察する,さっする,,"to guess, to sense, to judge",menebak; menduga; merasakan; menangkap; menilai; memutuskan,JLPT_1 JLPT
雑談,ざつだん,,"chatting, idle talk",mengobrol; obrolan santai,JLPT_1 JLPT
さっと,さっと,,"suddenly, smoothly",tiba-tiba,JLPT_1 JLPT
さっぱりする,さっぱりする,,to refresh,menyegarkan,JLPT_1 JLPT
悟る,さとる,,"to attain enlightenment, to understand",mengerti,JLPT_1 JLPT
最中,さなか,,"in the middle of, midst",dalam; di,JLPT_1 JLPT
座標,ざひょう,,coordinates,koordinat,JLPT_1 JLPT
さほど,さほど,,"not so, not that much",tidak,JLPT_1 JLPT
サボる,サボる,,to cut (skip) classes; to loaf on the job; to idle away one's time,bolos kelas,JLPT Genki_Ln.11 Intermediate_Japanese JLPT_1 Intermediate_Japanese_Ln.13 Genki
様,さま,,state; way (a person does something); Mr. or Mrs.,kondisi; keadaan,JLPT_1 JLPT Intermediate_Japanese Intermediate_Japanese_Ln.11
寒気,さむけ,,"chill, shiver, cold",dingin,JLPT_1 JLPT
侍,さむらい,,samurai,samurai,JLPT_1 JLPT Intermediate_Japanese_Ln.7 Intermediate_Japanese
さも,さも,,"with gusto, with satisfaction",dengan semangat; dengan kepuasan,JLPT_1 JLPT
作用,さよう,,"operation, effect, function",efek; dampak; fungsi,JLPT_1 JLPT
さらう (こどもを～),さらう (こどもを～),,to kidnap,menculik,JLPT_1 JLPT
障る,さわる,,"to hinder, to interfere with, to affect",mempengaruhi,JLPT_1 JLPT
酸,さん,,acid,asam,JLPT_1 JLPT
山岳,さんがく,,mountains,pegunungan,JLPT_1 JLPT
参議院,さんぎいん,,House of Councilors,rumah,JLPT_1 JLPT
産休,さんきゅう,,maternity leave,kebidanan; ibu hamil,JLPT_1 JLPT
サンキュー,サンキュー,,thank you,terima kasih,JLPT_1 JLPT
残金,ざんきん,,remaining money,uang,JLPT_1 JLPT
産後,さんご,,"postpartum, after childbirth",pascapersalinan,JLPT_1 JLPT
残酷,ざんこく,,"cruelty, harshness",kekejaman; kekerasan; kekasaran,JLPT_1 JLPT
産出,さんしゅつ,,"yield, produce",menghasilkan,JLPT_1 JLPT
参照,さんしょう,,"reference, consultation, consultation",konsultasi,JLPT_1 JLPT
参上,さんじょう,,"calling on, visiting",berkunjung; mengunjungi,JLPT_1 JLPT
残高,ざんだか,,"(bank) balance, remainder",saldo rekening; saldo tersisa,JLPT_1 JLPT
サンタクロース,サンタクロース,,Santa Claus,Sinterklas; Santa Claus,JLPT_1 JLPT Intermediate_Japanese_Ln.8 Intermediate_Japanese
桟橋,さんばし,,"wharf, jetty, pier",dermaga; pelabuhan kecil,JLPT_1 JLPT
賛美,さんび,,"praise, adoration, glorification",penghormatan; pemujaan,JLPT_1 JLPT
山腹,さんぷく,,"hillside, mountainside",lereng bukit; lereng gunung,JLPT_1 JLPT
産婦人科,さんふじんか,,maternity and gynecology department,kebidanan; ibu hamil,JLPT_1 JLPT
産物,さんぶつ,,"product, result, fruit",produk; hasil; buah,JLPT_1 JLPT
山脈,さんみゃく,,mountain range,gunung,JLPT_1 JLPT
仕上がり,しあがり,,"finish, end, completion",akhir; mengakhiri,JLPT_1 JLPT
仕上,しあげ,,"end, finishing touches",akhir; mengakhiri,JLPT_1 JLPT
仕上げる,しあげる,,"to finish up, to complete",menyelesaikan; merampungkan; menyelesaikan; melengkapi,JLPT_1 JLPT
飼育,しいく,,"breeding, raising, rearing",pertumbuhan; mengibarkan (misalnya bendera); budidaya,JLPT_1 JLPT
強いて,しいて,,"to dare, to insist",berani; nekat; bersikeras; mendesak,JLPT_1 JLPT
シート,シート,,seat; sheet,kursi; lembar,JLPT_1 JLPT
ジーパン,ジーパン,,jeans,celana jins,JLPT_1 JLPT
仕入れる,しいれる,,"to lay in stock, to replenish stock, to procure",menimbun stok; mengisi ulang stok; memperoleh; mendapatkan,JLPT_1 JLPT
強いる,しいる,,"to force, to compel, to coerce",kekuatan; gaya,JLPT_1 JLPT
潮,しお,,tide,pasang surut,JLPT_1 JLPT
歯科,しか,,dentistry,kedokteran gigi,JLPT_1 JLPT
自我,じが,,"self, ego",diri,JLPT_1 JLPT
自覚,じかく,,self-conscious,sadar diri,JLPT_1 JLPT
仕掛,しかけ,,"device, trick, mechanism",perangkat; alat,JLPT_1 JLPT
仕掛ける,しかける,,"to lay, to set, to wage",upah,JLPT_1 JLPT
しかしながら,しかしながら,,"however, nevertheless",namun; bagaimanapun,JLPT_1 JLPT
色彩,しきさい,,color,warna,JLPT_1 JLPT
式場,しきじょう,,"ceremonial hall, place of ceremony (e.g., marriage)",tempat,JLPT_1 JLPT
しきたり,しきたり,,"custom, conventional practice, tradition",adat; kebiasaan; tradisi,JLPT_1 JLPT
事業,じぎょう,,"project, enterprise, business",proyek,JLPT_1 JLPT
軽蔑,けいべつ,,"scorn, disdain",penghinaan; meremehkan,JLPT_1 JLPT
経歴,けいれき,,"personal history, career",latar belakang; pemerintah,JLPT_1 JLPT
経路,けいろ,,"course, route, channel",atau laut),JLPT_1 JLPT
けがらわしい,けがらわしい,,"filthy, unfair",sangat kotor; tidak adil,JLPT_1 JLPT
劇団,げきだん,,"troupe, theatrical company",perusahaan,JLPT_1 JLPT
激励,げきれい,,encouragement,stimulasi,JLPT_1 JLPT
ゲスト,ゲスト,,guest,tamu,JLPT_1 JLPT
獣,けだもの,,"beast, brute",binatang buas; hewan,JLPT_1 JLPT
決,けつ,,"decision, vote",keputusan; suara; memilih,JLPT_1 JLPT
決意,けつい,,"decision, determination",keputusan,JLPT_1 JLPT
結核,けっかく,,tuberculosis,tuberkulosis,JLPT_1 JLPT
決議,けつぎ,,"resolution, vote, decision",suara; memilih; keputusan,JLPT_1 JLPT
結合,けつごう,,"combination, union",serikat; persatuan; uni,JLPT_1 JLPT
決算,けっさん,,"balance sheet, settlement of accounts",neraca,JLPT_1 JLPT
月謝,げっしゃ,,monthly tuition fee,biaya kuliah bulanan,JLPT_1 JLPT
決勝,けっしょう,,finals (in sports),final,JLPT_1 JLPT
結晶,けっしょう,,"crystal, crystallization",kristal,JLPT_1 JLPT
結成,けっせい,,formation,pendirian,JLPT_1 JLPT
結束,けっそく,,"union, unity",serikat; persatuan; uni,JLPT_1 JLPT
げっそり,げっそり,,"being disheartened, losing weight",berat,JLPT_1 JLPT
決断,けつだん,,"decision, determination",keputusan,JLPT_1 JLPT
月賦,げっぷ,,monthly installment,cicilan,JLPT_1 JLPT
欠乏,けつぼう,,shortage,kekurangan,JLPT_1 JLPT
蹴飛ばす,けとばす,,"to kick away, to kick (someone)",menendang menjauh,JLPT_1 JLPT
けなす,けなす,,to speak ill of,menjelek-jelekkan,JLPT_1 JLPT
煙たい,けむたい,,"smoky, feeling awkward",keberadaan,JLPT_1 JLPT
煙る,けむる,,"to smoke (e.g., fire)",berasap; mengepul,JLPT_1 JLPT
獣,けもの,,"beast, brute",binatang buas; hewan,JLPT_1 JLPT
家来,けらい,,"retainer, retinue, servant",karyawan,JLPT_1 JLPT
下痢,げり,,diarrhea,diare,JLPT_1 JLPT Intermediate_Japanese_Ln.12 Intermediate_Japanese
権威,けんい,,"authority, power, influence",kekuatan; daya; pengaruh,JLPT_1 JLPT
兼業,けんぎょう,,holding two jobs at the same time,sama,JLPT_1 Intermediate_Japanese_Ln.14 JLPT Intermediate_Japanese
原形,げんけい,,"original form, base form",mendasarkan,JLPT_1 JLPT
原型,げんけい,,"prototype, model, archetypal",model,JLPT_1 JLPT
権限,けんげん,,"power, authority, jurisdiction",kekuatan; daya,JLPT_1 JLPT
現行,げんこう,,"present, current, in operation",masa kini,JLPT_1 JLPT
健在,けんざい,,"in good health, well",baik; bagus,JLPT_1 JLPT
原作,げんさく,,original work,pekerjaan; karya,JLPT_1 JLPT
検事,けんじ,,public prosecutor,umum; publik,JLPT_1 JLPT
原子,げんし,,atom,partikel,JLPT_1 JLPT
元首,げんしゅ,,"ruler, sovereign",langkah,JLPT_1 JLPT
原書,げんしょ,,original document,dokumen asli,JLPT_1 JLPT
懸賞,けんしょう,,"offering prizes, winning, reward",hadiah; penghargaan,JLPT_1 JLPT
健全,けんぜん,,"health, soundness, wholesome",kesehatan,JLPT_1 JLPT
元素,げんそ,,element,elemen; unsur,JLPT_1 JLPT
同調,どうちょう,,"sympathy, agree with, alignment",simpati; rasa kasihan,JLPT_1 JLPT
到底,とうてい,,(cannot) possibly,tidak mungkin; sungguh tidak bisa,JLPT_1 JLPT
動的,どうてき,,"dynamic, kinetic",dinamis,JLPT_1 JLPT
尊い,とうとい,,"precious, valuable, noble",berharga; istimewa; berharga,JLPT_1 JLPT
貴い,とうとい,,"precious, valuable, noble",berharga; istimewa; berharga,JLPT_1 JLPT
同等,どうとう,,"equality, equal, same rank",kesetaraan,JLPT_1 JLPT
堂々,どうどう,,"magnificent, grand, impressive",cemerlang; mudah diingat,JLPT_1 JLPT
尊ぶ,とうとぶ,,"to value, to prize, to esteem",nilai,JLPT_1 JLPT
どうにか,どうにか,,"in some way or other, one way or another",dalam; di; satu; seseorang,JLPT_1 JLPT
投入,とうにゅう,,"throw, investment, making (an electrical circuit)",investasi,JLPT_1 JLPT
導入,どうにゅう,,"introduction, bringing in, leading in",pengenalan; penerapan,JLPT_1 JLPT Intermediate_Japanese_Ln.12 Intermediate_Japanese
当人,とうにん,,"the one concerned, the said person",orang,JLPT_1 JLPT
同封,どうふう,,"enclosure (e.g., in a letter)",dalam; di,JLPT_1 JLPT
逃亡,とうぼう,,escape,pelarian,JLPT_1 JLPT
冬眠,とうみん,,"hibernation, winter sleep",musim dingin,JLPT_1 JLPT
同盟,どうめい,,"alliance, union, league",aliansi; persekutuan,JLPT_1 JLPT
どうやら,どうやら,,"it seems like, somehow or other",entah bagaimana,JLPT_1 JLPT
動力,どうりょく,,"power, motive power, dynamic force",kekuatan; daya,JLPT_1 JLPT
登録,とうろく,,"registration, register, record",catatan; rekaman,JLPT_1 JLPT
討論,とうろん,,discussion; debate,debat; perdebatan,JLPT_1 JLPT Intermediate_Japanese_Ln.15 Intermediate_Japanese
遠ざかる,とおざかる,,to go far off,pergi jauh,JLPT_1 JLPT
遠回り,とおまわり,,"detour, roundabout way",jalan memutar; memutar; tidak langsung,JLPT_1 JLPT
トーン,トーン,,tone,cara berbicara,JLPT_1 JLPT
とかく,とかく,,"anyhow, anyway, in any case",dalam; di,JLPT_1 JLPT
とがめる,とがめる,,"to blame, to rebuke",menyalahkan; memarahi; menegur,JLPT_1 JLPT
時折,ときおり,,sometimes,kadang-kadang,JLPT_1 JLPT
とぎれる,とぎれる,,"to pause, to be interrupted",berhenti sejenak; terputus; terganggu,JLPT_1 JLPT
研ぐ,とぐ,,"to sharpen, to grind, to polish",menggiling,JLPT_1 JLPT
特技,とくぎ,,special talent; skill,keterampilan,JLPT_1 JLPT Intermediate_Japanese_Ln.8 Intermediate_Japanese
独裁,どくさい,,"dictatorship, despotism",kediktatoran,JLPT_1 JLPT
特産,とくさん,,"specialty, special product",spesial,JLPT_1 JLPT
独自,どくじ,,"original, peculiar, characteristic",karakteristik; ciri,JLPT_1 JLPT
特集,とくしゅう,,"feature (e.g., newspaper, special edition, report)",spesial,JLPT_1 JLPT
独占,どくせん,,monopoly,monopoli,JLPT_1 JLPT
独創,どくそう,,originality,orisinalitas,JLPT_1 JLPT
得点,とくてん,,"score, points made",menandai,JLPT_1 JLPT
特派,とくは,,"send specially, special envoy",spesial,JLPT_1 JLPT
特有,とくゆう,,"characteristic (of, peculiar (to))",karakteristik; ciri,JLPT_1 JLPT
とげ (をさす),とげ (をさす),,thorn,duri,JLPT_1 JLPT
遂げる,とげる,,"to accomplish, to achieve, to carry out",mencapai,JLPT_1 JLPT
～どころか,～どころか,,"rather, far from",lebih baik; agak,JLPT_1 JLPT
年頃,としごろ,,"age, marriageable age, adolescence",usia; usia menikah; remaja,JLPT_1 JLPT
戸締り,とじまり,,"closing up, locking the doors",mengunci pintu; menutup pintu,JLPT_1 JLPT
途上,とじょう,,"en/in route, half way",dalam perjalanan; di tengah jalan,JLPT_1 JLPT
土台,どだい,,"foundation, base, basis",fondasi; dasar; yayasan,JLPT_1 JLPT
途絶える,とだえる,,"to stop, to cease, to come to an end",berhenti,JLPT_1 JLPT
特許,とっきょ,,"special permission, patent",spesial,JLPT_1 JLPT
特権,とっけん,,"privilege, special right",spesial,JLPT_1 JLPT
とっさに,とっさに,,at once,segera; seketika,JLPT_1 JLPT
突如,とつじょ,,"suddenly, all of a sudden",tiba-tiba,JLPT_1 JLPT
とって,とって,,"handle, grip, knob",menangani,JLPT_1 JLPT
突破,とっぱ,,"breaking through, breakthrough, penetration",solusi,JLPT_1 JLPT
土手,どて,,"embankment, bank",bank; tepi sungai,JLPT_1 JLPT
届,とどけ,,"report, notification, registration",laporan,JLPT_1 JLPT
滞る,とどこおる,,"to stagnate, to be delayed",ada; menjadi,JLPT_1 JLPT
整える,ととのえる,,"to put in order, to arrange, to adjust; to get ready, to prepare; to raise money",menyesuaikan,JLPT_1 JLPT
止める,とどめる,,"to end, to stop, to cease, to resign",mengakhiri; berhenti,JLPT_1 JLPT
唱える,となえる,,"to recite, to chant, to call upon",memanggil; menelepon,JLPT_1 JLPT
殿様,とのさま,,feudal lord,tuan tanah feodal,JLPT_1 JLPT
土俵,どひょう,,arena,arena,JLPT_1 JLPT
扉,とびら,,"door, opening",pendirian,JLPT_1 JLPT
溝,どぶ,,"ditch, drain, gap",menguras; mengalirkan,JLPT_1 JLPT
徒歩,とほ,,"walking, going on foot",pergi; berjalan,JLPT_1 JLPT
土木,どぼく,,public works,umum; publik,JLPT_1 JLPT
とぼける,とぼける,,"to play dumb, to feign ignorance, to play innocent, to have a blank facial expression; to play the fool; to be in one's dotage",pura-pura tidak tahu; berpura-pura tidak tahu,JLPT_1 JLPT
乏しい,とぼしい,,"meager, scarce, hard up, poor",keras; sulit,JLPT_1 JLPT
富,とみ,,"wealth, fortune",kekayaan,JLPT_1 JLPT
富む,とむ,,"to be rich, to become rich",ada; menjadi; menjadi kaya,JLPT_1 JLPT
共稼ぎ,ともかせぎ,,"working together, (husband and wife) earning a living together",bersama,JLPT_1 JLPT
伴う,ともなう,,"to accompany, to bring with",membawa,JLPT_1 JLPT
共働き,ともばたらき,,dual income (husband and wife both working),pendapatan,JLPT_1 Intermediate_Japanese_Ln.14 JLPT Intermediate_Japanese
ドライ,ドライ,,dry,kering,JLPT_1 JLPT
ドライクリーニング,ドライクリーニング,,dry cleaning,layanan,JLPT_1 JLPT
ドライバー,ドライバー,,"driver, screwdriver",pengemudi; obeng,JLPT_1 JLPT
ドライブイン,ドライブイン,,drive in,drive-in,JLPT_1 JLPT
トラブル,トラブル,,trouble (sometimes used as a verb),masalah; gangguan,JLPT_1 JLPT
トランジスター,トランジスター,,transistor,transistor,JLPT_1 JLPT
とりあえず,とりあえず,,"at once, first of all, for the time being",untuk sementara,JLPT_1 JLPT
取扱,とりあつかい,,"treatment, handling, management",pengobatan,JLPT_1 JLPT
取り扱う,とりあつかう,,"to treat, to handle, to deal in",menangani,JLPT_1 JLPT
鳥居,とりい,,Shinto shrine archway,gerbang torii; pintu gerbang kuil Shinto,JLPT_1 JLPT
取り替え,とりかえ,,"swap, exchange",pertukaran,JLPT_1 JLPT
取り組む,とりくむ,,"to tackle, to engage in a bout, to come to grips with",menghadapi; menangani,JLPT_1 JLPT
取締り,とりしまり,,"control, crackdown, supervision",mengendalikan,JLPT_1 JLPT
取り締まる,とりしまる,,"to crack down, to control, to supervise",mengendalikan,JLPT_1 JLPT
取り調べる,とりしらべる,,"to investigate, to examine",menyelidiki,JLPT_1 JLPT
取り立てる,とりたてる,,"to collect, to extort",mengumpulkan,JLPT_1 JLPT
取り次ぐ,とりつぐ,,"to act as an agent for, to announce (someone), to convey (a message)",bertindak; mengumumkan,JLPT_1 JLPT
取り付ける,とりつける,,"to furnish, to install; to get someone's agreement",mendapatkan; menjadi,JLPT_1 JLPT
取り除く,とりのぞく,,"to remove, to take away, to set apart",menghapus; mengangkat,JLPT_1 JLPT
取引,とりひき,,"transactions, dealings, business",perusahaan,JLPT_1 JLPT
取り巻く,とりまく,,"to surround, to circle, to enclose",untuk melampirkan; lingkaran,JLPT_1 JLPT
取り混ぜる,とりまぜる,,"to mix, to put together",mencampur,JLPT_1 JLPT
取り戻す,とりもどす,,"to take back, to regain",meninggalkan,JLPT_1 JLPT
取り寄せる,とりよせる,,"to order, to send away for",memesan,JLPT_1 JLPT
ドリル,ドリル,,drill,latihan; bor,JLPT_1 JLPT
副,とりわけ,,"especially, above all",terutama,JLPT_1 JLPT
とろける,とろける,,melt; to be enchanted with,ada; menjadi,JLPT_1 JLPT
鈍感,どんかん,,"thickheadedness, stolidity",tidak berperasaan; datar,JLPT_1 JLPT
とんだ,とんだ,,"terrible, awful, serious, absolutely not",serius,JLPT_1 JLPT
度忘れ,どわすれ,,"lapse of memory, forget for a moment",melupakan,JLPT_1 JLPT
問屋,とんや,,wholesale store,toko grosir,JLPT_1 JLPT
内閣,ないかく,,"cabinet, (government)",kabinet,JLPT_1 JLPT
乃至,ないし,,"from...to, between...and, or",atau,JLPT_1 JLPT
内緒,ないしょ,,"secrecy, privacy, secret",yang sangat rahasia; pribadi,JLPT_1 JLPT
内心,ないしん,,"innermost thoughts, real intention, inmost heart",terdalam; paling dalam; niat sebenarnya; relung hati,JLPT_1 JLPT
内蔵,ないぞう,,internal organ; built-in,internal; dalam,JLPT_1 JLPT
ナイター,ナイター,,"game under lights (e.g., baseball), night game",malam,JLPT_1 JLPT
内部,ないぶ,,"interior, inside, internal",pedalaman; di dalam,JLPT_1 JLPT
内乱,ないらん,,"civil war, domestic conflict",konflik,JLPT_1 JLPT
内陸,ないりく,,inland,pedalaman,JLPT_1 JLPT
苗,なえ,,rice seedling,nasi,JLPT_1 JLPT
なおさら,なおさら,,"all the more, still less",semua; seluruh,JLPT_1 JLPT
流し,ながし,,sink,tenggelam; merosot,JLPT_1 JLPT
長々,ながなが,,"long, drawn-out, very long",panjang,JLPT_1 JLPT
中程,なかほど,,"middle, midway",pertengahan; tengah,JLPT_1 JLPT
渚,なぎさ,,"water's edge, beach, shore",laut; bank,JLPT_1 JLPT
嘆く,なげく,,"to sigh, to lament, to grieve",menghela napas,JLPT_1 JLPT
投げ出す,なげだす,,"to abandon, to throw out",meninggalkan,JLPT_1 JLPT
仲人,なこうど,,"go-between, matchmaker",mak comblang; perantara,JLPT_1 JLPT
和やか,なごやか,,"mild, calm, harmonious",lembut; tersusun,JLPT_1 JLPT
名残,なごり,,"remains, traces, memory",ingatan; kenangan,JLPT_1 JLPT
情け,なさけ,,"sympathy, compassion",simpati; rasa kasihan,JLPT_1 JLPT
情無い,なさけない,,"miserable, pitiable, shameful",rendah hati; menyedihkan,JLPT_1 JLPT
情深い,なさけぶかい,,"tender-hearted, compassionate",lembut; empuk; berbelas kasih,JLPT_1 JLPT
詰る,なじる,,"to rebuke, to scold, to tell off",memarahi; menegur,JLPT_1 JLPT
名高い,なだかい,,"famous, celebrated, well-known",terkenal,JLPT_1 JLPT
雪崩,なだれ,,avalanche,longsoran salju,JLPT_1 JLPT
懐く,なつく,,to become emotionally attached,ada; menjadi,JLPT_1 JLPT
名付ける,なづける,,to name,nama,JLPT_1 JLPT
何気ない,なにげない,,"casual, unconcerned",ringan,JLPT_1 JLPT
なにとぞ,なにとぞ,,"please, kindly, by all means",mohon; silakan,JLPT_1 JLPT
なにより,なにより,,"most, best",paling; sebagian besar,JLPT_1 JLPT
ナプキン,ナプキン,,napkin,serbet,JLPT_1 JLPT
名札,なふだ,,"name plate, name tag",nama,JLPT_1 JLPT
生臭い,なまぐさい,,"smelling of fish or blood, fish or meat",ikan,JLPT_1 JLPT
生温い,なまぬるい,,"lukewarm, halfhearted",layu; setengah hati; tidak serius,JLPT_1 JLPT
生身,なまみ,,"living flesh, flesh and blood, the quick",cepat,JLPT_1 JLPT
鉛,なまり,,lead (the metal),memimpin,JLPT_1 JLPT
滑らか,なめらか,,"smoothness, glassiness",harmoni,JLPT_1 JLPT
嘗める,なめる,,to lick; to experience; to make fun of,pengalaman,JLPT_1 JLPT
悩ましい,なやましい,,"seductive, melancholy, languid",depresi ekonomi,JLPT_1 JLPT
悩ます,なやます,,"to bother, to harass, to molest",masalah,JLPT_1 JLPT
悩み,なやみ,,"trouble(s), worry, distress",khawatir,JLPT_1 JLPT Genki_Ln.19 Genki
並びに,ならびに,,and,dan,JLPT_1 JLPT
成り立つ,なりたつ,,"to consist of; to be practical (logical, feasible, viable), to be concluded, to hold true",ada; menjadi,JLPT_1 JLPT
なるたけ,なるたけ,,"as much as possible, if possible",mungkin,JLPT_1 JLPT
慣れ,なれ,,"practice, experience",pengalaman,JLPT_1 JLPT
馴々しい,なれなれしい,,"familiar, make free with",membuat,JLPT_1 JLPT
～なんか,～なんか,,in the least ~,dalam; di,JLPT_1 JLPT
ナンセンス,ナンセンス,,nonsense,arti,JLPT_1 JLPT
何だか,なんだか,,"a little, somewhat, somehow",agak,JLPT_1 JLPT Intermediate_Japanese Intermediate_Japanese_Ln.11
なんだかんだ,なんだかんだ,,something or other,sesuatu,JLPT_1 JLPT
なんなり,なんなり,,"anything, whatever",apa saja; apapun,JLPT_1 JLPT
荷,に,,"load, baggage, cargo",memuat; beban,JLPT_1 JLPT
似通う,にかよう,,to resemble closely,sangat mirip; menyerupai,JLPT_1 JLPT
にきび,にきび,,"pimple, acne",jerawat,JLPT_1 JLPT
賑わう,にぎわう,,"to prosper, to flourish, to be crowded with people",makmur; sejahtera; berkembang pesat; subur,JLPT_1 JLPT
憎しみ,にくしみ,,hatred,kebencian,JLPT_1 JLPT
肉親,にくしん,,"blood relationship, blood relative",darah,JLPT_1 JLPT
肉体,にくたい,,"the body, the flesh",(kata sandang),JLPT_1 JLPT
逃げ出す,にげだす,,"to run away, to escape from",melarikan diri,JLPT_1 JLPT
西日,にしび,,westering sun,matahari terbenam,JLPT_1 JLPT
滲む,にじむ,,"to run, to blur, to spread",berlari; menyebar,JLPT_1 JLPT
にせ物,にせもの,,"imitation, counterfeit",perilaku,JLPT_1 JLPT
日夜,にちや,,"day and night, always",selalu,JLPT_1 JLPT
荷造り,にづくり,,"packing, baling, crating",pengepakan,JLPT_1 JLPT
担う,になう,,"to carry on shoulder, to bear (burden), to shoulder (gun)",ada; menjadi,JLPT_1 JLPT
鈍る,にぶる,,"to become less capable, to grow dull, to become blunt, to weaken",tumbuh,JLPT_1 JLPT
にも関わらず,にもかかわらず,,"in spite of, nevertheless",meskipun; walaupun,JLPT_1 JLPT
ニュアンス,ニュアンス,,nuance,meaning implikasi,JLPT_1 JLPT
ニュー,ニュー,,new,baru,JLPT_1 JLPT
入手,にゅうしゅ,,"obtaining, coming to hand",memperoleh; mendapatkan,JLPT_1 JLPT
入賞,にゅうしょう,,winning a prize or place (in a contest,memenangkan hadiah; meraih tempat (dalam kontes),JLPT_1 JLPT
入浴,にゅうよく,,"bathe, bathing",mandi; berendam,JLPT_1 JLPT
尿,にょう,,urine,urin; air kencing,JLPT_1 JLPT
認識,にんしき,,"recognition, cognizance",persetujuan,JLPT_1 JLPT
妊娠,にんしん,,"conception, pregnancy",konsepsi; kehamilan,JLPT_1 JLPT
任務,にんむ,,"duty, mission, task",kewajiban,JLPT_1 JLPT
任命,にんめい,,"appointment, nomination, ordination",janji,JLPT_1 JLPT
抜かす,ぬかす,,"to omit, to leave out",menghilangkan; menghapus,JLPT_1 JLPT
抜け出す,ぬけだす,,"to slip out, to sneak away, to excel",tergelincir,JLPT_1 JLPT
主,ぬし,,"owner, master, god",menguasai,JLPT_1 JLPT Intermediate_Japanese_Ln.13 Intermediate_Japanese
沼,ぬま,,"swamp, bog, pond",rawa; gambut,JLPT_1 JLPT
音色,ねいろ,,"tone color, timbre",timbre; warna suara,JLPT_1 JLPT
値打ち,ねうち,,"value, worth, price",nilai; harga,JLPT_1 JLPT
ネガ,ネガ,,(photographic) negative,negatif; buruk,JLPT_1 JLPT
寝かせる,ねかせる,,"to put to bed, to lay down, to ferment",menidurkan; membaringkan,JLPT_1 JLPT
ねじまわし,ねじまわし,,screwdriver,obeng,JLPT_1 JLPT
捩れる,ねじれる,,"twist, strain",memelintir; memuntir,JLPT_1 JLPT
妬む,ねたむ,,"to be jealous, to be envious",ada; menjadi,JLPT_1 JLPT
ねだる,ねだる,,"to nag, to demand",permintaan,JLPT_1 JLPT
熱意,ねつい,,"zeal, enthusiasm",antusiasme; semangat,JLPT_1 JLPT
熱湯,ねっとう,,boiling water,air,JLPT_1 JLPT
熱量,ねつりょう,,calorific value,nilai,JLPT_1 JLPT
粘り,ねばり,,"stickiness, viscosity",kekentalan; viskositas,JLPT_1 JLPT
粘る,ねばる,,"to be sticky, to be adhesive, to persist, to stick to",ada; menjadi,JLPT_1 JLPT
値引き,ねびき,,"price reduction, discount",harga,JLPT_1 JLPT
根回し,ねまわし,,making necessary arrangements,perlu,JLPT_1 JLPT
眠たい,ねむたい,,sleepy,mengantuk,JLPT_1 JLPT
練る,ねる,,"to knead, to work over, to polish up",bekerja,JLPT_1 JLPT
念,ねん,,"sense, feeling, desire",perasaan; rasa,JLPT_1 JLPT
年賀,ねんが,,"New Year's greetings, New Year's card",baru,JLPT_1 JLPT
念願,ねんがん,,"one's heart's desire, earnest petition",keinginan hati; hasrat terdalam; permohonan tulus; permohonan serius,JLPT_1 JLPT
年号,ねんごう,,"name of an era, year number",angka; jumlah,JLPT_1 JLPT
燃焼,ねんしょう,,"burning, combustion",pembakaran; peradangan,JLPT_1 JLPT
年長,ねんちょう,,seniority,senioritas,JLPT_1 JLPT
燃料,ねんりょう,,fuel,bahan bakar; fuel,JLPT_1 JLPT
年輪,ねんりん,,annual tree ring,pohon,JLPT_1 JLPT
ノイローゼ,ノイローゼ,,neurosis (GER: Neurose),neurosis,JLPT_1 JLPT
農耕,のうこう,,"farming, agriculture",pertanian,JLPT_1 JLPT
農場,のうじょう,,farm,pertanian,JLPT_1 JLPT
農地,のうち,,agricultural land,lahan pertanian,JLPT_1 JLPT
納入,のうにゅう,,"payment, supply",pasokan,JLPT_1 JLPT
逃す,のがす,,"to let loose, to set free, to let escape",memisahkan,JLPT_1 JLPT
逃れる,のがれる,,to escape,melarikan diri,JLPT_1 JLPT
軒並,のきなみ,,row of houses; uniformly,deretan rumah; seragam,JLPT_1 JLPT
望ましい,のぞましい,,"desirable, hoped for",diharapkan; yang diinginkan,JLPT_1 JLPT
乗っ取る,のっとる,,"to capture, to occupy, to take over",menangkap,JLPT_1 JLPT
のどか,のどか,,"tranquil, calm, quiet",tenang; sunyi,JLPT_1 JLPT
罵る,ののしる,,"to speak ill of, to abuse",menjelek-jelekkan,JLPT_1 JLPT
延べ,のべ,,"futures, credit (buying), stretching, total",kontrak berjangka,JLPT_1 JLPT
飲み込む,のみこむ,,"to gulp down, to swallow deeply, to understand",mengerti,JLPT_1 JLPT Intermediate_Japanese_Ln.12 Intermediate_Japanese
乗り込む,のりこむ,,"to board, to get into (a car); to march into, to enter",mendapatkan; menjadi,JLPT_1 JLPT
刃,は,,"blade, sword",mata pisau; pedang,JLPT_1 JLPT
～派,～は,,"group, party, section (mil)",kelompok,JLPT_1 JLPT
バー,バー,,bar,bar; batang,JLPT_1 JLPT
把握,はあく,,"grasp, catch, understanding",menangkap,JLPT_1 JLPT
パート,パート,,part-time job,pekerjaan paruh waktu,JLPT_1 JLPT Intermediate_Japanese_Ln.8 Intermediate_Japanese
廃棄,はいき,,"disposal, abandon, discarding",meninggalkan,JLPT_1 JLPT
配給,はいきゅう,,"distribution (e.g., films, rice",nasi,JLPT_1 JLPT
ばい菌,ばいきん,,"bacteria, germ(s)",bakteri,JLPT_1 JLPT
配偶者,はいぐうしゃ,,spouse,pasangan nikah,JLPT_1 JLPT
拝啓,はいけい,,-- a formal greeting used at the beginning of a letter --,formal,Intermediate_Japanese_Ln.4 JLPT_1 JLPT Intermediate_Japanese
背景,はいけい,,"background, scenery, setting",latar belakang,JLPT_1 JLPT
背後,はいご,,"back, rear",belakang; kembali,JLPT_1 JLPT
廃止,はいし,,"abolition, repeal",penghapusan,JLPT_1 JLPT
拝借,はいしゃく,,(humble) (polite) borrowing,meminjam (kata sopan/humble),JLPT_1 JLPT
排除,はいじょ,,"exclusion, removal, rejection",pengecualian,JLPT_1 JLPT
賠償,ばいしょう,,"reparations, indemnity, compensation",pengobatan,JLPT_1 JLPT
排水,はいすい,,drainage,drainase; saluran pembuangan,JLPT_1 JLPT
敗戦,はいせん,,"defeat, losing a war",penghitung,JLPT_1 JLPT
配置,はいち,,"arrangement (of resources), disposition",disposisi,JLPT_1 JLPT
配布,はいふ,,distribution,distribusi,JLPT_1 JLPT
配分,はいぶん,,"distribution, allotment",distribusi,JLPT_1 JLPT
敗北,はいぼく,,defeat (as a verb it means 'to be defeated'),kekalahan; dikalahkan,JLPT_1 JLPT
倍率,ばいりつ,,"diameter, magnification",diameter; perbesaran,JLPT_1 JLPT
配慮,はいりょ,,"consideration, concern, forethought",pertimbangan,JLPT_1 JLPT
配列,はいれつ,,"arrangement, array (programming)",pengaturan; penyusunan,JLPT_1 JLPT
破壊,はかい,,destruction,kepunahan,JLPT_1 JLPT
いたわる,いたわる,,"to sympathize with, to console, to care for",untuk bersimpati dengan,JLPT_1 JLPT
一概に,いちがいに,,"unconditionally, necessarily",tanpa syarat; tidak harus; tidak selalu,JLPT_1 JLPT
著しい,いちじるしい,,"remarkable, considerable",menyolok,JLPT_1 JLPT
一同,いちどう,,"all present, all concerned, all of us",semua; seluruh,JLPT_1 JLPT
一部分,いちぶぶん,,"a part, a portion",sebuah; suatu,JLPT_1 JLPT
一別,いちべつ,,parting,perpisahan; berpisah,JLPT_1 JLPT
一面,いちめん,,"one side, the other hand",satu; seseorang; (kata sandang),JLPT_1 JLPT
一目,いちもく,,"a glance, a look, a glimpse",sebuah; suatu,JLPT_1 JLPT
一様,いちよう,,"uniform, similar, equal",mirip,JLPT_1 JLPT
一律,いちりつ,,"even, uniform, equal",seragam; seragam,JLPT_1 JLPT
一連,いちれん,,"a series, a chain, a ream (of paper)",sebuah; suatu,JLPT_1 JLPT
一括,いっかつ,,"all together, batch",semua; seluruh,JLPT_1 JLPT
一気,いっき,,"at one push, in one gulp",di; pada; dalam; di,JLPT_1 JLPT
一挙に,いっきょに,,"at a stroke, with a single swoop",di; pada,JLPT_1 JLPT
一見,いっけん,,"a look, a glimpse, glance; first meeting",sebuah; suatu; pertama; pertama kali,JLPT_1 JLPT
一切,いっさい,,"without exception, the whole",(kata sandang),JLPT_1 JLPT
一心,いっしん,,"one mind, with rapt attention",satu; seseorang,JLPT_1 JLPT
いっそ,いっそ,,"rather, sooner, might as well",lebih baik; agak,JLPT_1 JLPT
一変,いっぺん,,complete change,perubahan,JLPT_1 JLPT
意図,いと,,"intention, aim, design",bertujuan,JLPT_1 JLPT
営む,いとなむ,,"to carry on (e.g., in ceremony), to run a business",dalam; di,JLPT_1 JLPT
挑む,いどむ,,to challenge,tantangan,JLPT_1 JLPT
稲光,いなびかり,,(flash of) lightning,kilatan petir; kilat,JLPT_1 JLPT
祈り,いのり,,"prayer, supplication",mengharapkan,JLPT_1 JLPT
いびき,いびき,,snoring,mendengkur,JLPT_1 JLPT
今更,いまさら,,"now, again",sekarang,JLPT_1 JLPT
未だ,いまだ,,"yet, still",belum; namun,JLPT_1 JLPT
移民,いみん,,"emigrant, immigrant",emigran; imigran,JLPT_1 JLPT
嫌々,いやいや,,"reluctantly, by no means, unwillingly",oleh; dengan; dekat,JLPT_1 JLPT
卑しい,いやしい,,"greedy, vulgar, shabby",serakah; vulgar; lusuh,JLPT_1 JLPT
いやに,いやに,,"awfully, terribly",sangat; sangat buruk,JLPT_1 JLPT
いやらしい,いやらしい,,"unpleasant, disgusting, indecent",tidak menyenangkan,JLPT_1 JLPT
意欲,いよく,,"will, desire, ambition",akan; kehendak,JLPT_1 JLPT
威力,いりょく,,"power, might, authority",kekuatan; daya,JLPT_1 JLPT
衣類,いるい,,"clothes, clothing, garments",pakaian,JLPT_1 JLPT
異論,いろん,,"different opinion, objection",berbeda,JLPT_1 JLPT
印鑑,いんかん,,"stamp, seal",menyegel; menutup rapat,JLPT_1 JLPT
陰気,いんき,,"gloom, melancholy",depresi ekonomi,JLPT_1 JLPT
隠居,いんきょ,,retirement; retired person,orang,JLPT_1 JLPT
インターチェンジ,インターチェンジ,,interchange,pertukaran; simpang susun,JLPT_1 JLPT
インターナショナル,インターナショナル,,international,internasional,JLPT_1 JLPT
インターフォン,インターフォン,,"entry phone, intercom",interkom; bel masuk,JLPT_1 JLPT
インテリ,インテリ,,"(abbr.) egghead, intelligentsia",(singkatan),JLPT_1 JLPT
インフォメーション,インフォメーション,,information,informasi,JLPT_1 JLPT
インフレ,インフレ,,(abbr.) inflation,(singkatan),JLPT_1 JLPT
受かる,うかる,,to pass (examination),lulus (ujian),JLPT_1 JLPT
受け入れ,うけいれ,,"receiving, acceptance",terima,JLPT_1 JLPT
受け入れる,うけいれる,,"to accept, to receive",menerima,JLPT_1 JLPT
受け継ぐ,うけつぐ,,"to inherit, to succeed",berhasil,JLPT_1 JLPT
受け付ける,うけつける,,"to be accepted, to receive (an application)",ada; menjadi,JLPT_1 JLPT
受け止める,うけとめる,,"to catch, to react to, to take",menangkap; mengambil,JLPT_1 JLPT
受身,うけみ,,"passive, passive voice",lewat; melewati,JLPT_1 JLPT
受持ち,うけもち,,"charge (of something), matter in one's charge",biaya; dakwaan; mengisi daya,JLPT_1 JLPT
動き,うごき,,"movement, activity, trend",tren,JLPT_1 JLPT
埋める,うずめる,,"to bury, to fill",mengubur; mengisi; memenuhi,JLPT_1 JLPT
嘘つき,うそつき,,liar,pembohong; penipu,JLPT_1 JLPT
うたた寝,うたたね,,"dozing, napping",mengantuk; mengangguk-angguk; tidur siang sebentar,JLPT_1 JLPT
打ち明ける,うちあける,,"to confess, to be open",mengaku,JLPT_1 JLPT
打ち切る,うちきる,,"to stop, to abort, to discontinue, to close",berhenti,JLPT_1 JLPT
打ち消し,うちけし,,"(gram) negation, denial, negative",negatif; buruk,JLPT_1 JLPT
打ち込む,うちこむ,,"to devote oneself to, to shoot into",mendedikasikan diri; menembakkan ke,JLPT_1 JLPT
団扇,うちわ,,fan,penggemar; kipas angin,JLPT_1 JLPT
内訳,うちわけ,,"the items, breakdown, classification",klasifikasi,JLPT_1 JLPT
写し,うつし,,"copy, duplicate","salinan, karya, teks, dll.)",JLPT_1 JLPT
訴え,うったえ,,"lawsuit, complaint",litigasi; tuduhan,JLPT_1 JLPT
うっとうしい,うっとうしい,,"weary, annoying",berisik,JLPT_1 JLPT
うつむく,うつむく,,"to look downward, to stoop",melihat,JLPT_1 JLPT
空ろ,うつろ,,"blank, hollow, empty",kosong,JLPT_1 JLPT
器,うつわ,,"bowl, vessel, container",pembuluh,JLPT_1 JLPT
腕前,うでまえ,,"ability, skill, facility",kemampuan; keterampilan,JLPT_1 JLPT
雨天,うてん,,rainy weather,hujan,JLPT_1 JLPT
促す,うながす,,"to urge, to suggest, to demand",permintaan,JLPT_1 JLPT
うぬぼれ,うぬぼれ,,"pretension, conceit, hubris",kesombongan,JLPT_1 JLPT
生まれつき,うまれつき,,"by nature, by birth, native",oleh; dengan; dekat,JLPT_1 JLPT
埋め込む,うめこむ,,"to embed, implant",implan,JLPT_1 JLPT
梅干し,うめぼし,,dried plum,plum kering; umeboshi,JLPT_1 JLPT
裏返し,うらがえし,,"inside out, reverse",membalikkan,JLPT_1 JLPT
売り出し,うりだし,,(bargain) sale,obral; penjualan murah,JLPT_1 JLPT
売り出す,うりだす,,"to put on sale, to market",pasar,JLPT_1 JLPT
潤う,うるおう,,to be moist; to profit by,ada; menjadi,JLPT_1 JLPT
浮気,うわき,,"affair, to cheat",insiden; untuk menipu,JLPT_1 JLPT
上回る,うわまわる,,to exceed,melampaui,JLPT_1 JLPT
植わる,うわる,,to be planted,ada; menjadi,JLPT_1 JLPT
運営,うんえい,,"management, administration, operation",manajemen; pengelolaan; administrasi,JLPT_1 JLPT
うんざり,うんざり,,"tedious, boring, being fed up with",membosankan,JLPT_1 JLPT
運送,うんそう,,"shipping, freight",pengiriman; angkutan barang,JLPT_1 JLPT
運賃,うんちん,,"freight rates, shipping expenses, (passenger) fare",tarif angkut; ongkos kirim; ongkos penumpang,JLPT_1 JLPT Intermediate_Japanese_Ln.10 Intermediate_Japanese
云々,うんぬん,,"and so on, and so forth",dan,JLPT_1 JLPT
運搬,うんぱん,,"transport, carriage",mengangkut; transportasi,JLPT_1 JLPT
運命,うんめい,,fate,takdir; nasib,JLPT_1 JLPT
運輸,うんゆ,,transportation,mengangkut,JLPT_1 JLPT
運用,うんよう,,"making use of, application, practical use",aplikasi; penerapan,JLPT_1 JLPT
エアメール,エアメール,,air mail,udara,JLPT_1 JLPT
～営,～えい,,~ run,berlari ~; lari ~,JLPT_1 JLPT
英字,えいじ,,English letter (character),huruf Inggris; karakter bahasa Inggris,JLPT_1 JLPT
映写,えいしゃ,,projection,proyeksi; pemutaran film,JLPT_1 JLPT
映像,えいぞう,,"reflection, image",refleksi; pantulan,JLPT_1 JLPT
英雄,えいゆう,,"hero, great man",sangat baik,JLPT_1 JLPT
液,えき,,"liquid, fluid",cair; cairan,JLPT_1 JLPT
閲覧,えつらん,,"inspection, reference, browse",penyelidikan; kiasan,JLPT_1 JLPT
獲物,えもの,,"game, spoils, trophy",pertempuran,JLPT_1 JLPT
襟,えり,,"neck, collar",leher; kerah,JLPT_1 JLPT
エレガント,エレガント,,elegant,elegan; anggun,JLPT_1 JLPT
円滑,えんかつ,,"harmony, smoothness",harmoni; keselarasan,JLPT_1 JLPT
縁側,えんがわ,,"veranda, porch, balcony, open corridor",membuka,JLPT_1 JLPT
沿岸,えんがん,,"coast, shore",bank,JLPT_1 JLPT
婉曲,えんきょく,,"euphemistic, indirect, insinuating",tidak langsung,JLPT_1 JLPT
演出,えんしゅつ,,"production (erg. play, direction)",produksi,JLPT_1 JLPT
エンジニア,エンジニア,,engineer,technician insinyur,JLPT_1 JLPT
演じる,えんじる,,"to perform, to play (a part), to act",tindakan,JLPT_1 JLPT
演ずる,えんずる,,"to perform, to play (a part), to act",tindakan,JLPT_1 JLPT
沿線,えんせん,,along railway line,di sepanjang jalur kereta,JLPT_1 JLPT
縁談,えんだん,,marriage proposal,pernikahan,JLPT_1 JLPT
遠方,えんぽう,,"long way, distant place",panjang,JLPT_1 JLPT
円満,えんまん,,"harmony, peace, smoothness",perdamaian,JLPT_1 JLPT
追い込む,おいこむ,,"to herd, to corner, to drive",mengemudi,JLPT_1 JLPT
追い出す,おいだす,,"to expel, to drive out",mengusir; mengeluarkan,JLPT_1 JLPT
於いて,おいて,,"at, in, on",di; pada; dalam; di,JLPT_1 JLPT
老いる,おいる,,"to age, to grow old",tumbuh,JLPT_1 JLPT
応急,おうきゅう,,emergency,darurat,JLPT_1 JLPT
黄金,おうごん,,gold,uang,JLPT_1 JLPT
往診,おうしん,,"doctor's visit, house call",rumah,JLPT_1 JLPT
応募,おうぼ,,"subscription, application",aplikasi; penerapan,JLPT_1 JLPT
おおい (かん),おおい (かん),,hey,hei!,JLPT_1 JLPT
大方,おおかた,,"almost all, majority",orang dewasa,JLPT_1 JLPT
大柄,おおがら,,"large build, large pattern",pola,JLPT_1 JLPT
おおげさ,おおげさ,,"grandiose, exaggerated",berlebihan,JLPT_1 JLPT
大筋,おおすじ,,"outline, summary",garis besar; ringkasan,JLPT_1 JLPT
大空,おおぞら,,"heaven, the sky",(kata sandang),JLPT_1 JLPT
オートマチック,オートマチック,,automatic,otomatis,JLPT_1 JLPT
大幅,おおはば,,"full width, large scale, drastic",besar,JLPT JLPT_1 MediaMissing
おおまかな,おおまかな,,"rough, approximate",kasar,JLPT_1 JLPT
大水,おおみず,,flood,banjir,JLPT_1 JLPT
公,おおやけ,,public,umum; publik,JLPT_1 JLPT
犯す,おかす,,"to perpetrate, to violate",mengalahkan,JLPT_1 JLPT
侵す,おかす,,"to invade, to raid, to trespass",merusak,JLPT_1 JLPT
臆病,おくびょう,,"cowardice, timidity",ketakutan; pengecut,JLPT_1 JLPT
遅らす,おくらす,,"to retard, to delay",menunda,JLPT_1 JLPT
厳か,おごそか,,"majestic, dignified",agung; berwibawa,JLPT_1 JLPT
行い,おこない,,"conduct, behavior, action",perilaku,JLPT_1 JLPT
おごる (ゆうしょくを～),おごる (ゆうしょくを～),,to give (someone) a treat,"meal, drink, etc.)",JLPT_1 JLPT
収まる,おさまる,,to settle into; to be obtained,menyelesaikan; menetap,JLPT_1 JLPT
納まる,おさまる,,to settle into; to be obtained,menyelesaikan; menetap,JLPT_1 JLPT
治まる,おさまる,,"to be at peace, to calm down",ada; menjadi,JLPT_1 JLPT
お産,おさん,,(giving) birth,kelahiran,JLPT_1 JLPT
押し切る,おしきる,,to have one's own way,memaksakan kehendak sendiri,JLPT_1 JLPT
押し込む,おしこむ,,"to push into, to crowd into",mendorong,JLPT_1 JLPT
惜しむ,おしむ,,"to be frugal, to value, to regret",nilai,JLPT_1 JLPT
押し寄せる,おしよせる,,"to push aside, to advance on",maju,JLPT_1 JLPT
雄,おす,,male (animal),jantan (hewan),JLPT_1 JLPT
御世辞,おせじ,,"flattery, compliment",pujian,JLPT_1 JLPT
襲う,おそう,,to attack,menyerang,JLPT_1 JLPT
遅くとも,おそくとも,,at the latest,di; pada,JLPT_1 JLPT
恐れ,おそれ,,"fear, horror",kecemasan,JLPT_1 JLPT
恐れ入る,おそれいる,,"to be filled with awe, to feel small",merasa,JLPT_1 JLPT
おだてる,おだてる,,to flatter,memuji-muji; mengambil hati,JLPT_1 JLPT
落ち込む,おちこむ,,to get depressed,mendapatkan; menjadi,JLPT_1 Genki_Ln.16 JLPT Genki
落ち着き,おちつき,,"calm, composure",tersusun,JLPT_1 JLPT
落葉,おちば,,fallen leaves,berguguran,JLPT_1 JLPT
乙,おつ,,2nd in rank,peringkat kedua; urutan kedua,JLPT_1 JLPT
お使い,おつかい,,errand,pesan,JLPT_1 JLPT
おっかない,おっかない,,"frightening, scary",menakutkan; seram,JLPT_1 JLPT
お手上げ,おてあげ,,"given in, given up hope",harapan,JLPT_1 JLPT
おどおど,おどおど,,"coweringly, hesitantly",dengan penuh rasa takut; ragu-ragu,JLPT_1 JLPT
脅す,おどす,,"to threaten, to menace",mengancam,JLPT_1 JLPT
訪れる,おとずれる,,to visit,mengunjungi,JLPT_1 JLPT
お供,おとも,,"attendant, companion",kenalan,JLPT_1 JLPT
衰える,おとろえる,,"to become weak, to decline",kemunduran; penurunan,JLPT_1 JLPT
同い年,おないどし,,of the same age,sama,JLPT_1 JLPT
自ずから,おのずから,,"naturally, as a matter of course",secara alami,JLPT_1 JLPT
怯える,おびえる,,to become frightened,ada; menjadi,JLPT_1 JLPT
おびただしい,おびただしい,,"abundantly, innumerably",dengan melimpah; tak terhitung,JLPT_1 JLPT
脅かす,おびやかす,,"to threaten, to coerce",mengancam,JLPT_1 JLPT
帯びる,おびる,,"to bear, to carry, to be entrusted",membawa,JLPT_1 JLPT
お袋,おふくろ,,mother,ibu,JLPT_1 JLPT
覚え,おぼえ,,"memory, sense, experience",ingatan; kenangan; pengalaman,JLPT_1 JLPT
おまけ,おまけ,,a discount; something additional,sebuah; suatu,JLPT_1 JLPT
お宮,おみや,,Shinto shrine,kuil Shinto,JLPT_1 JLPT
おむつ,おむつ,,"diaper, nappy",popok bayi,JLPT_1 JLPT
思い付き,おもいつき,,"plan, idea, suggestion",rencana; ide; gagasan,JLPT_1 JLPT
趣,おもむき,,"flavor, appearance, quaint",penampilan; tampilan,JLPT_1 JLPT
赴く,おもむく,,"to go, to proceed",pergi,JLPT_1 JLPT
重んじる,おもんじる,,"to respect, to honor, to esteem, to prize",melihat; nilai,JLPT_1 JLPT
重んずる,おもんずる,,"to honor, to respect, to value",nilai,JLPT_1 JLPT
親父,おやじ,,"one's father, old man, one's boss",orang tua,JLPT_1 JLPT
及び,および,,"and, as well as",dan,JLPT_1 JLPT
及ぶ,およぶ,,"to reach, to extend",mencapai; memperluas; memperpanjang,JLPT_1 JLPT
折,おり,,"chance, occasion",kesempatan,JLPT_1 JLPT
檻,おり,,"cage, pen, jail cell",pena,JLPT_1 JLPT
オリエンテーション,オリエンテーション,,orientation,orientasi,JLPT_1 JLPT
折り返す,おりかえす,,"to turn up, to fold back",muncul; meningkatkan volume,JLPT_1 JLPT
織物,おりもの,,"textile, fabric",tekstil; kain,JLPT_1 JLPT
俺,おれ,,I (ego) (boastful first-person pronoun),Saya; Aku (kata ganti pertama yang sombong),JLPT_1 JLPT
愚か,おろか,,"foolish, stupid",bodoh; dungu,JLPT_1 JLPT
おろそか,おろそか,,"neglect, negligence, carelessness",mengabaikan; lalai,JLPT_1 JLPT
おんぶ,おんぶ,,carrying on one's back (erg. Baby),membawa,JLPT_1 JLPT
オンライン,オンライン,,on-line,online; daring,JLPT_1 JLPT
温和,おんわ,,"gentle, mild, moderate",lembut,JLPT_1 JLPT
我,が～,,ego,ego; diri sendiri,JLPT_1 JLPT
カーペット,カーペット,,carpet,karpet,JLPT_1 JLPT
～界,～かい,,"world, circle, kingdom",masyarakat; lingkaran,JLPT_1 JLPT
～街,～がい,,town,kota,JLPT_1 JLPT
改悪,かいあく,,"deterioration, changing for the worse",penurunan; memburuk,JLPT_1 JLPT
海運,かいうん,,marine transportation,laut; angkatan laut,JLPT_1 JLPT
外貨,がいか,,foreign money,uang,JLPT_1 JLPT
改革,かいかく,,"reform, reformation, innovation",reformasi; inovasi,JLPT_1 JLPT
貝殻,かいがら,,shell,cangkang,JLPT_1 JLPT
外観,がいかん,,"appearance, exterior, facade",penampilan; tampilan,JLPT_1 JLPT
階級,かいきゅう,,"class, rank, grade",kelas,JLPT_1 JLPT
海峡,かいきょう,,channel,selat,JLPT_1 JLPT
会見,かいけん,,"interview, conference",konferensi; rapat,JLPT_1 JLPT
介護,かいご,,nursing,keperawatan,JLPT_1 JLPT
開催,かいさい,,"holding a meeting, open an exhibition",membuka,JLPT_1 JLPT
回収,かいしゅう,,"collection, recovery",koleksi; kumpulan,JLPT_1 JLPT
改修,かいしゅう,,"repair, improvement",peningkatan; perbaikan,JLPT_1 JLPT
怪獣,かいじゅう,,monster,monster; makhluk besar,JLPT_1 JLPT
解除,かいじょ,,"cancellation, release, cancel",membatalkan,JLPT_1 JLPT
外相,がいしょう,,Foreign Minister,asing; luar negeri,JLPT_1 JLPT
害する,がいする,,"to harm, to offend",menyakiti; merusak,JLPT_1 JLPT
概説,がいせつ,,"general statement, outline",garis besar; ringkasan,JLPT_1 JLPT
回送,かいそう,,forwarding,penerusan,JLPT_1 JLPT
階層,かいそう,,"class, level, stratum, hierarchy",kelas; tingkat; level,JLPT_1 JLPT
開拓,かいたく,,"cultivation, pioneer",budidaya; pengolahan,JLPT_1 JLPT
会談,かいだん,,"conversation, interview",wawancara,JLPT_1 JLPT
改定,かいてい,,reform,reformasi,JLPT_1 JLPT
改訂,かいてい,,revision,revisi,JLPT_1 JLPT
ガイド,ガイド,,guide,bimbingan,JLPT_1 JLPT
街道,かいどう,,highway,hambatan,JLPT_1 JLPT
該当,がいとう,,"corresponding, answering to, coming under",sesuai; termasuk,JLPT_1 JLPT
街頭,がいとう,,in the street,jalan,JLPT_1 JLPT
ガイドブック,ガイドブック,,guidebook,buku panduan,JLPT_1 JLPT
介入,かいにゅう,,intervention,intervensi,JLPT_1 JLPT
概念,がいねん,,"general idea, concept, notion",konsep,JLPT_1 JLPT
開発,かいはつ,,"development, exploitation",perkembangan,JLPT_1 JLPT
海抜,かいばつ,,height above sea level,tingkat; level,JLPT_1 JLPT
介抱,かいほう,,"nursing, looking after",melihat,JLPT_1 JLPT
解剖,かいぼう,,"dissection, autopsy",autopsi,JLPT_1 JLPT
外来,がいらい,,"(abbr.) imported, outpatient clinic",(singkatan),JLPT_1 JLPT
回覧,かいらん,,circulation,sirkulasi; peredaran,JLPT_1 JLPT
概略,がいりゃく,,"outline, summary, gist",garis besar; ringkasan,JLPT_1 JLPT
海流,かいりゅう,,ocean current,samudra,JLPT_1 JLPT
改良,かいりょう,,"improvement, reform",peningkatan; perbaikan; reformasi,JLPT_1 JLPT
回路,かいろ,,circuit (electric),sirkuit; rangkaian,JLPT_1 JLPT
海路,かいろ,,sea route,jalur laut,JLPT_1 JLPT
省みる,かえりみる,,to reflect,mencerminkan; merenungkan,JLPT_1 JLPT
顧みる,かえりみる,,"to look back, to turn around, to review",meninjau,JLPT_1 JLPT
顔付き,かおつき,,facial expression,ekspresi; ungkapan,JLPT_1 JLPT
課外,かがい,,extracurricular,ekstrakurikuler,JLPT_1 JLPT
掲げる,かかげる,,"to hoist, to fly (a sail), to float (a flag)",mengibarkan; menaikkan layar,JLPT_1 JLPT
かかと,かかと,,shoe heel,tumit sepatu,JLPT_1 JLPT
書き取る,かきとる,,"to write down, to take dictation",mencatat; mengambil,JLPT_1 JLPT
掻き回す,かきまわす,,"to stir up, to churn, to disturb",mengaduk,JLPT_1 JLPT
かく (はじを),かく (はじを),,to humiliate oneself,mempermalukan diri sendiri,JLPT_1 JLPT
～画,～かく,,~ strokes,~ goresan; ~ sapuan,JLPT_1 JLPT
学芸,がくげい,,"arts and sciences, liberal arts",liberal,JLPT_1 JLPT
格差,かくさ,,"difference, disparity",perbedaan,JLPT_1 JLPT
拡散,かくさん,,"scattering, diffusion",sebuah; menyebar,JLPT_1 JLPT
学士,がくし,,university graduate,universitas,JLPT_1 JLPT
各種,かくしゅ,,"every kind, all sorts",setiap; semua; seluruh,JLPT_1 JLPT
隔週,かくしゅう,,every other week,minggu,JLPT_1 JLPT
確信,かくしん,,"conviction, confidence",keyakinan; hukuman,JLPT_1 JLPT
革新,かくしん,,"reform, innovation",reformasi; inovasi,JLPT_1 JLPT
学説,がくせつ,,theory,teori,JLPT_1 JLPT
確定,かくてい,,"fixed, decision",keputusan,JLPT_1 JLPT
カクテル,カクテル,,cocktail,koktail,JLPT_1 JLPT
獲得,かくとく,,"acquisition, possession",akuisisi,JLPT_1 JLPT
楽譜,がくふ,,"score (music, sheet music)",partitur musik,JLPT_1 JLPT
確保,かくほ,,"guarantee, insure, secure",keamanan,JLPT_1 JLPT
革命,かくめい,,revolution,revolusi,JLPT_1 JLPT
確立,かくりつ,,establishment,pendirian; pembentukan,JLPT_1 JLPT
賭,かけ,,"betting, gambling, a gamble",sebuah; suatu,JLPT_1 JLPT
掛～,かけ～,,credit,mengklaim,JLPT_1 JLPT
～掛け,～かけ,,"rack, hanger",rak; gantungan,JLPT_1 JLPT
崖,がけ,,cliff,tebing,JLPT_1 JLPT
駆け足,かけあし,,"running fast, double time",waktu,JLPT_1 JLPT
家計,かけい,,"household economy, family finances",keluarga,JLPT_1 JLPT
駆けっこ,かけっこ,,(foot) race,lomba lari,JLPT_1 JLPT
加工,かこう,,"manufacturing, processing, treatment",manufaktur; pengobatan,JLPT_1 JLPT
化合,かごう,,chemical combination,kombinasi kimia; senyawa kimia,JLPT_1 JLPT
かさばる,かさばる,,to be bulky,ada; menjadi,JLPT_1 JLPT
かさむ,かさむ,,"to pile up, to increase",meningkat,JLPT_1 JLPT
箇条書,かじょうがき,,"itemized form, itemization",formulir terperinci; perincian item,JLPT_1 JLPT
頭,かしら,,"head, chief",kepala; pemimpin,JLPT_1 JLPT
微か,かすか,,"faint, dim, weak",lemah,JLPT_1 JLPT
霞む,かすむ,,"to grow hazy, to be misty",tumbuh,JLPT_1 JLPT
擦る,かする,,"to rub, to chafe",menggosok,JLPT_1 JLPT
火星,かせい,,Mars,Mars (planet),JLPT_1 JLPT
化石,かせき,,"fossil, petrifaction, fossilization",fosil,JLPT_1 JLPT
河川,かせん,,rivers,sungai-sungai,JLPT_1 JLPT
化繊,かせん,,synthetic fibers,sintetis; buatan,JLPT_1 JLPT
過疎,かそ,,depopulation,depopulasi,JLPT_1 JLPT
片～,かた～,,single ~,tunggal ~; satu ~,JLPT_1 JLPT
片言,かたこと,,"broken (in reference to speaking style, e.g., Japanese)",Jepang,JLPT_1 JLPT Intermediate_Japanese_Ln.13 Intermediate_Japanese
傾ける,かたむける,,"to incline, to tilt, to bend",ada; menjadi,JLPT_1 JLPT
固める,かためる,,"to harden, to freeze, to fortify",mengeras; menjadi keras,JLPT_1 JLPT
傍ら,かたわら,,"beside(s, while, nearby",namun; dalam,JLPT_1 JLPT
花壇,かだん,,flower bed,bunga,JLPT_1 JLPT
家畜,かちく,,"domestic animals, livestock, cattle",domestik; dalam negeri,JLPT_1 JLPT
且つ,かつ,,"yet, and",belum; namun; dan,JLPT_1 JLPT
がっくり,がっくり,,heartbroken,patah hati,JLPT_1 JLPT
合唱,がっしょう,,"chorus, singing in a chorus",koor; bernyanyi bersama,JLPT_1 JLPT
がっしり,がっしり,,"firmly, solidly, tough",dengan tegas; kuat,JLPT_1 JLPT
合致,がっち,,"agreement, concurrence, conforming to",perjanjian,JLPT_1 JLPT
がっちり,がっちり,,"solidly built, tightly",dengan tepat,JLPT_1 JLPT
かつて,かつて,,"once, before, formerly",sebelum; di depan,JLPT_1 JLPT
勝手,かって,,"kitchen; one's way, selfishness",dapur,JLPT_1 JLPT
カット,カット,,"cut, cutting",memotong,JLPT_1 JLPT
活発,かっぱつ,,"vigor, active",aktif,JLPT_1 JLPT
合併,がっぺい,,"combination, amalgamation, merger",merger; penggabungan,JLPT_1 JLPT
カテゴリー,カテゴリー,,category,kategori,JLPT_1 JLPT
叶う,かなう,,to come true,menjadi kenyataan; terwujud,JLPT_1 JLPT
叶える,かなえる,,"to grant (request, wish)",hibah,JLPT_1 JLPT
金槌,かなづち,,(iron) hammer,palu besi,JLPT_1 JLPT
かなわない,かなわない,,"be beyond one's power, be unable",di luar kemampuan; tidak mampu,JLPT_1 JLPT
加入,かにゅう,,"becoming a member, admission",menjadi anggota; penerimaan,JLPT_1 JLPT
予て,かねて,,"previously, already, lately",sudah,JLPT_1 JLPT
庇う,かばう,,"to protect someone, to&nbsp;&nbsp;cover up for someone",melindungi,JLPT_1 JLPT
株式,かぶしき,,stock,saham; stok,JLPT_1 JLPT
かぶれる,かぶれる,,to react to; to be influenced by,ada; menjadi,JLPT_1 JLPT
花粉,かふん,,pollen,serbuk sari; pollen,JLPT_1 JLPT
貨幣,かへい,,"money, currency, coinage",uang,JLPT_1 JLPT
構える,かまえる,,to set up,mendirikan; mengatur,JLPT_1 JLPT
過密,かみつ,,crowded,padat; penuh,JLPT_1 JLPT
噛み切る,かみきる,,"to bite off, to gnaw through",menggigit,JLPT_1 JLPT
カムバック,カムバック,,comeback,kembali,JLPT_1 JLPT
カメラマン,カメラマン,,cameraman,juru kamera,JLPT_1 JLPT
粥,かゆ,,rice porridge,nasi,JLPT_1 JLPT
体付き,からだつき,,"body build, figure",tubuh; badan,JLPT_1 JLPT
絡む,からむ,,"to entangle, to entwine",menjerat; melilit,JLPT_1 JLPT
かりに,かりに,,"temporarily; if, for argument's sake",jika; apabila,JLPT_1 JLPT
カルテ,カルテ,,clinical records (GER: Karte),rekam medis,JLPT_1 JLPT
ガレージ,ガレージ,,garage (at house),garasi rumah,JLPT_1 JLPT
過労,かろう,,"overwork, strain",memelintir,JLPT_1 JLPT
かろうじて,かろうじて,,"barely, narrowly",tidak,JLPT_1 JLPT
交す,かわす,,to exchange,pertukaran,JLPT_1 JLPT
代る代る,かわるがわる,,alternately,secara bergiliran,JLPT_1 JLPT
簡易,かんい,,"simplicity, easiness, quasi-",kesederhanaan,JLPT_1 JLPT
灌漑,かんがい,,irrigation,irigasi; pengairan,JLPT_1 JLPT
眼科,がんか,,ophthalmology,kedokteran mata,JLPT_1 JLPT
眼球,がんきゅう,,eyeball,bola mata,JLPT_1 JLPT
玩具,がんぐ,,toy,mainan,JLPT_1 JLPT
簡潔,かんけつ,,"brevity, concise, simple",sederhana,JLPT_1 JLPT
還元,かんげん,,"resolution, reduction, return",kembali; pengembalian,JLPT_1 JLPT
看護,かんご,,nursing,keperawatan,JLPT_1 JLPT
漢語,かんご,,"Chinese word, Sino-Japanese word",kata Cina-Jepang; kata sinojepang,JLPT_1 JLPT
頑固,がんこ,,"stubbornness, obstinacy",orang yang keras kepala,JLPT_1 JLPT
勧告,かんこく,,"advice, counsel",saran; nasihat,JLPT_1 JLPT
換算,かんさん,,"conversion, change, exchange",perubahan; pertukaran,JLPT_1 JLPT
監視,かんし,,"observation, guarding, surveillance",observasi; pengamatan,JLPT_1 JLPT
慣習,かんしゅう,,usual (historical) custom,adat; kebiasaan,JLPT_1 JLPT
観衆,かんしゅう,,"spectators, audience",penonton; hadirin,JLPT_1 JLPT
願書,がんしょ,,application form,aplikasi; penerapan,JLPT_1 JLPT
干渉,かんしょう,,"interference, intervention",intervensi,JLPT_1 JLPT
頑丈,がんじょう,,"solid, firm, strong",kuat,JLPT_1 JLPT
感触,かんしょく,,"sense of touch, feeling, sensation",perasaan; rasa,JLPT_1 JLPT
肝心,かんじん,,"essential, fundamental, crucial",fundamental; mendasar; krusial; sangat penting,JLPT_1 JLPT
肝腎,かんじん,,"essential, fundamental, crucial",fundamental; mendasar; krusial; sangat penting,JLPT_1 JLPT
関税,かんぜい,,"customs, duty, tariff",kewajiban,JLPT_1 JLPT
岩石,がんせき,,rock,batu; rock (musik),JLPT_1 JLPT
感染,かんせん,,"infection, contagion",infeksi,JLPT_1 JLPT
幹線,かんせん,,"main line, trunk line",jalur utama; jalur induk,JLPT_1 JLPT
簡素,かんそ,,"simplicity, plain",kesederhanaan,JLPT_1 JLPT
観点,かんてん,,point of view,sudut pandang,JLPT_1 JLPT
感度,かんど,,"sensitivity, severity (quake)",kepekaan,JLPT_1 JLPT
カンニング,カンニング,,"cunning, cheat",curang; menyontek,JLPT_1 JLPT
元年,がんねん,,first year (of a specific reign),tahun,JLPT_1 JLPT
幹部,かんぶ,,"management, executive",manajemen; pengelolaan,JLPT_1 JLPT
完ぺき,かんぺき,,"perfection, completeness, flawless",kesempurnaan,JLPT_1 JLPT
勘弁,かんべん,,"pardon, forgiveness, forbearance",maaf; kedermawanan,JLPT_1 JLPT
感無量,かんむりょう,,"deep feeling, filled with emotion",perasaan mendalam; penuh emosi,JLPT_1 JLPT
勧誘,かんゆう,,"invitation, canvassing, inducement",pendahuluan,JLPT_1 Intermediate_Japanese_Ln.5 JLPT Intermediate_Japanese
関与,かんよ,,"participation, taking part in",partisipasi,JLPT_1 JLPT
寛容,かんよう,,"forbearance, tolerance, generosity, involvement",kedermawanan,JLPT_1 JLPT
元来,がんらい,,"originally, naturally",pada awalnya; aslinya; secara alami,JLPT_1 JLPT
観覧,かんらん,,viewing,pemirsa; menonton,JLPT_1 JLPT
慣例,かんれい,,"custom, precedent, of convention",adat; kebiasaan,JLPT_1 JLPT
還暦,かんれき,,60th birthday,ulang tahun ke-60; hari jadi ke-60,JLPT_1 JLPT
貫禄,かんろく,,"presence, dignity",martabat; kehormatan,JLPT_1 JLPT
緩和,かんわ,,"relief, mitigation",bantuan; kelegaan,JLPT_1 JLPT
議案,ぎあん,,legislative bill,legislatif,JLPT_1 JLPT
危害,きがい,,"injury, harm, danger",menyakiti; merusak,JLPT_1 JLPT
企画,きかく,,"planning, project",proyek,JLPT_1 Intermediate_Japanese_Ln.14 JLPT Intermediate_Japanese
規格,きかく,,"standard, norm",standar,JLPT_1 JLPT
着飾る,きかざる,,to dress up,berdandan; bersolek,JLPT_1 JLPT
気兼ね,きがね,,"hesitance, diffidence, feeling constraint",rasa sungkan; rasa tidak enak,JLPT_1 JLPT
気軽,きがる,,"cheerful, buoyant, lighthearted",cerah,JLPT_1 JLPT
危機,きき,,crisis,krisis,JLPT_1 JLPT
聞き取り,ききとり,,listening comprehension,pemahaman mendengar,JLPT_1 JLPT
効き目,ききめ,,"effect, virtue, efficacy",efek; dampak,JLPT_1 JLPT
帰京,ききょう,,returning to Tokyo,kembali ke,JLPT_1 JLPT
戯曲,ぎきょく,,"play, drama",bermain; drama,JLPT_1 JLPT
基金,ききん,,"fund, foundation",fondasi; dasar; yayasan,JLPT_1 JLPT
喜劇,きげき,,"comedy, funny show",lucu,JLPT_1 JLPT
議決,ぎけつ,,"resolution, decision, vote",keputusan; suara; memilih,JLPT_1 JLPT
棄権,きけん,,"abstain from voting, renunciation of a right",hak,JLPT_1 JLPT
既婚,きこん,,married,sudah menikah,JLPT_1 JLPT
気障,きざ,,"affectation, conceit, snobbery",kesombongan,JLPT_1 JLPT
記載,きさい,,"mention, entry",pendaftaran,JLPT_1 JLPT
兆,きざし,,"sign, omen, indication",tanda,JLPT_1 JLPT
気質,きしつ,,"character, trait, temperament",karakter; sifat,JLPT_1 JLPT
期日,きじつ,,"fixed date, settlement date",tanggal tetap; tanggal penyelesaian,JLPT_1 JLPT
きしむ,きしむ,,"to jar, to creak, to grate",memarut,JLPT_1 JLPT
議事堂,ぎじどう,,Diet building,Gedung Parlemen Jepang; Gedung DPR Jepang,JLPT_1 JLPT
記述,きじゅつ,,"describing, descriptor",penggambaran; deskriptor,JLPT_1 JLPT
気象,きしょう,,"weather, climate",tampilan langit; alami,JLPT_1 JLPT
傷付く,きずつく,,"to be hurt, to be wounded, to get injured",ada; menjadi; mendapatkan; menjadi,JLPT_1 JLPT
傷付ける,きずつける,,"to wound, to hurt someone's feelings",untuk melukai,JLPT_1 JLPT
犠牲,ぎせい,,sacrifice,pengorbanan,JLPT_1 JLPT
汽船,きせん,,steamship,kapal uap,JLPT_1 JLPT
寄贈,きぞう,,"donation, presentation",sumbangan; ekspresi,JLPT_1 JLPT
偽造,ぎぞう,,"forgery, fabrication, counterfeiting",pembuatan,JLPT_1 JLPT
貴族,きぞく,,"noble, aristocrat",tinggi,JLPT_1 JLPT
議題,ぎだい,,"topic of discussion, agenda",topik,JLPT_1 JLPT
鍛える,きたえる,,"to forge, to train, to discipline",kereta,JLPT_1 JLPT
気立て,きだて,,"good-natured, kind-hearted",baik hati; ramah; baik hati,JLPT_1 JLPT
来る,きたる,,"to come, to approach,",datang; pendekatan,JLPT_1 JLPT
きちっと,きちっと,,"exactly, perfectly",tepat; persis,JLPT_1 JLPT
几帳面,きちょうめん,,"methodical, punctual, steady",stabil,JLPT_1 JLPT
きっかり,きっかり,,"exactly, precisely",tepat; persis,JLPT_1 JLPT
きっちり,きっちり,,"precisely, tightly",dengan tepat,JLPT_1 JLPT
きっぱり,きっぱり,,"clearly, plainly, distinctly",dengan jelas,JLPT_1 JLPT
規定,きてい,,"regulation, provisions",peraturan,JLPT_1 JLPT
起点,きてん,,starting point,titik awal,JLPT_1 JLPT
軌道,きどう,,orbit; track,garis,JLPT_1 JLPT
技能,ぎのう,,"technical skill, ability, capacity",kemampuan; kapasitas,JLPT_1 JLPT
規範,きはん,,"model, standard, example",standar,JLPT_1 JLPT
気品,きひん,,"grace, elegance",keanggunan; elegan,JLPT_1 JLPT
気風,きふう,,"character, traits, ethos",karakter; sifat,JLPT_1 JLPT
起伏,きふく,,undulation,gelombang; undulasi,JLPT_1 JLPT
規模,きぼ,,"scale, scope, plan, structure",skala; ruang lingkup; rencana,JLPT_1 JLPT
気まぐれ,きまぐれ,,"whim, caprice, uneven temper",keinginan sesaat; tingkah laku tidak menentu,JLPT_1 JLPT
生真面目,きまじめ,,"serious, sincerity",serius,JLPT_1 JLPT
期末,きまつ,,(end of the season or term),akhir musim; akhir periode,JLPT_1 JLPT
きまりわるい,きまりわるい,,"feeling awkward, being ashamed",keberadaan; makhluk,JLPT_1 JLPT
記名,きめい,,"signature, register",tanda; catatan,JLPT_1 JLPT
規約,きやく,,"agreement, rules, code",perjanjian,JLPT_1 JLPT
脚色,きゃくしょく,,"dramatization (e.g., film",membran,JLPT_1 JLPT
逆転,ぎゃくてん,,"(sudden) change, reversal, turn-around",giliran; putaran,JLPT_1 JLPT
脚本,きゃくほん,,scenario,skenario,JLPT_1 JLPT
華奢,きゃしゃ,,"delicate, slender",halus; rumit,JLPT_1 JLPT
客観,きゃっかん,,objective,tujuan; objektif,JLPT_1 JLPT
キャッチ,キャッチ,,catch,menangkap,JLPT_1 JLPT
キャリア,キャリア,,"career, career government employee",pemerintah,JLPT_1 JLPT
救援,きゅうえん,,"relief, rescue, reinforcement",bantuan; kelegaan,JLPT_1 JLPT
休学,きゅうがく,,"temporary absence from school, suspension",sementara,JLPT_1 JLPT
究極,きゅうきょく,,"ultimate, final, eventual",terakhir,JLPT_1 JLPT
窮屈,きゅうくつ,,"narrow, tight, formal",sempit; formal,JLPT_1 JLPT
球根,きゅうこん,,(plant) bulb,umbi tanaman; bola lampu,JLPT_1 JLPT
救済,きゅうさい,,"relief, aid, rescue",bantuan; kelegaan,JLPT_1 JLPT
給仕,きゅうじ,,waiter,pelayan; pramusaji pria,JLPT_1 JLPT
給食,きゅうしょく,,"school lunch, providing a meal",sekolah,JLPT_1 JLPT
休戦,きゅうせん,,"truce, armistice",gencatan senjata,JLPT_1 JLPT
宮殿,きゅうでん,,palace,istana,JLPT_1 JLPT
旧知,きゅうち,,"old friend, old friendship",teman lama; persahabatan lama,JLPT_1 JLPT
窮乏,きゅうぼう,,poverty,kemiskinan,JLPT_1 JLPT
寄与,きよ,,"contribution, service",kontribusi; layanan,JLPT_1 JLPT
強,きょう,,strong,kuat,JLPT_1 JLPT
～狂,～きょう,,"maniac, fan, freak",penggemar; kipas angin,JLPT_1 JLPT
驚異,きょうい,,"wonder, miracle",keajaiban,JLPT_1 JLPT
教科,きょうか,,"subject, curriculum",mata pelajaran; topik,JLPT_1 JLPT
協会,きょうかい,,"association, society, organization",asosiasi; perkumpulan; masyarakat; organisasi,JLPT_1 JLPT
共学,きょうがく,,coeducation,pendidikan bersama; kelas campuran,JLPT_1 JLPT
共感,きょうかん,,"sympathy, response",simpati; rasa kasihan,JLPT_1 JLPT
境遇,きょうぐう,,"environment, circumstances",lingkungan,JLPT_1 JLPT
教訓,きょうくん,,"lesson, precept, moral instruction",moral,JLPT_1 JLPT
強行,きょうこう,,"forcing, enforcement",penegakan,JLPT_1 JLPT
強硬,きょうこう,,"firm, vigorous, stubborn",kuat; keras kepala,JLPT_1 JLPT
教材,きょうざい,,teaching materials,materi pengajaran,JLPT_1 JLPT
凶作,きょうさく,,"bad harvest, poor crop",miskin,JLPT_1 JLPT
業者,ぎょうしゃ,,"trader, merchant",pedagang; trader,JLPT_1 JLPT
教習,きょうしゅう,,"training, instruction",latihan; pengarahan,JLPT_1 JLPT
郷愁,きょうしゅう,,"nostalgia, homesickness",kerinduan; nostalgia,JLPT_1 JLPT
教職,きょうしょく,,teaching profession,pengajaran; mengajar,JLPT_1 JLPT
興じる,きょうじる,,"to amuse oneself, to make merry",untuk bergembira,JLPT_1 JLPT
強制,きょうせい,,"obligation, compulsion, enforcement",kewajiban,JLPT_1 JLPT
行政,ぎょうせい,,administration,administrasi,JLPT_1 JLPT
業績,ぎょうせき,,"achievement, work, contribution",pencapaian; kontribusi,JLPT_1 JLPT
共存,きょうぞん,,coexistence,bersama,JLPT_1 JLPT
協定,きょうてい,,"arrangement, pact, agreement",perjanjian,JLPT_1 JLPT
郷土,きょうど,,homeland,tanah air; kampung halaman,JLPT_1 JLPT
脅迫,きょうはく,,"threat, coercion",ancaman,JLPT_1 JLPT
業務,ぎょうむ,,"business, duties, work",pekerjaan; karya,JLPT_1 JLPT
共鳴,きょうめい,,"resonance, sympathy",simpati; rasa kasihan,JLPT_1 JLPT
郷里,きょうり,,"birth-place, home town",rumah; rumah asal,JLPT_1 JLPT
強烈,きょうれつ,,"strong, intense, severe",kuat,JLPT_1 JLPT
共和,きょうわ,,"republicanism, cooperation",kerja sama,JLPT_1 JLPT
局限,きょくげん,,"limit, localize",batas,JLPT_1 JLPT
極端,きょくたん,,"extreme, extremity",ekstrem,JLPT_1 JLPT
居住,きょじゅう,,residence,kediaman; tempat tinggal,JLPT_1 JLPT
拒絶,きょぜつ,,"refusal, rejection",penolakan,JLPT_1 JLPT
漁船,ぎょせん,,fishing boat,perahu nelayan,JLPT_1 JLPT
漁村,ぎょそん,,fishing village,desa,JLPT_1 JLPT
拒否,きょひ,,"denial, rejection, refusal",negatif; penolakan,JLPT_1 JLPT
許容,きょよう,,"permission, pardon",izin,JLPT_1 JLPT
清らか,きよらか,,"clean, pure, chaste",bersih; murni,JLPT_1 JLPT
きらびやか,きらびやか,,"gorgeous, gaudy, dazzling",mencolok,JLPT_1 JLPT
～きり,～きり,,only,kecil,JLPT_1 JLPT
義理,ぎり,,"debt of gratitude, obligation",kewajiban,JLPT_1 JLPT
切替,きりかえ,,"exchange, conversion, switchover",pertukaran,JLPT_1 JLPT
気流,きりゅう,,atmospheric current,arus,JLPT_1 JLPT
切れ目,きれめ,,"break, pause, gap",memecahkan,JLPT_1 JLPT
疑惑,ぎわく,,"doubt, misgivings, suspicion",keraguan; ketakutan,JLPT_1 JLPT
極めて,きわめて,,"exceedingly, extremely (written expression)",banyak,JLPT_1 JLPT Intermediate_Japanese_Ln.13 Intermediate_Japanese
近眼,きんがん,,nearsightedness,rabun jauh,JLPT_1 JLPT
緊急,きんきゅう,,"urgent, pressing, emergency",darurat,JLPT_1 JLPT
近郊,きんこう,,"suburbs, outskirts",membuka,JLPT_1 JLPT
均衡,きんこう,,"equilibrium, balance",yang baik; keseimbangan,JLPT_1 JLPT
禁じる,きんじる,,to prohibit,melarang,JLPT_1 JLPT
勤勉,きんべん,,"industry, diligence",industri,JLPT_1 JLPT
吟味,ぎんみ,,"examination, careful investigation",ujian,JLPT_1 JLPT
勤務,きんむ,,"service, duty, work",layanan; kewajiban,JLPT_1 JLPT
禁物,きんもつ,,"taboo, forbidden thing",tabu; larangan,JLPT_1 JLPT
勤労,きんろう,,"labor, exertion, diligent service",rajin,JLPT_1 JLPT
クイズ,クイズ,,quiz,kuis,JLPT_1 JLPT
食い違う,くいちがう,,"to cross each other, to differ",salah,JLPT_1 JLPT
空間,くうかん,,"space, room, airspace",kamar; ruangan,JLPT_1 JLPT
空腹,くうふく,,hunger,kelaparan,JLPT_1 JLPT
区画,くかく,,"division, section, area",area; wilayah,JLPT_1 JLPT
区間,くかん,,section,bagian,JLPT_1 JLPT
茎,くき,,stalk,batang; menguntit,JLPT_1 JLPT
区切り,くぎり,,"an end, a stop, punctuation",sebuah; suatu,JLPT_1 JLPT
くぐる,くぐる,,to pass through; to go around,lulus,JLPT_1 JLPT
くじ (～をひく),くじ (～をひく),,"lottery, lot",undian; lotere,JLPT_1 JLPT
くじびき,くじびき,,"lottery, drawn lot",undian; lotere,JLPT_1 JLPT
くすぐったい,くすぐったい,,ticklish,geli; gampang gelitik,JLPT_1 JLPT
愚痴,ぐち,,"idle complaint, grumble",keluhan; omelan; rengekan,JLPT_1 JLPT
口吟む,くちずさむ,,to humble,rendah hati,JLPT_1 JLPT
嘴,くちばし,,"beak, bill",paruh; moncong,JLPT_1 JLPT
朽ちる,くちる,,to rot,membusuk; melapuk,JLPT_1 JLPT
覆す,くつがえす,,"to overturn, to upset, to overthrow",membalikkan; mengganggu; menggulingkan,JLPT_1 JLPT
くっきり,くっきり,,"distinctly, clearly, boldly",dengan jelas,JLPT_1 JLPT
屈折,くっせつ,,"bending, indentation, refraction",membungkuk,JLPT_1 JLPT
ぐっと,ぐっと,,"firmly, fast, more",cepat,JLPT_1 JLPT
首飾り,くびかざり,,necklace,kalung,JLPT_1 JLPT
首輪,くびわ,,"necklace, choker",kalung,JLPT_1 JLPT
組み込む,くみこむ,,"to insert, to include, to cut in (printing)",mencakup; termasuk,JLPT_1 JLPT
組み合わせる,くみあわせる,,"to join together, to combine, to join up",menggabungkan,JLPT_1 JLPT
蔵,くら,,"warehouse, cellar",gudang; ruang bawah tanah,JLPT_1 JLPT
グレー,グレー,,"grey, gray",abu-abu,JLPT_1 JLPT
クレーン,クレーン,,crane,derek; burung bangau,JLPT_1 JLPT
玄人,くろうと,,"expert, professional",ahli; profesional,JLPT_1 JLPT
黒字,くろじ,,balance (figure) in the black,saldo positif; untung,JLPT_1 JLPT
軍艦,ぐんかん,,"warship, battleship",kapal perang,JLPT_1 JLPT Intermediate_Japanese_Ln.8 Intermediate_Japanese
軍事,ぐんじ,,military affairs,militer,JLPT_1 JLPT
君主,くんしゅ,,"ruler, monarch",langkah,JLPT_1 JLPT
群集,ぐんしゅう,,"(social) group, crowd, mob",kelompok sosial; kerumunan; massa,JLPT_1 JLPT
群衆,ぐんしゅう,,"(social) group, crowd, mob",kelompok sosial; kerumunan; massa,JLPT_1 JLPT
軍備,ぐんび,,"armaments, military preparations",persenjataan; persiapan militer,JLPT_1 JLPT
軍服,ぐんぷく,,military or naval uniform,militer,JLPT_1 JLPT
芸,げい,,"art, accomplishment, performance",seni; prestasi,JLPT_1 JLPT
経過,けいか,,"passage, progress",kemajuan; progres,JLPT_1 JLPT
軽快,けいかい,,"lively, casual, light",ringan,JLPT_1 JLPT
警戒,けいかい,,"warning, admonition, vigilance",peringatan,JLPT_1 JLPT
敬具,けいぐ,,Sincerely (used at the end of letter),Hormat saya (penutup surat),Intermediate_Japanese_Ln.4 JLPT_1 JLPT Intermediate_Japanese
軽減,けいげん,,"reduction, lessening",kemunduran,JLPT_1 JLPT
掲載,けいさい,,"appearance (e.g., article in paper)",penampilan; kemunculan (artikel di koran),JLPT_1 JLPT
傾斜,けいしゃ,,"inclination, slope, dip",penyimpangan; kemiringan,JLPT_1 JLPT
形成,けいせい,,formation,pendirian,JLPT_1 JLPT
形勢,けいせい,,"condition, situation, prospects",kondisi; syarat; situasi; keadaan,JLPT_1 JLPT
軽率,けいそつ,,"thoughtless, careless, hasty",kasar,JLPT_1 JLPT
刑罰,けいばつ,,"judgment, penalty, punishment",denda; hukuman; hukuman,JLPT_1 JLPT
経費,けいひ,,"expenses, cost, outlay",biaya,JLPT_1 JLPT
警部,けいぶ,,police inspector,polisi,JLPT_1 JLPT
転換,てんかん,,"convert, divert",mengonversi,JLPT_1 JLPT
転居,てんきょ,,"moving, changing residence",mentransfer,JLPT_1 JLPT
転勤,てんきん,,transfer (to another office of a company),kantor,JLPT_1 Intermediate_Japanese_Ln.14 JLPT Intermediate_Japanese
点検,てんけん,,"inspection, examination, checking",ujian,JLPT_1 JLPT
電源,でんげん,,"source of electricity, power (e.g., button on TV)",kekuatan; daya,JLPT_1 JLPT
天国,てんごく,,"paradise, heaven, Kingdom of Heaven",surga; firdaus,JLPT_1 JLPT
天才,てんさい,,a genius,sebuah; suatu,JLPT_1 JLPT Intermediate_Japanese_Ln.8 Intermediate_Japanese
天災,てんさい,,"natural calamity, disaster",bencana,JLPT_1 JLPT
展示,てんじ,,"exhibition, display",pameran,JLPT_1 JLPT
伝説,でんせつ,,"tradition, legend, folklore",tradisi,JLPT_1 JLPT Intermediate_Japanese_Ln.8 Intermediate_Japanese
点線,てんせん,,dotted line,garis; baris; jalur,JLPT_1 JLPT
転じる,てんじる,,"to turn, to shift",giliran; putaran,JLPT_1 JLPT
転ずる,てんずる,,"to turn, to shift",giliran; putaran,JLPT_1 JLPT
天体,てんたい,,heavenly body,tubuh; badan,JLPT_1 JLPT
伝達,でんたつ,,"transmission (e.g., news, communication, delivery)",komunikasi,JLPT_1 JLPT
天地,てんち,,"heaven and earth, the universe",(kata sandang),JLPT_1 JLPT
てんで,てんで,,"(not) at all, altogether, entirely",seluruhnya; (kata sandang),JLPT_1 JLPT
転任,てんにん,,change of post,perubahan,JLPT_1 JLPT
展望,てんぼう,,"view, outlook, prospect",pendapat; tujuan,JLPT_1 JLPT
伝来,でんらい,,"ancestral, hereditary, imported",warisan leluhur; turun-temurun,JLPT_1 JLPT
転落,てんらく,,"fall, degradation",jatuh,JLPT_1 JLPT
問い合わせる,といあわせる,,"to inquire, to seek information",mencari informasi; menanyakan,JLPT_1 JLPT
当～,とう～,,"Our ~ (e.g., Hotel, plane, etc.)",hotel,JLPT_1 JLPT
胴,どう,,"trunk, body, frame",tubuh; badan,JLPT_1 JLPT
同意,どうい,,"agreement, consent; same meaning",perjanjian,JLPT_1 JLPT
動員,どういん,,mobilization,mobilisasi; pengerahan,JLPT_1 JLPT
同感,どうかん,,"agreement, same opinion, same feeling",perjanjian,JLPT_1 JLPT
陶器,とうき,,"pottery, ceramics",tembikar; keramik,JLPT_1 JLPT
討議,とうぎ,,"debate, discussion",debat; perdebatan,JLPT_1 JLPT
動機,どうき,,"motive, incentive",insentif; imbalan,JLPT_1 JLPT
等級,とうきゅう,,"grade, class",kelas,JLPT_1 JLPT
同級,どうきゅう,,"the same grade, same class",kelas,JLPT_1 JLPT
同居,どうきょ,,living together,bersama,JLPT_1 JLPT
登校,とうこう,,attendance (at school),kehadiran (di sekolah),JLPT_1 JLPT
統合,とうごう,,"integration, unification, synthesis",penyatuan; sintesis,JLPT_1 JLPT
動向,どうこう,,"trend, tendency, movement, attitude",tren; kecenderungan,JLPT_1 JLPT
投資,とうし,,investment,investasi,JLPT_1 JLPT
同情,どうじょう,,"sympathy, compassion, sympathize",simpati; rasa kasihan,JLPT_1 JLPT
道場,どうじょう,,"(arch) dojo, hall used for martial arts training, mandala",dojo; tempat latihan bela diri,JLPT_1 JLPT
統制,とうせい,,"regulation, control",peraturan,JLPT_1 JLPT
当選,とうせん,,"being elected, winning the prize",keberadaan; makhluk,JLPT_1 JLPT
逃走,とうそう,,"flight, desertion, escape",meninggalkan,JLPT_1 JLPT
統率,とうそつ,,"command, generalship, leadership",kepemimpinan,JLPT_1 JLPT
到達,とうたつ,,"reaching, attaining, arrival",penampilan,JLPT_1 JLPT
統治,とうち,,"rule, reign, governing",aturan,JLPT_1 JLPT
仕切る,しきる,,"to partition, to divide, to mark off",membagi,JLPT_1 JLPT
資金,しきん,,"funds, capital",modal; ibu kota,JLPT_1 JLPT
軸,じく,,"axis, stem, shaft",poros; sumbu; batang,JLPT_1 JLPT
しくじる,しくじる,,"to fail, to fall through, to blunder",gagal,JLPT_1 JLPT
仕組,しくみ,,"structure, mechanism",struktur; mekanisme,JLPT_1 JLPT
死刑,しけい,,death penalty,kematian,JLPT_1 JLPT
湿気る,しける,,"to be damp, to be moist",ada; menjadi,JLPT_1 JLPT
施行,しこう,,"enforcement, operation",penegakan,JLPT_1 JLPT
思考,しこう,,thought,ide,JLPT_1 JLPT
志向,しこう,,"intention, aim",bertujuan,JLPT_1 JLPT
嗜好,しこう,,"taste, liking, preference",mencicipi,JLPT_1 JLPT
事項,じこう,,"matter(s), item(s), facts",hal-hal; fakta-fakta,JLPT_1 JLPT Intermediate_Japanese_Ln.15 Intermediate_Japanese
時刻表,じこくひょう,,"timetable, (train) schedule",jadwal; tabel waktu,JLPT_1 JLPT Intermediate_Japanese_Ln.10 Intermediate_Japanese
地獄,じごく,,hell,neraka,JLPT_1 JLPT
時差,じさ,,time difference,perbedaan,JLPT_1 JLPT
自在,じざい,,"freely, at will",sesuka hati; sekehendak,JLPT_1 JLPT
視察,しさつ,,"inspection, observation",observasi; pengamatan,JLPT_1 JLPT
資産,しさん,,"property, fortune, assets",properti; sifat,JLPT_1 JLPT
支持,しじ,,support,mendukung,JLPT_1 JLPT
自主,じしゅ,,"independence, autonomy",kemerdekaan,JLPT_1 JLPT
自首,じしゅ,,"surrender, give oneself up",diri sendiri; seorang diri,JLPT_1 JLPT
刺繍,ししゅう,,embroidery,sulaman; bordir,JLPT_1 JLPT
市場,しじょう,,(the) market (as a concept),pasar,JLPT_1 JLPT
辞職,じしょく,,resignation,rekonsiliasi,JLPT_1 JLPT
雫,しずく,,drop (of water),menjatuhkan; turun,JLPT_1 JLPT
システム,システム,,system,sistem,JLPT_1 JLPT
沈める,しずめる,,"to sink, to submerge",tenggelam; merosot,JLPT_1 JLPT
施設,しせつ,,"establishment, facility",pendirian; pembentukan,JLPT_1 JLPT
事前,じぜん,,"prior, beforehand, in advance",sebelumnya; lebih awal,JLPT_1 JLPT
子息,しそく,,(hon.) son,(kehormatan),JLPT_1 JLPT
持続,じぞく,,"continuation, endurance",daya tahan; ketahanan,JLPT_1 JLPT
自尊心,じそんしん,,"self-respect, conceit",diri; kesombongan,JLPT_1 JLPT
慕う,したう,,to yearn to adore,merindukan; memuja,JLPT_1 JLPT
下心,したごころ,,"secret intention, motive",insentif,JLPT_1 JLPT
下地,したじ,,"groundwork, foundation",fondasi; dasar; yayasan,JLPT_1 JLPT
親しむ,したしむ,,"to be intimate with, to befriend",ada; menjadi,JLPT_1 JLPT
下調べ,したしらべ,,preliminary investigation,penyelidikan awal,JLPT_1 JLPT
愛想,あいそう,,sociability,kemampuan bergaul; sifat ramah,JLPT JLPT_1
間柄,あいだがら,,relationship,hubungan,JLPT JLPT_1
合間,あいま,,interval,interval; selang waktu,JLPT JLPT_1
敢えて,あえて,,"dare (to do), venture (to do), challenge (to do)",tantangan,JLPT JLPT_1
仰ぐ,あおぐ,,"to look up (to), to respect; to ask for",melihat,JLPT JLPT_1
垢,あか,,"dirt, filth",kotoran; kekotoran,JLPT JLPT_1
赤字,あかじ,,"deficit, go in the red",defisit,JLPT JLPT_1
明かす,あかす,,to reveal; to stay up,mengungkapkan,JLPT JLPT_1
赤らむ,あからむ,,"to become red, to blush",ada; menjadi,JLPT JLPT_1
上がり,あがり,,"ascent; income; completion, stop",pendapatan,JLPT JLPT_1
諦め,あきらめ,,"resignation, reconciliation, consolation",rekonsiliasi; perdamaian,JLPT JLPT_1
アクセル,アクセル,,(abbr.) accelerator,(singkatan),JLPT JLPT_1
あくどい,あくどい,,gaudy vicious,mencolok; ganas,JLPT JLPT_1
顎,あご,,chin,dagu,JLPT JLPT_1
憧れ,あこがれ,,"yearning, longing, aspiration",ambisi,Intermediate_Japanese Intermediate_Japanese_Ln.8 JLPT JLPT_1
麻,あさ,,hemp,rami; ganja (tanaman),JLPT JLPT_1
あざ,あざ,,"birthmark, bruise",tanda lahir; memar,JLPT JLPT_1
浅ましい,あさましい,,"shameful, mean, despicable",rata-rata,JLPT JLPT_1
欺く,あざむく,,to deceive,menipu,JLPT JLPT_1
鮮やか,あざやか,,"vivid, clear",jelas,JLPT JLPT_1
嘲笑う,あざわらう,,"to sneer at, to ridicule",mencemooh; mengejek,JLPT JLPT_1
悪しからず,あしからず,,"don't take me wrong, but..., I'm sorry",mengambil,JLPT JLPT_1
味わい,あじわい,,"flavor, relish",mencicipi,JLPT JLPT_1
焦る,あせる,,"to be in a hurry, to be impatient",ada; menjadi,JLPT JLPT_1
あせる (こえが～),あせる (こえが～),,"to fade, to discolor",menjadi redup; untuk mengubah warna,JLPT JLPT_1
値,あたい,,"value, price, worth",nilai; harga,JLPT JLPT_1
値する,あたいする,,"to be worth, to deserve",ada; menjadi,JLPT JLPT_1
悪化,あっか,,"deterioration, worsen",penurunan; memburuk,JLPT JLPT_1
扱い,あつかい,,"treatment, service",layanan,JLPT JLPT_1
呆気ない,あっけない,,"not enough, too quick (short, long, etc.)",panjang,JLPT JLPT_1
あっさり,あっさり,,"easily, readily, quickly",dengan cepat,JLPT JLPT_1
斡旋,あっせん,,"kind offices, mediation",baik hati; ramah,JLPT JLPT_1
圧倒,あっとう,,"overwhelm, overpower",menguasai; mengalahkan; melampaui,JLPT JLPT_1
圧迫,あっぱく,,"pressure, coercion, oppression",tekanan,JLPT JLPT_1
あつらえる,あつらえる,,"to give an order, to place an order",memberikan,JLPT JLPT_1
圧力,あつりょく,,"stress, pressure",tekanan,JLPT JLPT_1
当て,あて,,expectations; depend,bergantung,JLPT JLPT_1
～宛,～あて,,"for…(e.g., In a letter)",dalam; di,JLPT JLPT_1
当て字,あてじ,,"phonetic-equivalent character, substitute character",karakter; sifat,JLPT JLPT_1
跡継ぎ,あとつぎ,,"heir, successor",ahli waris; penerus,JLPT JLPT_1
後回し,あとまわし,,"putting off, postponing",menunda; menangguhkan,JLPT JLPT_1
油絵,あぶらえ,,oil painting,lukisan minyak,JLPT JLPT_1
アプローチ,アプローチ,,approach (in golf),pendekatan,JLPT JLPT_1
あべこべ,あべこべ,,"contrary, opposite, inverse",sebaliknya,JLPT JLPT_1
甘える,あまえる,,"to behave like a spoiled child, to fawn on",berperilaku,JLPT JLPT_1
雨具,あまぐ,,rain gear,hujan,JLPT JLPT_1
甘口,あまくち,,sweet flavor,rasa manis,JLPT JLPT_1
アマチュア,アマチュア,,amateur,amatir; pemula,JLPT JLPT_1
網,あみ,,net,jaring; net; internet,JLPT JLPT_1
操る,あやつる,,"to manipulate, to operate, to pull strings",mengoperasikan; beroperasi,JLPT JLPT_1
危ぶむ,あやぶむ,,"to fear, to have misgivings, to be doubtful",ada; menjadi,JLPT_1 JLPT
あやふや,あやふや,,"uncertain, vague, ambiguous",ambigu; tidak jelas,JLPT_1 JLPT
過ち,あやまち,,"fault, error, indiscretion",kesalahan; galat,JLPT_1 JLPT
誤る,あやまる,,to make a mistake,berbuat salah,JLPT_1 JLPT
歩み,あゆみ,,"step, progress, history",langkah; tahap; kemajuan; progres; sejarah,JLPT_1 JLPT
歩む,あゆむ,,to walk,berjalan,JLPT_1 JLPT
予め,あらかじめ,,"in advance, previously",sebelumnya; lebih awal,JLPT_1 JLPT
荒らす,あらす,,to damage; to invade,merusak,JLPT_1 JLPT
争い,あらそい,,"dispute, quarrel, conflict",konflik,JLPT_1 JLPT
改まる,あらたまる,,to be renewed; to be formal,ada; menjadi,JLPT_1 JLPT
荒っぽい,あらっぽい,,"rough, rude",kasar,JLPT_1 JLPT
アラブ,アラブ,,Arab,Arab,JLPT_1 JLPT
霰,あられ,,"hail (e.g., falling ice balls)",hujan es; hail,JLPT_1 JLPT
有り様,ありさま,,"state, condition",kondisi; keadaan; kondisi; syarat,JLPT_1 JLPT
ありのまま,ありのまま,,"the truth, as it is, frankly",(kata sandang),JLPT_1 JLPT
ありふれる,ありふれる,,"common, ordinary, routine",umum; biasa; biasa,JLPT_1 JLPT
アルカリ,アルカリ,,alkali,alkali; basa,JLPT_1 JLPT
アルミ,アルミ,,"aluminum (Al, aluminum)",aluminium,JLPT_1 JLPT
アワー,アワー,,hour,waktu,JLPT_1 JLPT
合わす,あわす,,"to join together, to face, to unite",menyatukan,JLPT_1 JLPT
～合せ,～あわせ,,in all,dalam; di,JLPT_1 JLPT
アンコール,アンコール,,encore,encore; minta lagi,JLPT_1 JLPT
暗殺,あんさつ,,assassination,pembunuhan (politik); pembunuhan berencana,JLPT_1 JLPT
暗算,あんざん,,mental arithmetic,mental,JLPT_1 JLPT
暗示,あんじ,,"hint, suggestion",kunci; usulan,JLPT_1 JLPT
案じる,あんじる,,"to be anxious, to ponder",ada; menjadi,JLPT_1 JLPT
安静,あんせい,,rest,bantuan,JLPT_1 JLPT
案の定,あんのじょう,,"sure enough, as usual",seperti biasa,JLPT_1 JLPT
いい加減,いいかげん,,"random, irresponsible",tidak bertanggung jawab,JLPT_1 JLPT
言い訳,いいわけ,,"excuse, explanation",penjelasan,JLPT_1 JLPT
イェス,イェス,,yes; Jesus,ya,JLPT_1 JLPT
家出,いえで,,running away from home,jauh; pergi,JLPT_1 JLPT
生かす,いかす,,to keep something alive; to make use of,menjaga,JLPT_1 JLPT
いかに,いかに,,"how, in what way",bagaimana; cara; dalam; di,JLPT_1 JLPT
いかにも,いかにも,,truly (same as 実に (じつに)),sungguh-sungguh; benar-benar,JLPT_1 JLPT Intermediate_Japanese_Ln.13 Intermediate_Japanese
異議,いぎ,,"objection, dissent, protest",keberatan; protes,JLPT_1 JLPT
生き甲斐,いきがい,,"something one lives for, very important",penting,JLPT_1 JLPT
行き違い,いきちがい,,"misunderstanding, disagreement",salah; perbedaan,JLPT_1 JLPT
意気込む,いきごむ,,to be enthusiastic about,ada; menjadi,JLPT_1 JLPT
育成,いくせい,,"rearing, training, cultivation",budidaya; pengolahan,JLPT_1 JLPT
幾多,いくた,,"many, numerous",banyak; jamak,JLPT_1 JLPT
"(花を〜) 生ける, 活ける",(はなを～) いける,,to arrange (flowers),mengatur,JLPT JLPT_1 MediaMissing
異見,いけん,,"different opinion, objection",berbeda,JLPT_1 JLPT
意向,いこう,,"intention, idea, inclination",ide; gagasan,JLPT_1 JLPT
移行,いこう,,switching over to,di atas; lebih dari,JLPT_1 JLPT
いざ,いざ,,"now, come (now), crucial moment",sekarang; krusial; sangat penting,JLPT_1 JLPT
移住,いじゅう,,"migration, immigration",migrasi; perpindahan; imigrasi,JLPT_1 JLPT
衣装,いしょう,,"clothing, costume, outfit",pakaian,JLPT_1 JLPT
いじる,いじる,,"to touch, to tamper with",untuk menyentuh,JLPT_1 JLPT
異性,いせい,,the opposite sex,(kata sandang),JLPT_1 JLPT
遺跡,いせき,,historic ruins,reruntuhan bersejarah; situs bersejarah,JLPT_1 JLPT
依存,いぞん,,"dependence, dependent, reliance",ketergantungan; bergantung,JLPT_1 JLPT
委託,いたく,,"consign (goods (for sale) to a firm), entrust",menitipkan; menyerahkan untuk dijual,JLPT_1 JLPT
いたって,いたって,,"very much, exceedingly, extremely",sangat; sekali,JLPT_1 JLPT
出世,しゅっせ,,"promotion, successful career, eminence",promosi; kenaikan pangkat,JLPT_1 JLPT
出題,しゅつだい,,proposing a question,mengajukan pertanyaan,JLPT_1 JLPT
出動,しゅつどう,,"mobilization, action",tindakan,JLPT_1 JLPT
出費,しゅっぴ,,"expenses, disbursements",pengeluaran,JLPT_1 JLPT
出品,しゅっぴん,,"exhibit, display",menyarankan; pameran,JLPT_1 JLPT
主導,しゅどう,,main leadership,kepemimpinan,JLPT_1 JLPT
主任,しゅにん,,"person in charge, responsible official",orang,JLPT_1 JLPT Intermediate_Japanese_Ln.8 Intermediate_Japanese
首脳,しゅのう,,"head, leader",pemimpin,JLPT_1 JLPT
守備,しゅび,,defense,keamanan,JLPT_1 JLPT
手法,しゅほう,,technique,teknik,JLPT_1 JLPT
樹木,じゅもく,,"trees and shrubs, arbor",pohon dan semak; pergola,JLPT_1 JLPT
樹立,じゅりつ,,"establish, create",mendirikan; menciptakan,JLPT_1 JLPT
準急,じゅんきゅう,,"local express (train, slower than an express)",lokal; setempat,JLPT_1 JLPT
準じる,じゅんじる,,"to follow, to conform, to apply to",mengikuti,JLPT_1 JLPT
～署,～しょ,,department,departemen; divisi,JLPT_1 JLPT
～症,～しょう,,disease,penyakit,JLPT_1 JLPT
～証,～しょう,,"proof, certificate",sertifikat,JLPT_1 JLPT
～嬢,～じょう,,young woman,muda,JLPT_1 JLPT
上位,じょうい,,"superior, higher order",lebih tinggi; tingkat atas,JLPT_1 JLPT
上演,じょうえん,,art performance,pertunjukan seni,JLPT_1 JLPT
城下,じょうか,,land near the castle,tanah dekat kastil,JLPT_1 JLPT
消去,しょうきょ,,"elimination, erasing",eliminasi; penghapusan,JLPT_1 JLPT
上空,じょうくう,,"sky, high-altitude sky, upper air",langit,JLPT_1 JLPT
衝撃,しょうげき,,"shock, crash, impact, ballistic",dampak,JLPT_1 JLPT
証言,しょうげん,,"evidence, testimony",bukti; kesaksian,JLPT_1 JLPT
証拠,しょうこ,,"evidence, proof",bukti,JLPT_1 JLPT
照合,しょうごう,,"check, verification",memeriksa,JLPT_1 JLPT
詳細,しょうさい,,"detail, particulars",yang ditentukan,JLPT_1 JLPT
上昇,じょうしょう,,"rising, ascending, climbing",kenaikan; meningkat,JLPT_1 JLPT
昇進,しょうしん,,promotion,promosi; kenaikan pangkat,JLPT_1 JLPT
称する,しょうする,,"to take the name of, to call oneself",memanggil; menelepon,JLPT_1 JLPT
情勢,じょうせい,,"state of things, condition, situation",kondisi; syarat; situasi; keadaan,JLPT_1 JLPT
消息,しょうそく,,"news, letter, circumstances",komunikasi; karakter; urutan,JLPT_1 JLPT
承諾,しょうだく,,"consent, agreement",perjanjian,JLPT_1 JLPT
情緒,じょうちょ,,"emotion, feeling",perasaan; rasa,JLPT_1 JLPT
情緒,じょうしょ,,"emotion, feeling",perasaan; rasa,JLPT_1 JLPT
象徴,しょうちょう,,symbol,simbol; lambang,JLPT_1 JLPT
小児科,しょうにか,,pediatrics,pediatri; kedokteran anak,JLPT_1 JLPT
使用人,しようにん,,"employee, servant",karyawan,JLPT_1 JLPT
情熱,じょうねつ,,"passion, enthusiasm, zeal",lewat; melewati,JLPT_1 JLPT
譲歩,じょうほ,,"concession, conciliation, compromise",kompromi,JLPT_1 JLPT
条約,じょうやく,,"treaty, pact",perjanjian; traktat,JLPT_1 JLPT Intermediate_Japanese_Ln.8 Intermediate_Japanese
勝利,しょうり,,"victory, triumph, win",kemakmuran,JLPT_1 JLPT
上陸,じょうりく,,"landing, disembarkation",bawah,JLPT_1 JLPT
蒸溜,じょうりゅう,,distillation,distilasi,JLPT_1 JLPT
奨励,しょうれい,,"encouragement, promotion",promosi; kenaikan pangkat,JLPT_1 JLPT
ショー,ショー,,show,tunjukkan,JLPT_1 JLPT
除外,じょがい,,"exception, exclusion",pengecualian,JLPT_1 JLPT
職員,しょくいん,,"staff member, personnel",staf; karyawan,JLPT_1 JLPT
植民地,しょくみんち,,colony,koloni; jajahan,JLPT_1 JLPT
職務,しょくむ,,professional duties,tugas profesional,JLPT_1 JLPT
諸君,しょくん,,"Gentlemen!, Ladies!",Hadirin sekalian!,JLPT_1 JLPT
助言,じょげん,,"advice, suggestion",saran; nasihat,JLPT_1 JLPT Intermediate_Japanese Intermediate_Japanese_Ln.11
徐行,じょこう,,going slowly,pergi; berjalan,JLPT_1 JLPT
所在,しょざい,,whereabouts,tempat,JLPT_1 JLPT
所持,しょじ,,"possession, owning",kamar,JLPT_1 JLPT
所属,しょぞく,,"attached to, belong to",milik; termasuk,JLPT_1 JLPT
処置,しょち,,treatment,pengobatan,JLPT_1 JLPT
しょっちゅう,しょっちゅう,,"always, constantly",selalu,JLPT_1 JLPT
所定,しょてい,,"fixed, prescribed",sudah diatur sebelumnya,JLPT_1 JLPT
所得,しょとく,,income,pendapatan,JLPT_1 JLPT
処罰,しょばつ,,punishment,hukuman,JLPT_1 JLPT
初版,しょはん,,first edition,pertama; pertama kali,JLPT_1 JLPT
書評,しょひょう,,book review,buku,JLPT_1 JLPT
処分,しょぶん,,"disposal, dealing, punishment",hukuman,JLPT_1 JLPT
庶民,しょみん,,"masses, common people",umum; biasa,JLPT_1 JLPT
庶務,しょむ,,general affairs,umum; jenderal,JLPT_1 JLPT
所有,しょゆう,,"one's possessions, ownership",kepemilikan,JLPT_1 JLPT
調べ,しらべ,,"investigation, inspection",penyelidikan,JLPT_1 JLPT
自立,じりつ,,"independence, self-reliance",kemerdekaan,JLPT_1 JLPT
記す,しるす,,"to note, to write down",mencatat,JLPT_1 JLPT
指令,しれい,,"orders, instructions, directive",langsung,JLPT_1 JLPT
～心,～しん,,mind of ~,pikiran ~; niat ~,JLPT_1 JLPT
陣,じん,,"battle formation, camp, encampment",formasi tempur; kemah; markas,JLPT_1 JLPT
進化,しんか,,"evolution, progress",evolusi; kemajuan; progres,JLPT_1 JLPT
人格,じんかく,,"personality, character",karakter; sifat,JLPT_1 JLPT
審議,しんぎ,,deliberation,musyawarah; pertimbangan,JLPT_1 JLPT
新婚,しんこん,,newly-wed,pengantin baru; pasangan baru menikah,JLPT_1 JLPT
審査,しんさ,,"judging, inspection, examination",ujian,JLPT_1 JLPT
人材,じんざい,,man of talent,orang berbakat; orang bertalenta,JLPT_1 JLPT
紳士,しんし,,gentleman,pria terhormat; tuan,JLPT_1 JLPT
真実,しんじつ,,"truth, reality",kebenaran,JLPT_1 JLPT
信者,しんじゃ,,"believer, devotee",orang percaya,JLPT_1 JLPT
真珠,しんじゅ,,pearl,mutiara,JLPT_1 JLPT
進出,しんしゅつ,,advancement,kemajuan,JLPT_1 Intermediate_Japanese_Ln.14 JLPT Intermediate_Japanese
心情,しんじょう,,mentality,mentalitas,JLPT_1 JLPT
新人,しんじん,,"new face, newcomer",baru,JLPT_1 JLPT
神聖,しんせい,,"holiness, sacredness, dignity",martabat; kehormatan,JLPT_1 JLPT
親善,しんぜん,,friendship,keintiman,JLPT_1 JLPT
真相,しんそう,,"truth, real situation",situasi; keadaan,JLPT_1 JLPT
迅速,じんそく,,"quick, fast, prompt",cepat,JLPT_1 JLPT
人体,じんたい,,human body,tubuh; badan,JLPT_1 JLPT
新築,しんちく,,"new building, new construction",baru,JLPT_1 JLPT
心中,しんじゅう,,double suicide,ganda; dua kali,JLPT_1 JLPT
進呈,しんてい,,presentation,ekspresi,JLPT_1 JLPT
進展,しんてん,,"progress, development",kemajuan; progres; perkembangan,JLPT_1 JLPT
神殿,しんでん,,"temple, sacred place",tempat,JLPT_1 JLPT
進度,しんど,,progress,kemajuan; progres,JLPT_1 JLPT
振動,しんどう,,"oscillation, vibration",osilasi; getaran,JLPT_1 JLPT
新入生,しんにゅうせい,,"new student, first-year student, freshman",baru,JLPT_1 Intermediate_Japanese_Ln.5 JLPT Intermediate_Japanese
信任,しんにん,,"trust, confidence, credence",keyakinan,JLPT_1 JLPT
神秘,しんぴ,,mystery,rasa ingin tahu,JLPT_1 JLPT
辛抱,しんぼう,,"patience, endurance",energi,JLPT_1 JLPT
人民,じんみん,,"people, public",umum; publik,JLPT_1 JLPT
侵略,しんりゃく,,"aggression, invasion, raid",agresi; invasi; serangan,JLPT_1 JLPT
診療,しんりょう,,medical examination and treatment,ujian,JLPT_1 JLPT
粋,すい,,essence,esensi; intisari,JLPT_1 JLPT
水源,すいげん,,source of river,sungai,JLPT_1 JLPT
推進,すいしん,,"propulsion, driving force",kekuatan; gaya,JLPT_1 JLPT
吹奏,すいそう,,playing wind instruments,angin,JLPT_1 JLPT
推測,すいそく,,"guess, conjecture",anggapan,JLPT_1 JLPT
水田,すいでん,,(water-filled) paddy field,bidang,JLPT_1 JLPT
推理,すいり,,"reasoning, inference, mystery or detective genre",inferensi; kesimpulan,JLPT_1 JLPT
数詞,すうし,,numeral,angka; bilangan,JLPT_1 JLPT
崇拝,すうはい,,"worship, adoration",pemujaan,JLPT_1 JLPT
据え付ける,すえつける,,"to install, to equip, to mount",menginstal,JLPT_1 JLPT
据える,すえる,,"to set, to lay, to place",tempat,JLPT_1 JLPT
すがすがしい,すがすがしい,,"fresh, refreshing",segar; baru,JLPT_1 JLPT
救い,すくい,,"help, aid, relief",bantuan; kelegaan,JLPT_1 JLPT
すくう (みずを～),すくう (みずを～),,to scoop,menggambar,JLPT_1 JLPT
健やか,すこやか,,"vigorous, healthy, sound",sehat,JLPT_1 JLPT
濯ぐ,すすぐ,,"to rinse, to wash out",membilas; mencuci bersih,JLPT_1 JLPT
進み,すすみ,,progress,kemajuan; progres,JLPT_1 JLPT
裾,すそ,,"(trouser) cuff, (skirt) hem, cut edge of a hairdo",memotong,JLPT_1 JLPT
スタジオ,スタジオ,,studio,studio,JLPT_1 JLPT
スチーム,スチーム,,steam,mengukus,JLPT_1 JLPT
ストライキ,ストライキ,,strike,menyerang; memukul,JLPT_1 JLPT
スト,スト,,(abbr.) strike,(singkatan),JLPT_1 JLPT
ストロー,ストロー,,straw,jerami; sedotan,JLPT_1 JLPT
ストロボ,ストロボ,,"stroboscope (literally: strobo, strobe lamp, stroboscopic lamp)",stroboskop; lampu strobo,JLPT_1 JLPT
すばしこい,すばしこい,,"nimble, smart, quick",cerdas; cepat,JLPT_1 JLPT
素早い,すばやい,,"fast, quick",cepat,JLPT_1 JLPT
ずばり,ずばり,,"decisively, unreservedly, frankly",dengan tegas; tanpa ragu; terus terang,JLPT_1 JLPT
スプリング,スプリング,,spring,musim semi,JLPT_1 JLPT
スペース,スペース,,space,kamar,JLPT_1 JLPT
ずぶぬれ,ずぶぬれ,,"soaked, dripping wet",basah kuyup; kebasahan,JLPT_1 JLPT
スポーツカー,スポーツカー,,sports car,mobil sport,JLPT_1 JLPT
澄ます,すます,,"to clear, to make clear, to listen for",jelas,JLPT_1 JLPT
清ます,すます,,"to clear, to make clear, to listen for",jelas,JLPT_1 JLPT
済ます,すます,,to finish; to settle; to do without,menyelesaikan,JLPT_1 JLPT
すみやか,すみやか,,speedy,cepat; gesit,JLPT_1 JLPT
スラックス,スラックス,,slacks,celana panjang santai,JLPT_1 JLPT
ずらっと,ずらっと,,"in a line, in a row",berturut-turut; berderet,JLPT_1 JLPT
ずるずる,ずるずる,,"dragging on, sound of sniffling",berlarut-larut; suara sedekap hidung,JLPT_1 JLPT
ずれ,ずれ,,"difference, gap",perbedaan,JLPT_1 JLPT
すれちがい,すれちがい,,chance encounter,menghadapi; bertemu,JLPT_1 JLPT
擦れる,すれる,,"to rub, to chafe",menggosok,JLPT_1 JLPT
すんなり,すんなり,,"pass with no objection, slim, slender",lewat; melewati,JLPT_1 JLPT
生育,せいいく,,"growth, development, breeding",pertumbuhan; perkembangan,JLPT_1 JLPT
成育,せいいく,,"growth, raising",pertumbuhan,JLPT_1 JLPT
成果,せいか,,"results, fruits",kecil,JLPT_1 JLPT
正解,せいかい,,"correct, right answer, solution",benar; solusi,JLPT_1 JLPT
正義,せいぎ,,"justice, right, righteousness",keadilan; hak,JLPT_1 JLPT
生計,せいけい,,"livelihood, living",kehidupan; keberadaan,JLPT_1 JLPT
政権,せいけん,,"(political) administration, political power",politik,JLPT_1 JLPT
星座,せいざ,,constellation,rasi bintang; konstelasi,JLPT_1 JLPT
制裁,せいさい,,"restraint, sanctions, punishment",hukuman,JLPT_1 JLPT
政策,せいさく,,"political measures, policy",kebijakan,JLPT_1 JLPT
生死,せいし,,life and death,kehidupan,JLPT_1 JLPT
静止,せいし,,"stillness, repose, standing still",ketenangan; diam; berhenti,JLPT_1 JLPT
誠実,せいじつ,,"sincere, honest, faithful",jujur,JLPT_1 JLPT
成熟,せいじゅく,,"maturity, ripeness",kematangan; masak,JLPT_1 JLPT
青春,せいしゅん,,"youth, springtime of life, adolescent",muda,JLPT_1 JLPT
清純,せいじゅん,,"purity, innocence",tidak bersalah,JLPT_1 JLPT
聖書,せいしょ,,Bible,Alkitab; Injil,JLPT_1 JLPT
正常,せいじょう,,"normalcy, normality, normal",umum,JLPT_1 JLPT
制する,せいする,,"to control, to command",mengendalikan,JLPT_1 JLPT
整然,せいぜん,,"orderly, regular, well-organized",teratur; rutin,JLPT_1 JLPT
盛装,せいそう,,"be dressed up, wear rich clothes",kaya,JLPT_1 JLPT
盛大,せいだい,,"grand, prosperous, magnificent",aktif; cemerlang,JLPT_1 JLPT
清濁,せいだく,,"good and evil, purity and impurity",baik; bagus,JLPT_1 JLPT
制定,せいてい,,"enactment, establishment, creation",pendirian; pembentukan,JLPT_1 JLPT
静的,せいてき,,static,statis; listrik statis,JLPT_1 JLPT
製鉄,せいてつ,,iron manufacture,manufaktur besi; pembuatan besi,JLPT_1 JLPT
晴天,せいてん,,fine weather,denda; bagus,JLPT_1 JLPT
正当,せいとう,,"just, due, proper",hak,JLPT_1 JLPT
制服,せいふく,,uniform,seragam; seragam,JLPT_1 JLPT
征服,せいふく,,"conquest, subjugation, overcoming",mengatasi,JLPT_1 JLPT
製法,せいほう,,"manufacturing method, recipe, formula",rumus; formula,JLPT_1 JLPT
精密,せいみつ,,"precise, exact, detailed, minute",terperinci,JLPT_1 JLPT
税務署,ぜいむしょ,,tax office,kantor,JLPT_1 JLPT
制約,せいやく,,"limitation, constraints",keterbatasan; batasan,JLPT_1 JLPT
勢力,せいりょく,,"influence, power, might, strength",pengaruh; kekuatan; daya,JLPT_1 JLPT
整列,せいれつ,,"stand in a row, form a line",membentuk,JLPT_1 JLPT
セール,セール,,sale,menjual,JLPT_1 JLPT
急かす,せかす,,"to hurry, to urge on",terburu-buru,JLPT_1 JLPT
伜,せがれ,,"son, my son",anak laki-laki; putra saya,JLPT_1 JLPT
責務,せきむ,,"duty, obligation",kewajiban,JLPT_1 JLPT
セクション,セクション,,section,bagian,JLPT_1 JLPT
世辞,せじ,,"flattery, compliment",pujian,JLPT_1 JLPT
世帯,せたい,,household,rumah tangga; keluarga,JLPT_1 JLPT
是正,ぜせい,,"correction, revision",revisi,JLPT_1 JLPT
世代,せだい,,generation,generasi,JLPT_1 JLPT
切開,せっかい,,"opening up, cutting through",terbuka,JLPT_1 JLPT
セックス,セックス,,sex,jenis kelamin; seks,JLPT_1 JLPT
切実,せつじつ,,"compelling, serious, severe, acute",serius,JLPT_1 JLPT
接触,せっしょく,,"touch, contact",menghubungi,JLPT_1 JLPT
接続詞,せつぞくし,,conjunction,konjungsi; kata penghubung,JLPT_1 JLPT
設置,せっち,,"establishment, institution",pendirian; pembentukan,JLPT_1 JLPT
折衷,せっちゅう,,"compromise, cross, blending, eclecticism",kompromi,JLPT_1 JLPT
設定,せってい,,"establishment, creation",pendirian; pembentukan,JLPT_1 JLPT
説得,せっとく,,persuasion,bujukan; persuasi,JLPT_1 JLPT
切ない,せつない,,"painful, trying, sad",sedih,JLPT_1 JLPT
絶版,ぜっぱん,,out of print,keluar; di luar,JLPT_1 JLPT
設立,せつりつ,,"establishment, foundation, institution",pendirian; pembentukan,JLPT_1 JLPT
攻め,せめ,,"attack, offense",menyerang,JLPT_1 JLPT
ゼリー,ゼリー,,jelly,jeli; agar-agar,JLPT_1 JLPT
セレモニー,セレモニー,,ceremony,upacara; seremoni,JLPT_1 JLPT
世論,せろん,,public opinion,pendapat,JLPT_1 JLPT
先,せん,,"priority, precedence, previous",prioritas,JLPT_1 JLPT
繊維,せんい,,"fiber, fiber, textile",tekstil,JLPT_1 JLPT
全快,ぜんかい,,complete recovery of health,kesehatan,JLPT_1 JLPT
宣教,せんきょう,,religious mission,misi keagamaan; dakwah,JLPT_1 JLPT
宣言,せんげん,,"declaration, proclamation, announcement",deklarasi; pernyataan,JLPT_1 JLPT
戦災,せんさい,,war damage,kerusakan akibat perang,JLPT_1 JLPT
専修,せんしゅう,,specialization,produksi,JLPT_1 JLPT
戦術,せんじゅつ,,tactics,strategi,JLPT_1 JLPT
センス,センス,,"sense (for music, style, tact, etc.)",gaya; cara,JLPT_1 JLPT
潜水,せんすい,,diving,menyelam; diving,JLPT_1 JLPT
全盛,ぜんせい,,height of prosperity,kemakmuran,JLPT_1 JLPT
先代,せんだい,,"family predecessor, previous age, previous generation",generasi,JLPT_1 JLPT
先だって,せんだって,,"recently, the other day",baru-baru ini; (kata sandang),JLPT_1 JLPT
先着,せんちゃく,,first arrival,pertama; pertama kali,JLPT_1 JLPT
前提,ぜんてい,,"preamble, premise, prerequisite",premis,JLPT_1 JLPT
先天的,せんてんてき,,"inherent, congenital, hereditary",melekat; inheren,JLPT_1 JLPT
前途,ぜんと,,"future prospects, outlook, the journey ahead",masa depan,JLPT_1 JLPT
戦闘,せんとう,,"battle, fight, combat",perang; pertempuran,JLPT_1 JLPT
潜入,せんにゅう,,"infiltration, sneaking in",infiltrasi; menyusup,JLPT_1 JLPT
船舶,せんぱく,,ship,kapal,JLPT_1 JLPT
全滅,ぜんめつ,,annihilation,kehancuran,JLPT_1 JLPT
専用,せんよう,,"exclusive use, personal use",pribadi,JLPT_1 JLPT
占領,せんりょう,,"occupation, possession, have a room to oneself",kamar; ruangan,JLPT_1 JLPT
善良,ぜんりょう,,"goodness, excellence, virtue",keunggulan; keistimewaan,JLPT_1 JLPT
戦力,せんりょく,,war potential,potensial,JLPT_1 JLPT
前例,ぜんれい,,precedent,preseden,JLPT_1 JLPT
相応,そうおう,,"suitability, fitness",kesesuaian; kelayakan,JLPT_1 JLPT
総会,そうかい,,general meeting,umum; jenderal,JLPT_1 JLPT
創刊,そうかん,,"launching (e.g., newspaper, first issue)",pertama; pertama kali,JLPT_1 JLPT
雑木,ぞうき,,"various kinds of small trees, assorted trees",berbagai,JLPT_1 JLPT
早急,そうきゅう,,urgent,mendadak,JLPT_1 JLPT
早急,さっきゅう,,urgent,mendadak,JLPT_1 JLPT
増強,ぞうきょう,,"reinforce, increase",meningkat,JLPT_1 JLPT
送金,そうきん,,"remittance, sending money",uang,JLPT_1 JLPT
走行,そうこう,,"running a wheeled vehicle (e.g., car, traveling)",mobil,JLPT_1 JLPT
総合,そうごう,,"synthesis, generalization",sintesis,JLPT_1 JLPT
捜索,そうさく,,"search (esp. for someone or something missing, investigation)",pencarian; penyelidikan,JLPT_1 JLPT
蔵相,ぞうしょう,,Minister of Finance,Menteri Keuangan,JLPT_1 JLPT
装飾,そうしょく,,ornament,hiasan,JLPT_1 JLPT
増進,ぞうしん,,"promoting, increase, advance",meningkat; maju,JLPT_1 JLPT
相対,そうたい,,relative,kerabat; saudara,JLPT_1 JLPT
壮大,そうだい,,"magnificent, grand, majestic",cemerlang,JLPT_1 JLPT
騒動,そうどう,,"strife, riot, rebellion",pemberontakan,JLPT_1 JLPT
遭難,そうなん,,"disaster, shipwreck, accident",bencana; kecelakaan; musibah,JLPT_1 JLPT
相場,そうば,,"market price, speculation, estimation",pasar,JLPT_1 JLPT
装備,そうび,,equipment,perangkat,JLPT_1 JLPT
創立,そうりつ,,"establishment, founding",pendirian; pembentukan,JLPT_1 JLPT
添える,そえる,,"to add to, to attach, to accompany",menambahkan; melampirkan,JLPT_1 JLPT
ソース,ソース,,source,sumber,JLPT_1 JLPT
即座に,そくざに,,"immediately, right away",segera; langsung,JLPT_1 JLPT
促進,そくしん,,"promotion, acceleration, encouragement",promosi; kenaikan pangkat,JLPT_1 JLPT
即する,そくする,,"to conform to, to agree with, to be adapted to,",setuju,JLPT_1 JLPT
束縛,そくばく,,"restraint, restriction, confinement",pembatasan,JLPT_1 JLPT
側面,そくめん,,"side, sidelight, lateral",sisi; samping,JLPT_1 JLPT
損う,そこなう,,"to harm, to hurt",menyakiti; merusak,JLPT_1 JLPT
そこら,そこら,,"everywhere, somewhere",di suatu tempat,JLPT_1 JLPT
素材,そざい,,"raw materials, subject matter",mata pelajaran; topik,JLPT_1 JLPT
阻止,そし,,"obstruction, check, hindrance",memeriksa,JLPT_1 JLPT
訴訟,そしょう,,"litigation, lawsuit",litigasi; gugatan,JLPT_1 JLPT
育ち,そだち,,"breeding, growth",pertumbuhan,JLPT_1 JLPT
措置,そち,,"measure, step",langkah; ukuran; langkah; tahap,JLPT_1 JLPT
ソックス,ソックス,,socks,kaus kaki,JLPT_1 JLPT
素っ気無い,そっけない,,"cold, short, curt, blunt",dingin; pendek,JLPT_1 JLPT
外方,そっぽ,,look (or turn) the other way,melihat,JLPT_1 JLPT
備え付ける,そなえつける,,"to provide, to equip, to install",menyediakan,JLPT_1 JLPT
備わる,そなわる,,to be furnished with,ada; menjadi,JLPT_1 JLPT
具わる,そなわる,,to be furnished with,ada; menjadi,JLPT_1 JLPT
聳える,そびえる,,"to rise, to tower, to soar",untuk bangkit; untuk melonjak,JLPT_1 JLPT
素朴,そぼく,,"simplicity, artlessness, naivety",kesederhanaan,JLPT_1 JLPT
背く,そむく,,"to run counter to, to go against",melawan; bertentangan,JLPT_1 JLPT
染まる,そまる,,to be dyed,ada; menjadi,JLPT_1 JLPT
染める,そめる,,"to dye, to color",untuk mewarnai,JLPT_1 JLPT
そらす,そらす,,"to bend, to warp",melengkung; melintir,JLPT_1 JLPT
そり (～にのる),そり (～にのる),,"sleigh, sled",kereta salju; sledo,JLPT_1 JLPT
反る,そる,,"to warp, to be warped, to curve",melengkung; melintir,JLPT_1 JLPT
それゆえ,それゆえ,,"therefore, for that reason, so",oleh karena itu,JLPT_1 JLPT
ソロ,ソロ,,solo,solo; sendirian,JLPT_1 JLPT
揃い,そろい,,"set, suit, uniform",seragam; seragam,JLPT_1 JLPT
ぞんざい,ぞんざい,,"rude, careless, slovenly",kasar,JLPT_1 JLPT
損失,そんしつ,,loss,kerugian,JLPT_1 JLPT
存続,そんぞく,,"duration, continuance",durasi; kelangsungan,JLPT_1 JLPT
ダース,ダース,,dozen,selusin; dua belas,JLPT_1 JLPT
対応,たいおう,,dealing with,menangani; menghadapi,JLPT_1 JLPT
大家,たいか,,"rich family, distinguished family",keluarga,JLPT_1 JLPT
退化,たいか,,"degeneration, retrogression",degenerasi; kemunduran,JLPT_1 JLPT
大概,たいがい,,"in general, mainly",terutama; sebagian besar,JLPT_1 JLPT
体格,たいかく,,"physique, constitution",konstitusi,JLPT_1 JLPT
大金,たいきん,,large amount of money,jumlah,JLPT_1 JLPT
待遇,たいぐう,,"treatment, reception",pengobatan,JLPT_1 JLPT
対決,たいけつ,,"confrontation, showdown",konfrontasi; pertikaian langsung,JLPT_1 JLPT
体験,たいけん,,personal experience,pengalaman,JLPT_1 JLPT Intermediate_Japanese_Ln.13 Intermediate_Japanese
対抗,たいこう,,"opposition, antagonism",perlawanan,JLPT_1 JLPT
退治,たいじ,,extermination,pemberantasan,JLPT_1 JLPT
大衆,たいしゅう,,general public,umum; publik,JLPT_1 JLPT
対処,たいしょ,,"deal with, cope",menangani,JLPT_1 JLPT
退職,たいしょく,,retirement (from office),pensiun; pengunduran diri,JLPT_1 JLPT
題する,だいする,,to title,mata pelajaran,JLPT_1 JLPT
態勢,たいせい,,"attitude, conditions, tendency",sikap; kecenderungan,JLPT_1 JLPT
対談,たいだん,,"talk, dialogue",pertunjukan,JLPT_1 JLPT
大胆,だいたん,,"bold, daring, audacious",berani; berani; berani; nekat,JLPT_1 JLPT
対等,たいとう,,equivalent,setara; ekuivalen,JLPT_1 JLPT
台無し,だいなし,,"mess, spoiled, (come to) nothing",berantakan; rusak; sia-sia,JLPT_1 JLPT
滞納,たいのう,,"non-payment, default",gagal bayar; tidak membayar,JLPT_1 JLPT
対比,たいひ,,"contrast, comparison",perbandingan,JLPT_1 JLPT
タイピスト,タイピスト,,typist,pengetik; juru ketik,JLPT_1 JLPT
大部,たいぶ,,"most (e.g., most part, greater, fairly, a good deal, much)",baik; bagus,JLPT_1 JLPT
大便,だいべん,,feces,tinja; kotoran,JLPT_1 JLPT
代弁,だいべん,,speak for another,berbicara atas nama orang lain,JLPT_1 JLPT
待望,たいぼう,,"long-expected, waiting",sudah lama dinantikan; menunggu lama,JLPT_1 JLPT
台本,だいほん,,"libretto, scenario",skenario,JLPT_1 JLPT
タイマー,タイマー,,timer,timer; alat pengatur waktu,JLPT_1 JLPT
怠慢,たいまん,,"negligence, carelessness",mengabaikan,JLPT_1 JLPT
タイミング,タイミング,,timing,waktu yang tepat; timing,JLPT_1 JLPT
タイム,タイム,,time,waktu,JLPT_1 JLPT
タイムリー,タイムリー,,"timely, run-batted-in (baseball), RBI",tepat waktu; RBI (baseball),JLPT_1 JLPT
対面,たいめん,,"interview, meeting",pertemuan; rapat,JLPT_1 JLPT
代用,だいよう,,substitution,penggantian,JLPT_1 JLPT
体力,たいりょく,,physical strength,kekuatan fisik,JLPT_1 JLPT
タイル,タイル,,tile,ubin; keramik lantai,JLPT_1 JLPT
対話,たいわ,,"conversation, dialogue",wawancara,JLPT_1 JLPT
耐える,たえる,,"to endure, to put up with",bertahan; menanggung,JLPT_1 JLPT
堪える,たえる,,"to endure, to put up with",bertahan; menanggung,JLPT_1 JLPT
絶える,たえる,,"to die out, to become extinct",ada; menjadi,JLPT_1 JLPT
断える,たえる,,"to cease, to become extinct",ada; menjadi,JLPT_1 JLPT
打開,だかい,,"solution, breakthrough",solusi,JLPT_1 JLPT
焚火,たきび,,(open) fire,api,JLPT_1 JLPT
妥協,だきょう,,"compromise, giving in",kompromi,JLPT_1 JLPT
たくましい,たくましい,,"burly, strong, sturdy",kuat,JLPT_1 JLPT
巧み,たくみ,,"skill, cleverness",keterampilan,JLPT_1 JLPT
丈,たけ,,"length, height",panjang,JLPT_1 JLPT
打撃,だげき,,"blow, damage; batting (baseball)",merusak,JLPT_1 JLPT
妥結,だけつ,,agreement,perjanjian,JLPT_1 JLPT
駄作,ださく,,poor work,miskin,JLPT_1 JLPT
足し算,たしざん,,addition,tambahan,JLPT_1 JLPT
多数決,たすうけつ,,majority rule,aturan,JLPT_1 JLPT
助け,たすけ,,assistance,bantuan,JLPT_1 JLPT
携わる,たずさわる,,"to engage, to involve",melibatkan,JLPT_1 JLPT
漂う,ただよう,,"to drift about, to float, to hang in air",mengapung; melayang,JLPT_1 JLPT
立ち去る,たちさる,,"to leave, to depart",meninggalkan,JLPT_1 JLPT
立ち寄る,たちよる,,"to stop by, to drop in for a short visit",mampir; singgah,JLPT_1 JLPT
抱っこ,だっこ,,(child's) hug,pelukan anak,JLPT_1 JLPT
達者,たっしゃ,,"skillful, in good health",kesehatan,JLPT_1 JLPT
脱出,だっしゅつ,,escape,pelarian,JLPT_1 JLPT
脱する,だっする,,"to escape from, to get out",mendapatkan; menjadi,JLPT_1 JLPT
達成,たっせい,,achievement,pencapaian,JLPT_1 JLPT
脱退,だったい,,"secession, withdrawal",pemisahan,JLPT_1 JLPT
だったら,だったら,,if it's the case,jika; apabila,JLPT_1 JLPT
立て替える,たてかえる,,"to pay in advance, to pay for another",membayar di muka; membayarkan untuk orang lain,JLPT_1 JLPT
建前,たてまえ,,position; stance one takes in public; principle,posisi; kedudukan; prinsip; asas,JLPT_1 JLPT Intermediate_Japanese_Ln.15 Intermediate_Japanese
奉る,たてまつる,,"to offer, to do respectfully",program,JLPT_1 JLPT
だと,だと,,if it's the case,jika; apabila,JLPT_1 JLPT
他動詞,たどうし,,transitive verb (direct object),kata kerja transitif; obyek langsung,JLPT_1 JLPT
辿り着く,たどりつく,,"to reach, to make it somehow",mencapai,JLPT_1 JLPT
辿る,たどる,,"to follow (road, to pursue (course), to follow up",mengikuti; mengejar,JLPT_1 JLPT
束ねる,たばねる,,"to tie up in a bundle, to control",mengendalikan,JLPT_1 JLPT
だぶだぶ,だぶだぶ,,"loose, baggy",lambat,JLPT_1 JLPT
他方,たほう,,"another side, on the other hand",di sisi lain,JLPT_1 JLPT
多忙,たぼう,,busy,sibuk,JLPT_1 JLPT
給う,たまう,,"to receive, to grant",menerima,JLPT_1 JLPT
魂,たましい,,"soul, spirit",mengemudi; memetik,JLPT_1 JLPT
溜まり,たまり,,"collected things, gathering place, arrears",tunggakan,JLPT_1 JLPT
賜る,たまわる,,"to grant, to bestow",ada; menjadi,JLPT_1 JLPT
保つ,たもつ,,"to keep, to preserve, to sustain",menjaga; melestarikan,JLPT_1 JLPT
たやすい,たやすい,,"easy, simple, light",mudah; sederhana; ringan,JLPT_1 JLPT
多様,たよう,,"diversity, variety",keberagaman; diversitas,JLPT_1 JLPT
だるい,だるい,,"sluggish, feel heavy (tired), languid",berat,JLPT_1 JLPT Intermediate_Japanese_Ln.12 Intermediate_Japanese
弛み,たるみ,,"slack, slackening",kendor; longgar; melemah,JLPT_1 JLPT
弛む,たるむ,,"to slacken, to loosen, to relax",bersantai,JLPT_1 JLPT
垂れる,たれる,,"to hang, to droop; to drip",menggantung; menggantungkan; menetes,JLPT_1 JLPT
タレント,タレント,,"talent, star, personality",bintang,JLPT_1 JLPT
タワー,タワー,,tower,menara,JLPT_1 JLPT
単一,たんいつ,,"single, simple, sole",sederhana,JLPT_1 JLPT
短歌,たんか,,31-syllable Japanese poem,waka; puisi Jepang 31 suku kata,JLPT_1 JLPT
担架,たんか,,"stretcher, litter",tandu; usungan,JLPT_1 JLPT
短気,たんき,,quick temper,cepat,JLPT_1 JLPT
団結,だんけつ,,"unity, union, solidarity",serikat; persatuan; uni,JLPT_1 JLPT
探検,たんけん,,"exploration, expedition",ekspedisi,JLPT_1 JLPT
断言,だんげん,,"assertion, declaration, affirmation",deklarasi; pernyataan,JLPT_1 JLPT
短縮,たんしゅく,,"shortening, abbreviation, reduction",singkatan,JLPT_1 JLPT
断然,だんぜん,,"firmly, absolutely, definitely",dengan tegas; kuat,JLPT_1 JLPT
炭素,たんそ,,carbon (C),karbon (C),JLPT_1 JLPT
短大,たんだい,,junior college,akademi dua tahun; perguruan tinggi jenjang D2,JLPT_1 JLPT
単調,たんちょう,,"monotony, monotone, dullness",tumpul; tidak peka,JLPT_1 JLPT
単独,たんどく,,"sole, single",unik; sederhana,JLPT_1 JLPT
旦那,だんな,,"master (of house), husband (informal)",suami,JLPT_1 JLPT
短波,たんぱ,,short wave,pendek,JLPT_1 JLPT
蛋白質,たんぱくしつ,,protein,protein,JLPT_1 JLPT
ダンプ,ダンプ,,dump truck,truk dump; truk pengangkut tanah,JLPT_1 JLPT
断面,だんめん,,cross section,penampang melintang; irisan,JLPT_1 JLPT
弾力,だんりょく,,"elasticity, flexibility",fleksibilitas,JLPT_1 JLPT
治安,ちあん,,"public order, security",keamanan,JLPT_1 JLPT
チームワーク,チームワーク,,teamwork,kerja tim; kerjasama,JLPT_1 JLPT
チェンジ,チェンジ,,change,perubahan,JLPT_1 JLPT
違える,ちがえる,,to change,berubah,JLPT_1 JLPT
畜産,ちくさん,,animal husbandry,hewan,JLPT_1 JLPT
畜生,ちくしょう,,"beast, brute, damn",binatang buas; hewan,JLPT_1 JLPT
蓄積,ちくせき,,"accumulation, accumulate, store",menumpuk; mengakumulasi,JLPT_1 JLPT
地形,ちけい,,"landform, geographical features, topography",bentuk lahan; topografi,JLPT_1 JLPT
知性,ちせい,,intelligence,kecerdasan,JLPT_1 JLPT
乳,ちち,,"milk, breast, loop",susu,JLPT_1 JLPT
縮まる,ちぢまる,,"to be shortened, to be contracted, to shrink",ada; menjadi,JLPT_1 JLPT
秩序,ちつじょ,,"order, regularity",urutan; pesanan; memesan,JLPT_1 JLPT Intermediate_Japanese_Ln.10 Intermediate_Japanese
窒息,ちっそく,,suffocation,sesak nafas; mati tercekik,JLPT_1 JLPT
知的,ちてき,,intellectual,intelektual; cerdas,JLPT_1 JLPT
着手,ちゃくしゅ,,"embarkation, launch",meluncurkan; meluncur,JLPT_1 JLPT
着色,ちゃくしょく,,"coloring, coloring",mewarnai,JLPT_1 JLPT
着席,ちゃくせき,,"sit down, seat",duduk,JLPT_1 JLPT
着目,ちゃくもく,,attention,kehati-hatian,JLPT_1 JLPT
着陸,ちゃくりく,,"landing, touch down",bawah; turun,JLPT_1 JLPT
着工,ちゃっこう,,start of (construction) work,awal pekerjaan konstruksi; groundbreaking,JLPT_1 JLPT
茶の間,ちゃのま,,living room (Japanese style),kamar; ruangan,JLPT_1 JLPT
茶の湯,ちゃのゆ,,tea ceremony,Cara Teh,JLPT_1 JLPT
ちやほや,ちやほや,,"pamper, make a fuss of, spoil",membuat,JLPT_1 JLPT
チャンネル,チャンネル,,a channel,sebuah; suatu,JLPT_1 JLPT
宙返り,ちゅうがえり,,"somersault, looping-the-loop",salto; berputar,JLPT_1 JLPT
中継,ちゅうけい,,"relay, hook-up",estafet; relay; sambungan,JLPT_1 JLPT
忠告,ちゅうこく,,"advice, warning",saran; nasihat,JLPT_1 JLPT
中傷,ちゅうしょう,,"slander, libel, defamation",fitnah,JLPT_1 JLPT
中枢,ちゅうすう,,"center, mainstay, nucleus",pertengahan; andalan,JLPT_1 JLPT
抽選,ちゅうせん,,"lottery, raffle, drawing (of lots)",undian; lotere,JLPT_1 JLPT
中断,ちゅうだん,,"interruption, suspension, break",memecahkan,JLPT_1 JLPT
中毒,ちゅうどく,,poisoning,keracunan,JLPT_1 JLPT
中腹,ちゅうふく,,"mountain side, halfway up",gunung,JLPT_1 JLPT
中立,ちゅうりつ,,neutrality,netralitas,JLPT_1 JLPT
中和,ちゅうわ,,"neutralize, counteract",menetralkan; menangkal,JLPT_1 JLPT
～著,～ちょ,,written by ~,ditulis oleh ~; karya ~,JLPT_1 JLPT
腸,ちょう,,"bowels, intestines",usus; perut bagian dalam,JLPT_1 JLPT
蝶,ちょう,,butterfly,kupu-kupu,JLPT_1 JLPT
超,ちょう,,"super-, ultra-, hyper-",super-; ultra-; hiper-,JLPT_1 JLPT
調印,ちょういん,,"signature, sign, sealing",tanda,JLPT_1 JLPT
聴覚,ちょうかく,,the sense of hearing,(kata sandang),JLPT_1 JLPT
長官,ちょうかん,,"chief, (government) secretary",physician direktur medis,JLPT_1 JLPT
聴講,ちょうこう,,"lecture attendance, auditing",menghadiri kuliah; mengaudit kuliah,JLPT_1 JLPT
徴収,ちょうしゅう,,"collection, levy",koleksi; kumpulan,JLPT_1 JLPT
聴診器,ちょうしんき,,stethoscope,stetoskop,JLPT_1 JLPT
調停,ちょうてい,,"arbitration, conciliation, mediation",arbitrase; mediasi,JLPT_1 JLPT
重複,ちょうふく,,"duplication, repetition, overlapping, redundancy, restoration",redundansi,JLPT_1 JLPT
長編,ちょうへん,,"long (e.g., novel, film)",panjang,JLPT_1 JLPT
重宝,ちょうほう,,"convenient, useful",nyaman; praktis; berguna; bermanfaat,JLPT_1 JLPT
調理,ちょうり,,cooking,memasak; masakan,JLPT_1 JLPT
調和,ちょうわ,,harmony,harmoni; keselarasan,JLPT_1 JLPT
ちょくちょく,ちょくちょく,,"often, frequently, now and then, occasionally",sering,JLPT_1 JLPT
直面,ちょくめん,,confrontation,konfrontasi; pertikaian,JLPT_1 JLPT
著書,ちょしょ,,"literary work, book",buku,JLPT_1 JLPT
貯蓄,ちょちく,,savings,tabungan; simpanan,JLPT_1 JLPT
直感,ちょっかん,,"intuition, instinct",(kata sandang),JLPT_1 JLPT
著名,ちょめい,,"well-known, noted, celebrated",terkenal; sangat baik,JLPT_1 JLPT
ちらっと,ちらっと,,"at a glance, by accident",kecelakaan; musibah,JLPT_1 JLPT
塵,ちり,,"dust, dirt",kotoran; debu,JLPT_1 JLPT
塵取り,ちりとり,,dustpan,serok sampah; dustpan,JLPT_1 JLPT
賃金,ちんぎん,,wages,gaji,JLPT_1 JLPT
沈殿,ちんでん,,"precipitation, deposition, settlement",penyelesaian; perdamaian,JLPT_1 JLPT
沈没,ちんぼつ,,"sinking, foundering",penurunan muka tanah,JLPT_1 JLPT
沈黙,ちんもく,,"silence, reticence",keheningan; kesunyian,JLPT_1 JLPT
陳列,ちんれつ,,"exhibition, display, show",pameran,JLPT_1 JLPT
追及,ついきゅう,,"investigation, inquiry",pertimbangan,JLPT_1 JLPT
追跡,ついせき,,pursuit,pengejaran; pengejar,JLPT_1 JLPT
追放,ついほう,,"exile, banishment",pengasingan; pembuangan,JLPT_1 JLPT
費やす,ついやす,,"to spend, to devote, to waste",menghabiskan,JLPT_1 JLPT
墜落,ついらく,,"falling, crashing",jatuh; menabrak; runtuh,JLPT_1 JLPT
痛感,つうかん,,"feeling keenly, fully realizing",merasakan dengan kuat; menyadari sepenuhnya,JLPT_1 JLPT
通常,つうじょう,,"common, normal, usual",umum; biasa,JLPT_1 JLPT
痛切,つうせつ,,"keen, deep",tajam; bersemangat,JLPT_1 JLPT
杖,つえ,,cane,tongkat; tebu,JLPT_1 JLPT
使い道,つかいみち,,use,penggunaan; menggunakan,JLPT_1 JLPT
仕える,つかえる,,"to serve, to work for",bekerja,JLPT_1 JLPT
司る,つかさどる,,"to rule, to govern, to administer",aturan,JLPT_1 JLPT
つかの間,つかのま,,"moment, brief time,",sejenak; sesaat,JLPT_1 JLPT
月並,つきなみ,,"conventional, trite, common",umum; biasa,JLPT_1 JLPT
継目,つぎめ,,"joint, seam",bersama,JLPT_1 JLPT
尽きる,つきる,,"to be used up, to be run out",digunakan; ada; menjadi,JLPT_1 JLPT
尽くす,つくす,,"to exhaust, to run out; to devote, to serve",mendedikasikan,JLPT_1 JLPT
つくづく,つくづく,,"completely, really",sepenuhnya,JLPT_1 JLPT
作り,つくり,,"make up, structure, physique",struktur,JLPT_1 JLPT
造り,つくり,,"make up, structure, physique",struktur,JLPT_1 JLPT
繕う,つくろう,,"to mend, to repair",memperbaiki,JLPT_1 JLPT
付け加える,つけくわえる,,to add one thing to another,menambahkan,JLPT_1 JLPT
告げる,つげる,,to inform,memberitahu,JLPT_1 JLPT
つじつま (はなしの～),つじつま (はなしの～),,"coherence, consistency",konsistensi,JLPT_1 JLPT
筒,つつ,,"pipe, tube",pipa; seruling,JLPT_1 JLPT
突く,つつく,,"to thrust, to strike, to attack; to poke, to nudge, to pick at",menyerang; memukul; menyerang,JLPT_1 JLPT
突っ突く,つっつく,,to prompt someone,mendorong seseorang; mengingatkan,JLPT_1 JLPT
謹む,つつしむ,,"to be careful, to be chaste or discreet",ada; menjadi,JLPT_1 JLPT
突っ張る,つっぱる,,"to support, to become stiff; to thrust (ones opponent), to stick to (ones opinion), to insist on",mendukung,JLPT_1 JLPT
務まる,つとまる,,"be equal, be fit",setara; sesuai; cocok,JLPT_1 JLPT
勤め先,つとめさき,,place of work,tempat,JLPT_1 JLPT
努めて,つとめて,,"make an effort!, work hard!",bekerja,JLPT_1 JLPT
津波,つなみ,,"tsunami, tidal wave",tsunami,JLPT_1 JLPT
つねる,つねる,,to pinch,mencubit; menjepit,JLPT_1 JLPT
角,つの,,horn,tanduk; klakson,JLPT_1 JLPT
募る,つのる,,"to invite, to solicit help, participation, etc",mengundang; partisipasi,JLPT_1 JLPT
唾,つば,,"saliva, spit, sputum",air liur; ludah; dahak,JLPT_1 JLPT
呟く,つぶやく,,"to mutter, to murmur",bergumam; berkomat-kamit,JLPT_1 JLPT
つぶら,つぶら,,"round, rotund",bulat; tembun,JLPT_1 JLPT
つぶる (めを～),つぶる (めを～),,to close the eyes,menutup mata,JLPT_1 JLPT
壷,つぼ,,"jar, pot, vase",toples; pot; vas,JLPT_1 JLPT
蕾,つぼみ,,"bud, flower bud",bunga,JLPT_1 JLPT
連なる,つらなる,,"to extend, to stretch out, to stand in a row",memperluas; memperpanjang,JLPT_1 JLPT
貫く,つらぬく,,to go through,melalui; mengalami,JLPT_1 JLPT
連ねる,つらねる,,"to link, to join, to put together",tautan; hubungan,JLPT_1 JLPT
釣り鐘,つりがね,,temple bell (for striking),bel kuil; lonceng vihara,JLPT_1 JLPT
吊り革,つりかわ,,strap,mengikat,JLPT_1 JLPT
手当,てあて,,"allowance, compensation; treatment",pengobatan,JLPT_1 JLPT
定義,ていぎ,,definition,definisi; pengertian,JLPT_1 JLPT
提供,ていきょう,,"offer, program sponsoring",program,JLPT_1 JLPT
提携,ていけい,,"cooperation, tie-up, joint business",kerja sama,JLPT_1 JLPT
体裁,ていさい,,"decency, style, form, appearance",membentuk,JLPT_1 JLPT
提示,ていじ,,"presentation, exhibit, suggest, citation",menyarankan,JLPT_1 JLPT
ティシュペーパー,ティシュペーパー,,tissue,jaringan,JLPT_1 JLPT
定食,ていしょく,,"fixed-price lunch, set meal, dinner",sore,JLPT_1 JLPT Intermediate_Japanese_Ln.13 Intermediate_Japanese
訂正,ていせい,,"correction, revision",revisi,JLPT_1 JLPT
停滞,ていたい,,"stagnation, tie-up, congestion, retention",kerja sama,JLPT_1 JLPT
邸宅,ていたく,,"mansion, residence",kediaman mewah; hunian,JLPT_1 JLPT
定年,ていねん,,retirement age,usia pensiun,JLPT_1 JLPT
堤防,ていぼう,,"bank, weir",bank; tepi sungai,JLPT_1 JLPT
手遅れ,ておくれ,,being (too); belated treatment,keberadaan; makhluk,JLPT_1 JLPT
でかい,でかい,,huge,sangat besar,JLPT_1 JLPT
手掛かり,てがかり,,"hint, clue, key",kunci,JLPT_1 JLPT
手掛ける,てがける,,"to handle, to manage, to work with",menangani; mengelola,JLPT_1 JLPT
手数,てかず,,"trouble, labor, handling",masalah; kesulitan,JLPT_1 JLPT
手軽,てがる,,"easy, simple, cheap",mudah; sederhana; murah,JLPT_1 JLPT
適応,てきおう,,"adaptation, accommodation, conformity",perjanjian,JLPT_1 JLPT
適宜,てきぎ,,suitability,kesesuaian; kecocokan,JLPT_1 JLPT
適性,てきせい,,aptitude,bakat; kemampuan alami,JLPT_1 JLPT
できもの,できもの,,"boil, rash",merebus,JLPT_1 JLPT
手際,てぎわ,,"performance, skill, tact",keterampilan,JLPT_1 JLPT
出くわす,でくわす,,"to happen to meet, to come across",menemukan secara kebetulan,JLPT_1 JLPT
手順,てじゅん,,"process, procedure, protocol",proses,JLPT_1 JLPT Intermediate_Japanese_Ln.12 Intermediate_Japanese
手錠,てじょう,,"handcuffs, manacles",borgol; belenggu tangan,JLPT_1 JLPT
手数,てすう,,"trouble, labor, handling",masalah; kesulitan,JLPT_1 JLPT
デコレーション,デコレーション,,decoration,memesan,JLPT_1 JLPT
手近,てぢか,,"near, handy, familiar",pendek; nyaman; terkenal,JLPT_1 JLPT
てっきり,てっきり,,"surely, certainly, beyond doubt",tentu saja,JLPT_1 JLPT
鉄鋼,てっこう,,iron and steel,besi; menyetrika,JLPT_1 JLPT
デッサン,デッサン,,rough sketch (FRE: dessin),kasar,JLPT_1 JLPT
徹する,てっする,,"to devote oneself, to believe in",mendedikasikan diri,JLPT_1 JLPT
てっぺん,てっぺん,,"top, summit, apex",puncak; teratas,JLPT_1 JLPT
鉄棒,てつぼう,,"iron rod, crowbar, horizontal bar (gymnastics)",horizontal,JLPT_1 JLPT
出直し,でなおし,,"adjustment, touch up",peraturan,JLPT_1 JLPT
掌,てのひら,,the palm,(kata sandang),JLPT_1 JLPT
手配,てはい,,"arrangement, search (by police)",pengaturan; penyusunan,JLPT_1 JLPT
手筈,てはず,,"arrangement, plan, program",rencana,JLPT_1 JLPT
手引,てびき,,"guidance, guide, introduction",bimbingan; panduan,JLPT_1 JLPT
手本,てほん,,"model, pattern",pola,JLPT_1 JLPT
手回し,てまわし,,"preparations, arrangements",persiapan; pengaturan,JLPT_1 JLPT
手元,てもと,,"(money) on hand or at home, one's purse; usual skill",keterampilan,JLPT_1 JLPT
デモンストレーション,デモンストレーション,,demonstration,pameran,JLPT_1 JLPT
照り返す,てりかえす,,"to reflect, to throw back light",mencerminkan; merenungkan,JLPT_1 JLPT
テレックス,テレックス,,"telex, teletypewriter exchange",pertukaran,JLPT_1 JLPT
手分け,てわけ,,division of labor,divisi; pembagian,JLPT_1 JLPT
天,てん,,"heaven, sky",langit,JLPT_1 JLPT
田園,でんえん,,"country, rural districts",negara,JLPT_1 JLPT
天下,てんか,,"the world, whole country",negara,JLPT_1 JLPT
転回,てんかい,,"revolution, rotation",revolusi,JLPT_1 JLPT
連休,れんきゅう,,consecutive holidays,berturut-turut,JLPT_1 JLPT
レンジ,レンジ,,"range, stove",kisaran; rentang,JLPT_1 JLPT
連日,れんじつ,,every day,setiap,JLPT_1 JLPT
連帯,れんたい,,solidarity,solidaritas,JLPT_1 JLPT
レンタカー,レンタカー,,rented car,mobil sewaan; rental mobil,JLPT_1 JLPT
連中,れんちゅう,,"colleagues, company, a lot",perusahaan,JLPT_1 JLPT
レントゲン,レントゲン,,X-ray (lit: Roentgen),Rontgen; sinar-X,JLPT_1 JLPT
連邦,れんぽう,,"commonwealth, federation of states",federasi,JLPT_1 JLPT
連盟,れんめい,,"league, union, alliance",aliansi; persekutuan,JLPT_1 JLPT
老衰,ろうすい,,"senility, senile decay",kepikunan; pikun,JLPT_1 JLPT
朗読,ろうどく,,"reading aloud, recitation",bacaan; pembacaan,JLPT_1 JLPT
浪費,ろうひ,,"waste, extravagance",kemewahan berlebihan; pemborosan,JLPT_1 JLPT
労力,ろうりょく,,"labor, effort, trouble",upaya; usaha,JLPT_1 JLPT
ロープウエイ,ロープウエイ,,"ropeway, aerial tram",kereta gantung; gondola,JLPT_1 JLPT
ロープ,ロープ,,rope,tali,JLPT_1 JLPT
ろくな,ろくな,,"satisfactory, decent",baik,JLPT_1 JLPT
露骨,ろこつ,,"blunt, outspoken; conspicuous; broad, suggestive",terus terang; tidak sungkan,JLPT_1 JLPT
ロマンチック,ロマンチック,,romantic,romantis,JLPT_1 JLPT
論議,ろんぎ,,discussion,diskusi; pembahasan,JLPT_1 JLPT
論理,ろんり,,logic,logika,JLPT_1 JLPT
惑星,わくせい,,planet,planet,JLPT_1 JLPT
技,わざ,,"art, technique",seni; teknik,JLPT_1 JLPT
わざわざ,わざわざ,,"take the trouble (to do), doing something especially rather than incidentally",terutama,JLPT_1 JLPT Intermediate_Japanese_Ln.9 Intermediate_Japanese
煩わしい,わずらわしい,,"burdensome, troublesome, complicated",rumit; kompleks,JLPT_1 JLPT Intermediate_Japanese_Ln.15 Intermediate_Japanese
渡り鳥,わたりどり,,"migratory bird, bird of passage",burung,JLPT_1 JLPT
ワット,ワット,,watt,watt (satuan daya),JLPT_1 JLPT
詫び,わび,,apology,"permintaan maaf, dll)",JLPT_1 JLPT
和文,わぶん,,"Japanese text, sentence in Japanese",Jepang,JLPT_1 JLPT
藁,わら,,straw,jerami; sedotan,JLPT_1 JLPT
～割,～わり,,~ percent,~ persen,JLPT_1 JLPT
割当,わりあて,,"allotment, allocation, quota",kuota,JLPT_1 JLPT
割込む,わりこむ,,"to cut in, to disturb",mencegah,JLPT_1 JLPT
悪者,わるもの,,"bad fellow, rascal",orang jahat; bajingan; bajingan,JLPT_1 JLPT
我,われ,,"me, oneself, self, ego",diri sendiri; seorang diri; diri,JLPT_1 JLPT
捗る,はかどる,,"to make progress, to move right ahead (with the work), to advance",maju; memajukan,JLPT_1 JLPT
はかない,はかない,,"short-lived, momentary, ephemeral",sebentar; singkat; sementara,JLPT_1 JLPT
ばかばかしい,ばかばかしい,,stupid,bodoh; dungu,JLPT_1 JLPT
破棄,はき,,"revocation, annulment, breaking (e.g., treaty)",pencabutan; pembatalan; pemutusan,JLPT_1 JLPT
剥ぐ,はぐ,,"to tear off, to peel off, to rip off",merobek; air mata,JLPT_1 JLPT
迫害,はくがい,,persecution,penganiayaan; penyiksaan,JLPT_1 JLPT
薄弱,はくじゃく,,"feebleness, weakness, weak",lemah,JLPT_1 JLPT
白状,はくじょう,,confession,pengakuan; konfesi,JLPT_1 JLPT
漠然,ばくぜん,,"obscure, vague, equivocal",tidak jelas,JLPT_1 JLPT
爆弾,ばくだん,,bomb,bom,JLPT_1 JLPT
爆破,ばくは,,"blast, explosion, blow up",memecahkan,JLPT_1 JLPT
暴露,ばくろ,,"disclosure, exposure, revelation",paparan; eksposur,JLPT_1 JLPT
励ます,はげます,,"to encourage, to cheer, to raise (the voice)",mendorong; menyemangati; meningkatkan; membesarkan,JLPT_1 JLPT Intermediate_Japanese_Ln.13 Intermediate_Japanese
励む,はげむ,,"to be zealous, to make an effort",ada; menjadi,JLPT_1 JLPT
剥げる,はげる,,"to come off, to be worn off, to fade, to discolor",ada; menjadi,JLPT_1 JLPT
化ける,ばける,,"to disguise, to take the form of",mengambil,JLPT_1 JLPT
派遣,はけん,,"dispatch, send",mengirim,JLPT_1 JLPT
恥,はじ,,"shame, embarrassment",rasa malu; malu,JLPT_1 JLPT
弾く,はじく,,"to play (piano, guitar)",memainkan piano; memainkan gitar,JLPT_1 JLPT
パジャマ,パジャマ,,pajamas,piyama,JLPT_1 JLPT
恥じらう,はじらう,,"to feel shy, to be bashful, to blush",merasa,JLPT_1 JLPT
恥じる,はじる,,to feel ashamed,merasa,JLPT_1 JLPT
橋渡し,はしわたし,,"bridge building', mediation",jembatan,JLPT_1 JLPT
弾む,はずむ,,"to bounce, to be encouraged, to splurge on",ada; menjadi,JLPT_1 JLPT
破損,はそん,,damage,merusak,JLPT_1 JLPT
叩く,はたく,,"to strike, to clap, to dust, to beat",ada; menjadi,JLPT_1 JLPT
裸足,はだし,,barefoot,kaki telanjang; tanpa alas kaki,JLPT_1 JLPT
果たす,はたす,,"to accomplish, to fulfill, to carry out, to achieve",menyelesaikan; memenuhi; mencapai,JLPT_1 JLPT
蜂蜜,はちみつ,,honey,madu,JLPT_1 JLPT
パチンコ,パチンコ,,pachinko (Japanese pinball),pachinko (pinball Jepang),JLPT_1 JLPT
罰,ばつ,,"punishment, penalty",hukuman; denda; hukuman,JLPT_1 JLPT
発育,はついく,,"(physical) growth, development",perkembangan,JLPT_1 JLPT
発芽,はつが,,germination,perkecambahan; tumbuh tunas,JLPT_1 JLPT
発掘,はっくつ,,"excavation, exhumation; discovery (e.g., new talent)",baru,JLPT_1 JLPT
発言,はつげん,,"utterance, speech, proposal",pidato; ucapan,JLPT_1 JLPT
バッジ,バッジ,,badge,lencana; bros; pin,JLPT_1 JLPT
発生,はっせい,,"outbreak, spring forth, occurrence",musim semi,JLPT_1 JLPT
仕立てる,したてる,,"to tailor, to make, to prepare",membuat; mempersiapkan,JLPT_1 JLPT
下取り,したどり,,"trade in, part exchange",pertukaran,JLPT_1 JLPT
下火,したび,,"burning low, waning, declining",semakin redup; meredup; menurun,JLPT_1 JLPT
実,じつ,,"fruit, good result",buah,JLPT_1 JLPT
実家,じっか,,(one's parents') home,rumah; rumah asal,JLPT_1 JLPT
失格,しっかく,,"disqualification, elimination, incapacity (legal)",eliminasi,JLPT_1 JLPT
質疑,しつぎ,,question,pertanyaan,JLPT_1 JLPT
失脚,しっきゃく,,"losing one's standing, being overthrown, falling",keberadaan; makhluk,JLPT_1 JLPT
実業家,じつぎょうか,,"industrialist, businessman",wirausahawan,JLPT_1 JLPT
シック,シック,,chic,gaya,JLPT_1 JLPT
じっくり,じっくり,,"deliberately, carefully",dengan hati-hati,JLPT_1 JLPT
躾,しつけ,,"discipline, training",disiplin,JLPT_1 JLPT
躾ける,しつける,,"to discipline, to teach manners",disiplin,JLPT_1 JLPT
実践,じっせん,,"practice, put into practice",latihan; praktik,JLPT_1 JLPT
質素,しっそ,,"simplicity, modesty, frugality",kesederhanaan,JLPT_1 JLPT
実態,じったい,,"truth, fact",kebenaran,JLPT_1 JLPT
失調,しっちょう,,"lack of harmony, imbalance",kurang; kekurangan,JLPT_1 JLPT
嫉妬,しっと,,jealousy,cemburu; iri hati,JLPT_1 JLPT
実費,じっぴ,,"actual expense, cost price",harga,JLPT_1 JLPT
指摘,してき,,"pointing out, identification",menunjukkan; identifikasi,JLPT_1 JLPT
自転,じてん,,"rotation, spin",berputar; memintal,JLPT_1 JLPT
助動詞,じょどうし,,auxiliary verb,kata kerja bantu,JLPT_1 JLPT
淑やか,しとやか,,graceful,anggun; elegan,JLPT_1 JLPT
萎びる,しなびる,,"to shrivel, to fade",menjadi redup,JLPT_1 JLPT
シナリオ,シナリオ,,scenario,skenario,JLPT_1 JLPT
しなやか,しなやか,,"supple, flexible, elastic",fleksibel,JLPT_1 JLPT
屎尿,しにょう,,human waste,limbah manusia; kotoran,JLPT_1 JLPT
地主,じぬし,,landlord,pemilik tanah; tuan tanah,JLPT_1 JLPT
凌ぐ,しのぐ,,"to outdo, to surpass; to endure",bertahan; menanggung,JLPT_1 JLPT
芝,しば,,lawn,halaman rumput; lapangan rumput,JLPT_1 JLPT
始発,しはつ,,first train,kereta,JLPT_1 JLPT
耳鼻科,じびか,,otolaryngology,THT; telinga hidung tenggorokan,JLPT_1 JLPT
私物,しぶつ,,"private property, personal effects",pribadi; privat,JLPT_1 JLPT
しぶとい,しぶとい,,"tenacious, stubborn",keras kepala,JLPT_1 JLPT
司法,しほう,,administration of justice,keadilan,JLPT_1 JLPT
始末,しまつ,,disposal; cleaning up afterwards,hukuman,JLPT_1 JLPT
染みる,しみる,,to soak; pierce,merendam; menusuk,JLPT_1 JLPT
使命,しめい,,"mission, errand, message",pesan,JLPT_1 JLPT
地元,じもと,,local,lokal; setempat,JLPT_1 JLPT
視野,しや,,"field of vision, outlook",bidang,JLPT_1 JLPT
弱,じゃく,,"delicate, supple",halus; rumit,JLPT_1 JLPT
社交,しゃこう,,social life,sosial,JLPT_1 JLPT
ジャズ,ジャズ,,jazz,jazz (musik),JLPT_1 JLPT
謝絶,しゃぜつ,,refusal,penolakan; menolak,JLPT_1 JLPT
社宅,しゃたく,,company owned house,perusahaan,JLPT_1 JLPT
若干,じゃっかん,,"some, few, number of",angka; jumlah,JLPT_1 JLPT
三味線,しゃみせん,,three-stringed Japanese guitar,shamisen; gitar tiga senar Jepang,JLPT_1 JLPT
斜面,しゃめん,,"slope, slanting surface, bevel",kemiringan,JLPT_1 JLPT
砂利,じゃり,,"gravel, ballast, pebbles",kerikil; batu kecil; batu balas,JLPT_1 JLPT
洒落る,しゃれる,,"to joke, to play on words; stylish",cerdas,JLPT_1 JLPT
ジャンパー,ジャンパー,,"jacket, jumper",jaket; sweter,JLPT_1 JLPT
ジャンプ,ジャンプ,,jump,melompat,JLPT_1 JLPT
ジャンボ,ジャンボ,,jumbo,jumbo; sangat besar,JLPT_1 JLPT
ジャンル,ジャンル,,genre,genre; jenis,JLPT_1 JLPT
主,しゅ,,"owner, master, god",menguasai,JLPT_1 JLPT
種,しゅ,,seed; variety,material; baik hati,JLPT_1 JLPT
私有,しゆう,,private ownership,pribadi; privat,JLPT_1 JLPT
～宗,～しゅう,,sect,sekte; aliran,JLPT_1 JLPT
収益,しゅうえき,,"earnings, proceeds, returns",jumlah; keuntungan,JLPT_1 JLPT
修学,しゅうがく,,learning,pengetahuan,JLPT_1 JLPT
周期,しゅうき,,"cycle, period",periode; masa,JLPT_1 JLPT
衆議院,しゅうぎいん,,"Lower House, House of Representatives",rumah,JLPT_1 JLPT
就業,しゅうぎょう,,"employment, starting work",pekerjaan; lapangan kerja,JLPT_1 JLPT
従業員,じゅうぎょういん,,"employee, worker",karyawan,JLPT_1 JLPT
集計,しゅうけい,,"totalization, aggregate",totalitas; agregat,JLPT_1 JLPT
襲撃,しゅうげき,,"attack, charge, raid",menyerang,JLPT_1 JLPT
収支,しゅうし,,income and expenditure,pendapatan,JLPT_1 JLPT
終始,しゅうし,,from beginning to end; consistent(ly),permulaan; awal,JLPT_1 JLPT
修士,しゅうし,,Masters degree program,gelar; derajat; tingkat,JLPT_1 JLPT
従事,じゅうじ,,"engaging, pursuing, following",mengikuti,JLPT_1 JLPT
終日,しゅうじつ,,all day,semua; seluruh,JLPT_1 JLPT
充実,じゅうじつ,,"fullness, perfection",kesempurnaan,JLPT_1 JLPT
収集,しゅうしゅう,,"gathering up, collection",koleksi; kumpulan,JLPT_1 JLPT
十字路,じゅうじろ,,crossroads,persimpangan,JLPT_1 JLPT
執着,しゅうじゃく,,"attachment, adhesion, tenacity",kegigihan; ketangguhan,JLPT_1 JLPT
執着,しゅうちゃく,,"attachment, adhesion, tenacity",kegigihan; ketangguhan,JLPT_1 JLPT
柔軟,じゅうなん,,flexible,fleksibel,JLPT_1 JLPT
重複,じゅうふく,,"duplication, repetition, overlapping",redundansi; pengulangan,JLPT_1 JLPT
収容,しゅうよう,,accommodation; seating; custody,penahanan,JLPT_1 JLPT
従来,じゅうらい,,"up to now, so far, traditional",tradisional,JLPT_1 JLPT
守衛,しゅえい,,"security guard, doorkeeper",keamanan,JLPT_1 JLPT
主演,しゅえん,,"starring, playing the leading part",membintangi; memeran tokoh utama,JLPT_1 JLPT
主観,しゅかん,,"subjectivity, subject, ego",mata pelajaran; topik,JLPT_1 JLPT
修行,しゅぎょう,,"pursuit of knowledge, training, ascetic practice",latihan,JLPT_1 JLPT
塾,じゅく,,after-school (cram) school,sekolah,JLPT Intermediate_Japanese JLPT_1 Intermediate_Japanese_Ln.5 Genki_Ln.22 Genki
祝賀,しゅくが,,"celebration, congratulations",ucapan selamat,JLPT_1 JLPT
宿命,しゅくめい,,"fate, destiny, predestination",nasib; takdir,JLPT_1 JLPT
手芸,しゅげい,,handicrafts,kerajinan tangan,JLPT_1 JLPT
主権,しゅけん,,sovereignty,kedaulatan,JLPT_1 JLPT
主催,しゅさい,,"organization, sponsorship, to host",organisasi,JLPT_1 JLPT
取材,しゅざい,,"coverage, collecting data",data,JLPT_1 JLPT
趣旨,しゅし,,"object, meaning",arti; makna,JLPT_1 JLPT
種々,しゅじゅ,,variety,baik hati,JLPT_1 JLPT
主食,しゅしょく,,staple food,makanan,JLPT_1 JLPT
主人公,しゅじんこう,,protagonist,protagonis; tokoh utama,JLPT_1 JLPT
主体,しゅたい,,"subject, main constituent",mata pelajaran; topik,JLPT_1 JLPT
主題,しゅだい,,"subject, theme, motif",mata pelajaran; topik,JLPT_1 JLPT
出演,しゅつえん,,"leading performer, stage appearance",tahap,JLPT_1 JLPT
出血,しゅっけつ,,bleeding,pendarahan; berdarah,JLPT_1 JLPT
出現,しゅつげん,,"appearance, arrival",penampilan; tampilan,JLPT_1 JLPT
出産,しゅっさん,,childbirth,persalinan; melahirkan,JLPT_1 Intermediate_Japanese_Ln.14 JLPT Intermediate_Japanese
出社,しゅっしゃ,,come to work,datang,JLPT_1 JLPT
出生,しゅっしょう,,birth,kelahiran,JLPT_1 JLPT
出生,しゅっせい,,birth,kelahiran,JLPT_1 JLPT
微量,びりょう,,"minuscule amount, extremely small quantity",jumlah; kuantitas,JLPT_1 JLPT
昼飯,ひるめし,,lunch (mid-day meal),makan siang,JLPT_1 JLPT
比例,ひれい,,proportion,proporsi,JLPT_1 JLPT
疲労,ひろう,,"fatigue, weariness",kelelahan,JLPT_1 JLPT
敏感,びんかん,,"sensibility, susceptibility, sensitive (to)",kepekaan,JLPT_1 JLPT
貧困,ひんこん,,"poverty, lack",kemiskinan,JLPT_1 JLPT
品質,ひんしつ,,quality,kualitas; mutu,JLPT_1 JLPT
貧弱,ひんじゃく,,"poor, meager, insubstantial",miskin,JLPT_1 JLPT
品種,ひんしゅ,,"breed, type, variety",jenis; tipe,JLPT_1 JLPT
ヒント,ヒント,,hint,kunci,JLPT_1 JLPT
頻繁,ひんぱん,,frequency,frekuensi,JLPT_1 JLPT
貧乏,びんぼう,,"poverty, destitute, poor",kemiskinan; miskin,JLPT_1 JLPT
ファイト,ファイト,,fight,pertempuran,JLPT_1 JLPT
ファイル,ファイル,,file; portfolio,portofolio,JLPT_1 Genki_Ln.16 JLPT Genki
ファン,ファン,,fan,penggemar; kipas angin,JLPT_1 JLPT
不意,ふい,,"sudden, abrupt, unexpected",mendadak; tiba-tiba,JLPT_1 JLPT
フィルタ,フィルタ,,filter,filter; penyaring,JLPT_1 JLPT
封,ふう,,seal,menyegel; menutup rapat,JLPT_1 JLPT
封鎖,ふうさ,,"blockade, freezing (funds)",blokade; pengepungan,JLPT_1 JLPT
風車,ふうしゃ,,windmill,kincir angin,JLPT_1 JLPT
風習,ふうしゅう,,custom,adat; kebiasaan,JLPT_1 JLPT
風俗,ふうぞく,,"manners, customs; sex industry",sopan santun; etiket,JLPT_1 JLPT
ブーツ,ブーツ,,boots,sepatu boots; sepatu bot,JLPT_1 JLPT
風土,ふうど,,"natural features, climate",alami,JLPT_1 JLPT
ブーム,ブーム,,boom,booming; ledakan,JLPT_1 JLPT
フォーム,フォーム,,foam; form,membentuk,JLPT_1 JLPT
部下,ぶか,,one's subordinate,bawahan seseorang,JLPT Intermediate_Japanese JLPT_1 Intermediate_Japanese_Ln.9 Genki_Ln.22 Genki
不可欠,ふかけつ,,"indispensable, essential",penting,JLPT_1 JLPT
ぶかぶか,ぶかぶか,,"too big, baggy",terlalu; juga,JLPT_1 JLPT
不吉,ふきつ,,"ominous, sinister, bad luck, ill omen",sial; pertanda buruk; tidak menyenangkan,JLPT_1 JLPT
不況,ふきょう,,"recession, depression, slump",resesi; depresi ekonomi,JLPT_1 JLPT
布巾,ふきん,,dish cloth,kain lap piring; serbet,JLPT_1 JLPT
複合,ふくごう,,"composite, complex",rumit; kompleks,JLPT_1 JLPT
福祉,ふくし,,"welfare, well-being",kesejahteraan,JLPT_1 JLPT
覆面,ふくめん,,"mask, veil, disguise",masker; topeng,JLPT_1 JLPT
膨れる,ふくれる,,"to swell (out), to be inflated, to bulge",ada; menjadi,JLPT_1 JLPT
不景気,ふけいき,,"business recession, hard times, depression",keras; sulit,JLPT_1 JLPT
耽る,ふける,,"to indulge in, to give oneself up to, to be absorbed in",ada; menjadi,JLPT_1 JLPT
老ける,ふける,,to age,tumbuh,JLPT_1 JLPT
富豪,ふごう,,"wealthy person, millionaire",orang kaya,JLPT_1 JLPT
布告,ふこく,,"edict, ordinance, proclamation",deklarasi,JLPT_1 JLPT
ブザー,ブザー,,buzzer,bel; buzzer,JLPT_1 JLPT
負債,ふさい,,"debt, liabilities",seseorang,JLPT_1 JLPT
不在,ふざい,,absence,tidak ambil bagian,JLPT_1 JLPT
ふさわしい,ふさわしい,,appropriate,dengan kemampuan seseorang,JLPT_1 JLPT
不順,ふじゅん,,"irregularity, unseasonableness",ketidakaturan; tidak musimnya,JLPT_1 JLPT
負傷,ふしょう,,"injury, wound",luka,JLPT_1 JLPT
侮辱,ぶじょく,,"insult, contempt, slight",hinaan; penghinaan; meremehkan,JLPT_1 JLPT
不審,ふしん,,"suspicious, doubt, infidelity",keraguan,JLPT_1 JLPT
不振,ふしん,,"dullness, slump, stagnation",tumpul; tidak peka,JLPT_1 JLPT
武装,ぶそう,,"arms, armament, armed",senjata; persenjataan; bersenjata,JLPT_1 JLPT
札,ふだ,,"token, label; ticket, card; charm, talisman",tiket,JLPT_1 JLPT
負担,ふたん,,burden; load,memuat; beban,JLPT_1 Intermediate_Japanese_Ln.14 JLPT Intermediate_Japanese
不調,ふちょう,,"bad condition, disorder, slump",gangguan,JLPT_1 JLPT
復活,ふっかつ,,"revival (e.g., musical), restoration",pemulihan; restorasi,JLPT_1 JLPT
物議,ぶつぎ,,public discussion (criticism),umum; publik,JLPT_1 JLPT
復旧,ふっきゅう,,"restoration, restitution, rehabilitation",pemulihan; restorasi; rehabilitasi,JLPT_1 JLPT
復興,ふっこう,,"revival, renaissance, reconstruction",kebangkitan kembali,JLPT_1 JLPT
物資,ぶっし,,"goods, materials",barang,JLPT_1 JLPT
仏像,ぶつぞう,,Buddhist image (statue),patung Buddha; arca Buddha,JLPT_1 JLPT
物体,ぶったい,,object,benda,JLPT_1 JLPT
沸騰,ふっとう,,"boiling, seething",mendidih; bergolak,JLPT_1 JLPT
不当,ふとう,,"injustice, impropriety, unfair",tidak adil,JLPT_1 JLPT
不動産,ふどうさん,,real estate,real estat; properti,JLPT_1 JLPT
無難,ぶなん,,"safety, security",keamanan,JLPT_1 JLPT
赴任,ふにん,,(proceeding to) new appointment,menuju tugas baru; pindah jabatan,JLPT_1 JLPT
腐敗,ふはい,,"decay, depravity",kerusakan moral; kebejatan,JLPT_1 JLPT
不評,ふひょう,,"bad reputation, disgrace, unpopularity",buruk; penghinaan,JLPT_1 JLPT
不服,ふふく,,"dissatisfaction, discontent, disapproval",ketidakpuasan,JLPT_1 JLPT
普遍,ふへん,,"universality, ubiquity, omnipresence",universalitas; ada di mana-mana,JLPT_1 JLPT
踏まえる,ふまえる,,"to be based on, to have origin in",didasarkan pada,JLPT_1 JLPT
踏み込む,ふみこむ,,"to step into (someone else's territory, to break into, to raid",memecahkan,JLPT_1 JLPT
不明,ふめい,,"unknown, ambiguous",ambigu; tidak jelas,JLPT_1 JLPT
部門,ぶもん,,"class, group, category, department, field, branch",kelas; kelompok; kategori,JLPT_1 JLPT
扶養,ふよう,,"support, maintenance",mendukung,JLPT_1 JLPT
ふらふら,ふらふら,,"unsteady on one's feet, totter, dizzy",sempoyongan; pusing; tidak stabil,JLPT_1 JLPT
ぶらぶら,ぶらぶら,,"dangle heavily, sway to and fro, stroll idly",bergoyang; berjuntai; berjalan santai,JLPT_1 JLPT
振り返る,ふりかえる,,"to turn head, to turn around, to look back",melihat,JLPT_1 JLPT
振り出し,ふりだし,,"outset, starting point, drawing or issuing (draft)",titik awal,JLPT_1 JLPT
不良,ふりょう,,"badness, delinquent, failure",kegagalan,JLPT_1 JLPT
浮力,ふりょく,,buoyancy,daya apung; gaya ke atas,JLPT_1 JLPT
武力,ぶりょく,,"armed might, military power, the sword, force",kekuatan; gaya,JLPT_1 JLPT
ブル,ブル,,bull,banteng; sapi jantan,JLPT_1 JLPT
震わせる,ふるわせる,,"to be shaking, to be trembling",ada; menjadi,JLPT_1 JLPT
無礼,ぶれい,,"impolite, rude",kasar,JLPT_1 JLPT
付録,ふろく,,"appendix, supplement",lampiran; suplemen,JLPT_1 JLPT
フロント,フロント,,front,permukaan,JLPT_1 JLPT
憤慨,ふんがい,,"indignation, resentment",kebencian,JLPT_1 JLPT
文化財,ぶんかざい,,"cultural assets, cultural property",budaya; kultural,JLPT_1 JLPT
分業,ぶんぎょう,,"division of labor, specialization, assembly-line production",produksi,JLPT_1 JLPT
文語,ぶんご,,"written language, literary language",bahasa tulis; bahasa sastra,JLPT_1 JLPT
分散,ぶんさん,,"dispersion, decentralization, variance (statistics)",varians,JLPT_1 JLPT
分子,ぶんし,,"numerator, molecule",pembilang (pecahan); molekul,JLPT_1 JLPT
紛失,ふんしつ,,losing something,sesuatu,JLPT_1 JLPT
噴出,ふんしゅつ,,"spewing, gushing, spouting",menyembur; mengalir deras,JLPT_1 JLPT
文書,ぶんしょ,,"document, writing",menulis; tulisan,JLPT_1 JLPT
紛争,ふんそう,,"dispute, trouble, strife",masalah; kesulitan,JLPT_1 JLPT
ふんだん,ふんだん,,"plentiful, abundant, lavish",kaya,JLPT_1 JLPT
分担,ぶんたん,,"apportionment, sharing",divisi,JLPT_1 JLPT
奮闘,ふんとう,,"hard struggle, strenuous effort",upaya; usaha,JLPT_1 JLPT
分配,ぶんぱい,,"division, sharing",divisi; pembagian,JLPT_1 JLPT
分母,ぶんぼ,,denominator,penyebut (pecahan),JLPT_1 JLPT
粉末,ふんまつ,,fine powder,denda; bagus,JLPT_1 JLPT
分離,ぶんり,,"separation, detachment, segregation",pemisahan,JLPT_1 JLPT
分裂,ぶんれつ,,"split, division, break up",divisi; pembagian; memecahkan,JLPT_1 JLPT
ペア,ペア,,"pair, pear",pasangan; sepasang,JLPT_1 JLPT
兵器,へいき,,"arms, weapons, ordinance",senjata; persenjataan; amunisi,JLPT_1 JLPT
閉口,へいこう,,shut mouth,mulut tertutup; diam,JLPT_1 JLPT
閉鎖,へいさ,,"closing, closure, shutdown",dilakukan untuk,JLPT_1 JLPT
兵士,へいし,,soldier,tentara; prajurit,JLPT_1 JLPT
平常,へいじょう,,"normal, usual",umum,JLPT_1 JLPT
平方,へいほう,,"square (e.g., meter, square)",persegi; kotak,JLPT_1 JLPT
並列,へいれつ,,"arrangement, parallel, abreast",pengaturan; penyusunan,JLPT_1 JLPT
ベース,ベース,,"base, bass",mendasarkan,JLPT_1 JLPT
辟易,へきえき,,"wince, shrink back, succumbing to, being frightened",keberadaan; makhluk,JLPT_1 JLPT
ぺこぺこ,ぺこぺこ,,"fawn, be very hungry",merayu; sangat lapar,JLPT_1 JLPT
ベスト,ベスト,,best; vest,terbaik; rompi,JLPT_1 JLPT
ベストセラー,ベストセラー,,best-seller,buku laris; bestseller,JLPT_1 JLPT
隔たる,へだたる,,to be distant,ada; menjadi,JLPT_1 JLPT
縁,へり,,edge,tepi; ujung; sisi,JLPT_1 JLPT
へりくだる,へりくだる,,to deprecate oneself and praise the listener,merendahkan diri dan memuji lawan bicara,JLPT_1 JLPT
弁解,べんかい,,"explanation, justification, excuse",penjelasan,JLPT_1 JLPT
変革,へんかく,,"change, reform(the) Reformation",perubahan,JLPT_1 JLPT
返還,へんかん,,"return, restoration",pemulihan; restorasi,JLPT_1 JLPT
便宜,べんぎ,,"convenience, accommodation",akomodasi; tempat tinggal,JLPT_1 JLPT
偏見,へんけん,,"prejudice, narrow view",sempit,JLPT_1 JLPT
弁護,べんご,,"defense, pleading, advocacy",keamanan,JLPT_1 JLPT
返済,へんさい,,repayment,pembayaran kembali; pelunasan,JLPT_1 JLPT
弁償,べんしょう,,"compensation, reparation, reimbursement",pengobatan,JLPT_1 JLPT
変遷,へんせん,,"change, transition, vicissitudes",perubahan,JLPT_1 JLPT
返答,へんとう,,reply,jawaban,JLPT_1 JLPT
変動,へんどう,,"change, fluctuation",perubahan,JLPT_1 JLPT
弁論,べんろん,,"discussion, debate, argument",debat; perdebatan,JLPT_1 JLPT
穂,ほ,,"ear (of plant), head (of plant)",bulir; malai (tanaman),JLPT_1 JLPT
保育,ほいく,,"nursing, nurturing, rearing",budidaya,JLPT_1 JLPT
ボイコット,ボイコット,,boycott,boikot,JLPT_1 JLPT
ポイント,ポイント,,point,titik; poin,JLPT_1 JLPT
法案,ほうあん,,bill (law),rancangan undang-undang; RUU,JLPT_1 JLPT
防衛,ぼうえい,,"defense, protection, self-defense",keamanan; yang lembut,JLPT_1 JLPT
防火,ぼうか,,"fire prevention, fire fighting, fire proof",api,JLPT_1 JLPT
崩壊,ほうかい,,"collapse, decay (physics), crumbling",keruntuhan,JLPT_1 JLPT
妨害,ぼうがい,,"disturbance, obstruction, interference",hambatan; intervensi,JLPT_1 JLPT
法学,ほうがく,,"law, jurisprudence",hukum,JLPT_1 JLPT
封建,ほうけん,,feudalistic,feodal,JLPT_1 JLPT
豊作,ほうさく,,"abundant harvest, bumper crop",panen melimpah; panen raya,JLPT_1 JLPT
方策,ほうさく,,"plan, policy",rencana; kebijakan,JLPT_1 JLPT
奉仕,ほうし,,"attendance, service",layanan,JLPT_1 JLPT
方式,ほうしき,,"form, method, system",metode; cara; sistem,JLPT_1 JLPT
放射,ほうしゃ,,"radiation, emission",radiasi,JLPT_1 JLPT
放射能,ほうしゃのう,,radioactivity,radioaktivitas,JLPT_1 JLPT
報酬,ほうしゅう,,"remuneration, recompense, reward",hadiah; penghargaan,JLPT_1 JLPT
放出,ほうしゅつ,,"release, emit",melepaskan; merilis,JLPT_1 JLPT
報じる,ほうじる,,"to inform, to report",melaporkan,JLPT_1 JLPT
報ずる,ほうずる,,"to inform, to report",melaporkan,JLPT_1 JLPT
紡績,ぼうせき,,spinning,berputar; memintal,JLPT_1 JLPT
呆然,ぼうぜん,,"dumbfounded, overcome with surprise",mengatasi,JLPT_1 JLPT
放置,ほうち,,"leave as is, leave alone, neglect",mengabaikan; lalai,JLPT_1 JLPT
膨張,ぼうちょう,,"expansion, swelling, increase",meningkat,JLPT_1 JLPT
法廷,ほうてい,,courtroom,ruang sidang pengadilan,JLPT_1 JLPT
報道,ほうどう,,"coverage, report",laporan,JLPT_1 JLPT
冒頭,ぼうとう,,"beginning, start, outset",permulaan; awal,JLPT_1 JLPT
暴動,ぼうどう,,"insurrection, riot, uprising",pemberontakan,JLPT_1 JLPT
褒美,ほうび,,"reward, prize",moneter,JLPT_1 JLPT
暴風,ぼうふう,,"storm, windstorm, gale",badai; ribut,JLPT_1 JLPT
葬る,ほうむる,,"to bury, to entomb",mengubur,JLPT_1 JLPT
放り込む,ほうりこむ,,to throw into,melempar,JLPT_1 JLPT
放り出す,ほうりだす,,"to throw out, to give up, to abandon",meninggalkan,JLPT_1 JLPT
暴力,ぼうりょく,,violence,kekerasan,JLPT_1 JLPT
飽和,ほうわ,,saturation,saturasi; kejenuhan,JLPT_1 JLPT
ホース,ホース,,hose,selang; hose,JLPT_1 JLPT
ポーズ,ポーズ,,pause,penangguhan,JLPT_1 JLPT
ホール,ホール,,hall; hole,aula; lubang,JLPT_1 JLPT
保温,ほおん,,"retaining warmth, keeping heat in, heat insulation",menjaga kehangatan; insulasi panas,JLPT_1 JLPT
捕獲,ほかく,,"capture, seizure",menangkap,JLPT_1 JLPT
保管,ほかん,,"custody, safekeeping, storage",penyimpanan,JLPT_1 JLPT
補給,ほきゅう,,"supply, supplying, replenishment",pasokan,JLPT_1 JLPT
補強,ほきょう,,reinforcement,penguatan; bala bantuan,JLPT_1 JLPT
募金,ぼきん,,"fund-raising, collection of funds",koleksi; kumpulan,JLPT_1 JLPT
牧師,ぼくし,,"pastor, minister, clergyman",pendeta; pastor; rohaniwan,JLPT_1 JLPT
捕鯨,ほげい,,whaling,perburuan paus; penangkapan ikan paus,JLPT_1 JLPT
惚ける,ぼける,,"to grow senile, to fade",tumbuh,JLPT_1 JLPT
保険,ほけん,,"insurance, guarantee",keamanan,JLPT_1 JLPT
母校,ぼこう,,alma mater,almamater,JLPT_1 JLPT
母国,ぼこく,,one's home country (same as 自分の国 (じぶんのくに)),negara,JLPT_1 JLPT Intermediate_Japanese_Ln.15 Intermediate_Japanese
誇る,ほこる,,"to boast of, to be proud of",ada; menjadi,JLPT_1 JLPT
綻びる,ほころびる,,"to come apart at the seams, to smile broadly",senyum,JLPT_1 JLPT
干し～,ほし～,,dried ~,kering; dikeringkan,JLPT_1 JLPT
ポジション,ポジション,,position,posisi; kedudukan,JLPT_1 JLPT
干し物,ほしもの,,dried washing (clothes,kering; dikeringkan,JLPT_1 JLPT
保守,ほしゅ,,"conservative, maintaining",konservatif,JLPT_1 JLPT
補充,ほじゅう,,"supplementation, replenishment, replenishing",pengisian ulang; penambahan,JLPT_1 JLPT
補助,ほじょ,,"assistance, support, auxiliary",mendukung,JLPT_1 JLPT
舗装,ほそう,,"pavement, road surface",permukaan,JLPT_1 JLPT
補足,ほそく,,"supplement, complement",suplemen; pelengkap,JLPT_1 JLPT
墓地,ぼち,,"cemetery, graveyard",pemakaman; kuburan,JLPT_1 JLPT
発作,ほっさ,,"fit, attack",menyerang,JLPT_1 JLPT
没収,ぼっしゅう,,forfeited,disita; hilang hak,JLPT_1 JLPT
発足,ほっそく,,"starting, inauguration",kantor,JLPT_1 JLPT
ポット,ポット,,pot,panci; pot,JLPT_1 JLPT
ほっぺた,ほっぺた,,cheek,pipi,JLPT_1 JLPT
ぼつぼつ,ぼつぼつ,,"gradually, here and there, spots",perlahan-lahan,JLPT_1 JLPT
没落,ぼつらく,,"ruin, fall, collapse",keruntuhan,JLPT_1 JLPT
解ける,ほどける,,"to come untied, to come apart",terurai; lepas; terpisah,JLPT_1 JLPT
施す,ほどこす,,"to give, to conduct, to perform",memberikan,JLPT_1 JLPT
ほとり,ほとり,,vicinity of lake; river,sungai,JLPT_1 JLPT
ぼやく,ぼやく,,"to grumble, to complain",banding,JLPT_1 JLPT
ぼやける,ぼやける,,"to become dim, to become blurred",ada; menjadi,JLPT_1 JLPT
保養,ほよう,,"health preservation, recuperation, recreation",kesehatan,JLPT_1 JLPT
捕虜,ほりょ,,prisoner of war,tawanan perang; POW,JLPT_1 JLPT
ボルト,ボルト,,volt; bolt,volt; baut,JLPT_1 JLPT
滅びる,ほろびる,,"to be ruined, to perish, to be destroyed",ada; menjadi,JLPT_1 JLPT
滅ぼす,ほろぼす,,"to destroy, to overthrow, to ruin",merusak; keruntuhan,JLPT_1 JLPT
本格,ほんかく,,"propriety, full-scale",benar dan salah,JLPT_1 JLPT
本館,ほんかん,,main building,utama,JLPT_1 JLPT
本気,ほんき,,"seriousness, truth, sanctity",kebenaran,JLPT_1 JLPT
本国,ほんごく,,one's own country,negara,JLPT_1 JLPT
本質,ほんしつ,,"essence, true nature, reality",kebenaran,JLPT_1 JLPT
本体,ほんたい,,"substance, body, trunk",tubuh; badan,JLPT_1 JLPT
本音,ほんね,,"(one's) real intention, motive",insentif,JLPT_1 JLPT Intermediate_Japanese_Ln.15 Intermediate_Japanese
本能,ほんのう,,instinct,naluri; insting,JLPT_1 JLPT
本場,ほんば,,"home, best place, genuine",asli; tulus,JLPT_1 JLPT
ポンプ,ポンプ,,pump,pompa,JLPT_1 JLPT
本文,ほんぶん,,"text (of document), body (of letter)",tubuh; badan,JLPT_1 JLPT
本名,ほんみょう,,real name,nama,JLPT_1 JLPT
マーク,マーク,,mark,menandai; tanda,JLPT_1 JLPT
マイ～,マイ～,,"my ~, one's own ~",milik sendiri,JLPT_1 JLPT
マイクロフォン,マイクロフォン,,microphone,mikrofon,JLPT_1 JLPT
埋蔵,まいぞう,,"buried property, treasure trove",harta karun; benda terpendam,JLPT_1 JLPT
舞う,まう,,"to dance, to flutter about, to revolve",menari,JLPT_1 JLPT
真上,まうえ,,"just above, right overhead",hak,JLPT_1 JLPT
前売,まえうり,,"advance sale, booking",maju,JLPT_1 JLPT
前置き,まえおき,,"preface, introduction",kata pengantar; pendahuluan,JLPT_1 JLPT
任す,まかす,,"to entrust, to leave to a person",mempercayakan; menitipkan kepada,JLPT_1 JLPT
負かす,まかす,,to defeat,mengalahkan,JLPT_1 JLPT
賄う,まかなう,,"to give board to, to provide meals, to pay",membayar,JLPT_1 JLPT
紛らわしい,まぎらわしい,,"confusing, misleading, ambiguous",ambigu; tidak jelas,JLPT_1 JLPT
紛れる,まぎれる,,"to be diverted, to slip into",ada; menjadi,JLPT_1 JLPT
真心,まごころ,,"sincerity, devotion",serius,JLPT_1 JLPT
まごつく,まごつく,,"to be confused, to be flustered",ada; menjadi,JLPT_1 JLPT
誠,まこと,,"truth, faith, fidelity",kebenaran,JLPT_1 JLPT
誠に,まことに,,"indeed, really (very polite), absolutely",memang; sungguh,JLPT_1 JLPT Genki_Ln.20 Genki
まさしく,まさしく,,"surely, no doubt, evidently",tidak diragukan lagi,JLPT_1 JLPT
勝る,まさる,,"to excel, to surpass, to out-rival",bertahan,JLPT_1 JLPT
～増し,～増し,,~increase,meningkat,JLPT_1 JLPT
交える,まじえる,,"to mix, to converse with, to cross (swords)",mencampur,JLPT_1 JLPT
真下,ました,,"right under, directly below",hak,JLPT_1 JLPT
まして,まして,,"still more, still less (with neg. verb), to say nothing of",berkata,JLPT_1 JLPT
交わる,まじわる,,"to cross, to intersect, to mingle with,",lulus; ada,JLPT_1 JLPT
麻酔,ますい,,anesthesia,anestesi; pembiusan,JLPT_1 JLPT
またがる (うまを～),またがる (うまを～),,to straddle,mengangkangi; duduk mengangkang,JLPT_1 JLPT
待ち合わせ,まちあわせ,,appointment,janji,JLPT_1 JLPT
待ち遠しい,まちどおしい,,looking forward to,menantikan; menunggu dengan antusias,JLPT_1 JLPT
待ち望む,まちのぞむ,,"to look anxiously for, to wait eagerly for",melihat,JLPT_1 JLPT
まちまち,まちまち,,"various, different",berbagai; berbeda,JLPT_1 JLPT
末期,まっき,,"deathbed, hour of death",ranjang kematian; saat kematian,JLPT_1 JLPT
真っ二つ,まっぷたつ,,in two equal parts,dalam; di,JLPT_1 JLPT
まと,まと,,"mark, target",target; sasaran,JLPT_1 JLPT
纏まり,まとまり,,"conclusion, settlement, consistency",penyelesaian; perdamaian,JLPT_1 JLPT
纏め,まとめ,,"settlement, conclusion",penyelesaian; perdamaian,JLPT_1 JLPT
免れる,まぬがれる,,"to escape from, to be exempted",ada; menjadi,JLPT_1 JLPT
招き,まねき,,invitation,pendahuluan,JLPT_1 JLPT
瞬き,まばたき,,"wink, twinkling (of stars), flicker (of light)",kedip; berkelip; berkedip,JLPT_1 JLPT
麻痺,まひ,,"paralysis, palsy, numbness",kelumpuhan; lumpuh; mati rasa,JLPT_1 JLPT
～まみれ,～まみれ,,"covered with (by, in) ~",tertutup oleh ~; diliputi ~,JLPT_1 JLPT
眉,まゆ,,eyebrow,alis mata,JLPT_1 JLPT
鞠,まり,,ball,bola,JLPT_1 JLPT
丸ごと,まるごと,,"in its entirety, whole, wholly",dalam; di,JLPT_1 JLPT
まるっきり,まるっきり,,"completely, perfectly, just as if",sepenuhnya,JLPT_1 JLPT
丸々,まるまる,,completely,sepenuhnya,JLPT_1 JLPT
丸める,まるめる,,"to make round, to round off, to roll up",membulatkan; menggulung,JLPT_1 JLPT
満月,まんげつ,,full moon,penuh,JLPT_1 JLPT
満場,まんじょう,,"unanimous, whole audience",bulat; seluruh hadirin; suara bulat,JLPT_1 JLPT
真ん前,まんまえ,,"right in front, under the nose",hak,JLPT_1 JLPT
真ん丸い,まんまるい,,perfectly circular,lingkaran sempurna,JLPT_1 JLPT
真ん円い,まんまるい,,perfectly round,bulat sempurna,JLPT_1 JLPT
～味,～み,,~ cast (sense of taste),gips,JLPT_1 JLPT
見合い,みあい,,formal marriage interview,formal,JLPT_1 JLPT
見合わせる,みあわせる,,to exchange glances; to postpone,menukar; pertukaran,JLPT_1 JLPT
見落とす,みおとす,,"to overlook, to fail to notice",mengabaikan; mengawasi dari atas,JLPT_1 JLPT
未開,みかい,,"savage land, backward region, uncivilized",daerah terbelakang; tidak beradab,JLPT_1 JLPT
味覚,みかく,,"taste, palate, sense of taste",mencicipi,JLPT_1 JLPT
幹,みき,,(tree) trunk,batang pohon,JLPT_1 JLPT
見苦しい,みぐるしい,,"unsightly, ugly",jelek,JLPT_1 JLPT
見込み,みこみ,,"prospects, expectation, hope",harapan,JLPT_1 JLPT
未婚,みこん,,unmarried,sendiri,JLPT_1 JLPT
未熟,みじゅく,,"inexperience, unskilled, immature",kurang pengalaman; tidak terampil; belum matang,JLPT_1 JLPT
微塵,みじん,,"particle, atom",partikel,JLPT_1 JLPT
水気,みずけ,,"moisture, dampness",kelembaban; uap air,JLPT_1 JLPT
ミスプリント,ミスプリント,,misprint,salah cetak,JLPT_1 JLPT
みすぼらしい,みすぼらしい,,"shabby, seedy",lusuh; jelek; tidak terawat,JLPT_1 JLPT
ミセス,ミセス,,Mrs.,Nyonya; Ibu (untuk wanita menikah),JLPT_1 JLPT
見せびらかす,みせびらかす,,"to show off, to flaunt",pamer,JLPT_1 JLPT
見せ物,みせもの,,"show, exhibition",pameran,JLPT_1 JLPT
溝,みぞ,,"ditch, drain, gutter, gap",menguras; mengalirkan,JLPT_1 JLPT
満たす,みたす,,"to satisfy, to ingratiate, to fill, to fulfill",memenuhi,JLPT_1 JLPT
乱す,みだす,,"to throw out of order, to disarrange, to disturb",melempar,JLPT_1 JLPT
乱れる,みだれる,,"to get confused, to be disordered, to be disturbed",bingung; ada; menjadi,JLPT_1 JLPT
未知,みち,,not yet known,belum,JLPT_1 JLPT
身近,みぢか,,"near oneself, close to one, familiar",menutup,JLPT_1 JLPT
導く,みちびく,,"to be guided, to be shown",ada; menjadi,JLPT_1 JLPT
密集,みっしゅう,,"crowd, close formation, dense",kerumunan; orang banyak,JLPT_1 JLPT
密接,みっせつ,,"connected, close, intimate",menutup,JLPT_1 JLPT
密度,みつど,,density,kepadatan; densitas,JLPT_1 JLPT
見積もり,みつもり,,"estimation, quotation",perkiraan; estimasi,JLPT_1 JLPT
未定,みてい,,"not yet fixed, undecided, pending",belum,JLPT_1 JLPT
見通し,みとおし,,"perspective, unobstructed view, prospect",perspektif; sudut pandang,JLPT_1 JLPT
見なす,みなす,,"to consider as, to regard",mempertimbangkan,JLPT_1 JLPT
源,みなもと,,"source, origin",asal; asal usul,JLPT_1 JLPT
見習う,みならう,,to follow another's example,mengikuti,JLPT_1 JLPT
身なり,みなり,,personal appearance,pribadi; personal,JLPT_1 JLPT
峰,みね,,"peak, ridge",sulit,JLPT_1 JLPT
身の上,みのうえ,,"one's future, one's welfare, one's personal history",sejarah,JLPT_1 JLPT
見逃す,みのがす,,"to miss, to overlook, to leave at large",merindukan; melewatkan; mengabaikan; mengawasi dari atas,JLPT_1 JLPT
身の回り,みのまわり,,"one's personal appearance, personal belongings",pribadi; personal,JLPT_1 JLPT
見計らう,みはからう,,to choose at one's own discretion,memilih,JLPT_1 JLPT
見晴らし,みはらし,,view,pendapat,JLPT_1 JLPT
身振り,みぶり,,gesture,isyarat; gerak-gerik; gestur,JLPT_1 JLPT Intermediate_Japanese Intermediate_Japanese_Ln.11
脈,みゃく,,pulse,denyut nadi; pulsa,JLPT_1 JLPT
ミュージック,ミュージック,,music,musik,JLPT_1 JLPT
未練,みれん,,"lingering affection, attachment, regret(s)",rasa sayang yang tersisa; penyesalan,JLPT_1 JLPT
見渡す,みわたす,,"to look out over, to survey (scene), to take an extensive view of",melihat,JLPT_1 JLPT
民宿,みんしゅく,,private house providing lodging and meals to tourists,pribadi; privat,JLPT_1 JLPT Intermediate_Japanese_Ln.10 Intermediate_Japanese
民族,みんぞく,,"people, race",nasional; berlari,JLPT_1 JLPT
民俗,みんぞく,,folk customs,adat istiadat; kebiasaan rakyat,JLPT_1 JLPT
無意味,むいみ,,"nonsense, no meaning",arti; makna,JLPT_1 JLPT
ムード,ムード,,mood,perasaan,JLPT_1 JLPT
無口,むくち,,reticence,pendiam; tidak banyak bicara,JLPT_1 JLPT
婿,むこ,,son-in-law,menantu laki-laki,JLPT_1 JLPT
無効,むこう,,"invalid, no effect, unavailable",tidak tersedia,JLPT_1 JLPT
無言,むごん,,silence,keheningan; kesunyian,JLPT_1 JLPT
無邪気,むじゃき,,"innocence, simple-mindedness",tidak bersalah,JLPT_1 JLPT
むしる,むしる,,"to pluck, to pick, to tear",merobek; air mata,JLPT_1 JLPT
結び,むすび,,"ending, conclusion, union",serikat; persatuan; uni,JLPT_1 JLPT
結び付き,むすびつき,,"connection, relation",koneksi; hubungan,JLPT_1 JLPT
結び付く,むすびつく,,"to be connected or related, to join together",bergabung,JLPT_1 JLPT
結び付ける,むすびつける,,"to combine, to join, to tie on, to attach with a knot",menggabungkan,JLPT_1 JLPT
無線,むせん,,"wireless, radio",nirkabel; radio,JLPT_1 JLPT
無駄遣い,むだづかい,,"waste money on, squander money on",uang,JLPT_1 JLPT Genki_Ln.22 Genki
無断,むだん,,"without permission, without notice",tanpa izin; tanpa pemberitahuan,JLPT_1 JLPT
無知,むち,,ignorance,ketidaktahuan; kebodohan,JLPT_1 JLPT
無茶,むちゃ,,"absurd, unreasonable",tidak mungkin,JLPT_1 JLPT Intermediate_Japanese_Ln.12 Intermediate_Japanese
無茶苦茶,むちゃくちゃ,,"confused, jumbled, mixed up, unreasonable",campuran,JLPT_1 JLPT
空しい,むなしい,,"vacant, futile, vain",kosong,JLPT_1 JLPT
無念,むねん,,"chagrin, regret",pertobatan,JLPT_1 JLPT
無能,むのう,,"inefficiency, incompetence",ketidakefisienan; ketidakmampuan,JLPT_1 JLPT
無闇に,むやみに,,"unreasonably, absurdly, at random",secara acak,JLPT_1 JLPT
無用,むよう,,"useless, needlessness, unnecessariness",tidak berguna,JLPT_1 JLPT
斑,むら,,"unevenness, inconsistency, irregularity",ketidakkonsistenan,JLPT_1 JLPT
群がる,むらがる,,"to swarm, to gather",berkumpul,JLPT_1 JLPT
無論,むろん,,"of course, naturally",secara alami,JLPT_1 JLPT
名産,めいさん,,noted product,produk,JLPT_1 JLPT
名称,めいしょう,,name,nama,JLPT_1 JLPT
命中,めいちゅう,,a hit,sebuah; suatu,JLPT_1 JLPT
明白,めいはく,,"obvious, clear",jelas,JLPT_1 JLPT
名簿,めいぼ,,register of names,daftar nama; register,JLPT_1 JLPT
名誉,めいよ,,"honor, credit, prestige",kehormatan; mengklaim; martabat,JLPT_1 JLPT
明瞭,めいりょう,,clarity,kejelasan,JLPT_1 JLPT
明朗,めいろう,,"bright, clear, cheerful",cerah; terang; jelas,JLPT_1 JLPT
メーカー,メーカー,,manufacturer,produsen; pabrik,JLPT_1 JLPT
目方,めかた,,weight,berat,JLPT_1 JLPT
恵み,めぐみ,,blessing,manfaat,JLPT_1 JLPT
恵む,めぐむ,,"to bless, to show mercy to",memberkati; menunjukkan belas kasih,JLPT_1 JLPT
目覚しい,めざましい,,"brilliant, remarkable",cemerlang; brilian,JLPT_1 JLPT
目覚める,めざめる,,to wake up,bangun tidur,JLPT_1 JLPT
召す,めす,,"to call, to send for, to put on",menelepon,JLPT_1 JLPT
雌,めす,,female (animal),betina (hewan),JLPT_1 JLPT
目付き,めつき,,"look, expression of the eyes, eyes",melihat,JLPT_1 JLPT
滅亡,めつぼう,,"downfall, collapse, destruction",keruntuhan,JLPT_1 JLPT
メディア,メディア,,media,media,JLPT_1 JLPT
目途,めど,,"goal, outlook",tujuan; sasaran,JLPT_1 JLPT
目盛,めもり,,"scale, gradations",skala,JLPT_1 JLPT
メロディー,メロディー,,melody,melodi,JLPT_1 JLPT
面会,めんかい,,interview,wawancara,JLPT_1 JLPT
免除,めんじょ,,"exemption, exoneration, discharge",pembebasan; pengecualian,JLPT_1 JLPT
面する,めんする,,"to face on, to look out on to",melihat,JLPT_1 JLPT
面目,めんぼく,,"face, honor, reputation",wajah; menghadapi,JLPT_1 JLPT
面目,めんもく,,"face, honor, reputation",wajah; menghadapi,JLPT_1 JLPT
～網,～もう,,~ network,jaringan,JLPT_1 JLPT
設ける,もうける,,"to create, to establish",membuat,JLPT_1 JLPT
申し入れる,もうしいれる,,"to propose, to suggest",menyarankan,JLPT_1 JLPT
申込,もうしこみ,,"application, request, proposal",aplikasi; penerapan,JLPT_1 JLPT
申出,もうしで,,"request, claim, report",laporan,JLPT_1 JLPT
申し出る,もうしでる,,"to report to, to tell, to suggest",memberitahu,JLPT_1 JLPT
申し分,もうしぶん,,"objection, shortcomings",keberatan,JLPT_1 JLPT
盲点,もうてん,,blind spot,titik buta; blind spot,JLPT_1 JLPT
猛烈,もうれつ,,"violent, vehement, rage",kasar; kemarahan,JLPT_1 JLPT
モーテル,モーテル,,motel,motel,JLPT_1 JLPT
もがく,もがく,,"to struggle, to wriggle, to be impatient",ada; menjadi,JLPT_1 JLPT
目録,もくろく,,"catalogue, catalog, list",meja,JLPT_1 JLPT
目論見,もくろみ,,"a plan, a scheme, intention",sebuah; suatu,JLPT_1 JLPT
模型,もけい,,"model, dummy, marquette",model,JLPT_1 JLPT
模索,もさく,,groping (for),meraba-raba; mencari dengan meraba,JLPT_1 JLPT
もしかして,もしかして,,"perhaps, possibly",mungkin,JLPT_1 JLPT
もしくは,もしくは,,"or, otherwise",atau,JLPT_1 JLPT
もたらす,もたらす,,"to bring, to take, to bring about",membawa; mengambil,JLPT_1 JLPT
持ち切り,もちきり,,"hot topic, talk of the town",topik panas; pembicaraan,JLPT_1 JLPT
目下,もっか,,"at present, now",di; pada; sekarang,JLPT_1 JLPT
専ら,もっぱら,,"wholly, solely, entirely",sama sekali tidak; (kata sandang),JLPT_1 JLPT
もてなす,もてなす,,"to entertain, to make welcome",menjamu; menghibur; menyambut,JLPT_1 JLPT
もてる,もてる,,"to be well liked, to be popular",ada; menjadi,JLPT_1 JLPT
モニター,モニター,,(computer) monitor,monitor komputer,JLPT_1 JLPT
物好き,ものずき,,(idle) curiosity,rasa ingin tahu,JLPT_1 JLPT
物足りない,ものたりない,,"unsatisfied, unsatisfactory",tidak memuaskan,JLPT_1 JLPT
もはや,もはや,,"already, now",sudah,JLPT_1 JLPT
模範,もはん,,"model, example",model,JLPT_1 JLPT
模倣,もほう,,"imitation, copying",perilaku,JLPT_1 JLPT
もめる,もめる,,"to disagree, to dispute",membantah; memperselisihkan,JLPT_1 JLPT
股,もも,,"thigh, femur",paha,JLPT_1 JLPT
腿,もも,,"thigh, femur",paha,JLPT_1 JLPT
催す,もよおす,,"to hold (a meeting), to give (a dinner)",memegang; menampung,JLPT_1 JLPT
漏らす,もらす,,"to let leak, to reveal",mengungkapkan,JLPT_1 JLPT
盛り上がる,もりあがる,,"to rouse, to swell, to rise",berkembang; untuk bangkit,JLPT_1 JLPT
漏る,もる,,"to leak, to run out",bocor; mengalir keluar,JLPT_1 JLPT
漏れる,もれる,,"to leak out, to escape, to filter out",melarikan diri,JLPT_1 JLPT
脆い,もろい,,"brittle, fragile, tender-hearted",lembut; empuk,JLPT_1 JLPT
もろに,もろに,,"completely, altogether, bodily",sepenuhnya,JLPT_1 JLPT
矢,や,,arrow,panah,JLPT_1 JLPT
野外,やがい,,"fields, outskirts, open air, suburbs",membuka,JLPT_1 JLPT
～薬,～やく,,medicine,obat,JLPT_1 JLPT
夜具,やぐ,,bedding,perlengkapan tidur; selimut,JLPT_1 JLPT
役職,やくしょく,,"post, managerial position, official position",posisi; kedudukan,JLPT_1 JLPT
役場,やくば,,town hall,umum,JLPT_1 JLPT
やけに,やけに,,"sure, very",sangat,JLPT_1 JLPT
屋敷,やしき,,mansion,rumah mewah; gedung mewah,JLPT_1 JLPT
養う,やしなう,,"to rear, to maintain, to cultivate",memelihara; mempertahankan,JLPT_1 JLPT
野心,やしん,,"ambition, aspiration",ambisi; tekad,JLPT_1 JLPT
安っぽい,やすっぽい,,"cheap-looking, tawdry",murahan; norak; berkualitas rendah,JLPT_1 JLPT
休める,やすめる,,"to rest, to suspend, to give relief",beristirahat,JLPT_1 JLPT
野生,やせい,,wild,kasar,JLPT_1 JLPT
奴,やつ,,"(vulg.) fellow, guy, chap",pria; orang (kata kasar/informal),JLPT_1 JLPT
闇,やみ,,"darkness, shady, illegal",kegelapan; melanggar hukum,JLPT_1 JLPT
病む,やむ,,"to fall ill, to be ill",jatuh,JLPT_1 JLPT
ややこしい,ややこしい,,"puzzling, tangled, complicated, complex",rumit; kompleks,JLPT_1 JLPT
やりとおす,やりとおす,,"to carry through, to achieve, to complete",mencapai,JLPT_1 JLPT
やりとげる,やりとげる,,to accomplish,menyelesaikan,JLPT_1 JLPT
和らげる,やわらげる,,"to soften, to moderate, to relieve",sedang; moderat,JLPT_1 JLPT
ヤング,ヤング,,young,muda,JLPT_1 JLPT
～油,～ゆ,,~ oil,minyak ~,JLPT_1 JLPT
優位,ゆうい,,"predominance, ascendancy, superiority",keberadaan; tinggi,JLPT_1 JLPT
憂鬱,ゆううつ,,"depression, melancholy",depresi ekonomi,JLPT_1 JLPT
有益,ゆうえき,,"beneficial, profitable",bermanfaat; menguntungkan,JLPT_1 JLPT
優越,ゆうえつ,,"supremacy, predominance, being superior to",keberadaan; makhluk,JLPT_1 JLPT
勇敢,ゆうかん,,"bravery, heroism, gallantry",dan keberanian,JLPT_1 JLPT
夕暮れ,ゆうぐれ,,"evening, (evening) twilight",sore,JLPT_1 JLPT
融資,ゆうし,,"financing, loan",pinjaman,JLPT_1 JLPT
有する,ゆうする,,"to own, to be endowed with",ada; menjadi,JLPT_1 JLPT
優勢,ゆうせい,,"superiority, superior power, predominance",tinggi; keberadaan,JLPT_1 JLPT
優先,ゆうせん,,"preference, priority",prioritas,JLPT_1 JLPT
誘導,ゆうどう,,"guidance, leading, inducement",bimbingan; panduan,JLPT_1 JLPT
融通,ゆうずう,,"adaptability, versatility, finance",ekonomi,JLPT_1 JLPT
優美,ゆうび,,"grace, refinement, elegance",keanggunan; kehalusan budi,JLPT_1 JLPT
有望,ゆうぼう,,"good prospects, full of hope, promising",baik; bagus,JLPT_1 JLPT
遊牧,ゆうぼく,,nomadism,nomadisme; kehidupan berpindah,JLPT_1 JLPT
夕焼け,ゆうやけ,,sunset,matahari terbenam; senja,JLPT_1 JLPT
有力,ゆうりょく,,"influence, prominence; potent",pengaruh,JLPT_1 JLPT
幽霊,ゆうれい,,"ghost, specter, phantom",penampakan,JLPT_1 JLPT
誘惑,ゆうわく,,"temptation, allurement, lure",godaan; iming-iming,JLPT_1 JLPT
故,ゆえ,,"reason, cause, circumstances",alasan; penyebab,JLPT_1 JLPT
歪む,ゆがむ,,"to warp, to be crooked, to be distorted",melengkung; melintir,JLPT_1 JLPT
揺さぶる,ゆさぶる,,"to shake, to jolt, to rock, to swing",mengguncang; gemetar; mengayunkan; berayun,JLPT_1 JLPT
濯ぐ,ゆすぐ,,"to rinse, to wash out",membilas; mencuci bersih,JLPT_1 JLPT
ゆとり,ゆとり,,"reserve, affluence, time (to spare)",waktu,JLPT_1 JLPT
ユニーク,ユニーク,,unique,unik,JLPT_1 JLPT
ユニフォーム,ユニフォーム,,uniform,seragam; seragam,JLPT_1 JLPT
指差す,ゆびさす,,to point at,menunjuk; mengarahkan jari,JLPT_1 JLPT
弓,ゆみ,,bow,busur panah; membungkuk,JLPT_1 JLPT
揺らぐ,ゆらぐ,,"to swing, to sway, to shake",mengayunkan; berayun; mengguncang; gemetar,JLPT_1 JLPT
緩む,ゆるむ,,"to become loose, to slacken",ada; menjadi,JLPT_1 JLPT
緩める,ゆるめる,,"to loosen, to slow down",mengendurkan; melepaskan,JLPT_1 JLPT
緩やか,ゆるやか,,lenient,lambat,JLPT_1 JLPT
要因,よういん,,"primary factor, main cause",penyebab,JLPT_1 JLPT
溶液,ようえき,,solution,solusi,JLPT_1 JLPT
用件,ようけん,,business,perusahaan,JLPT_1 JLPT
養護,ようご,,"protection, nursing, protective care",yang lembut,JLPT_1 JLPT
用紙,ようし,,a form,sebuah; suatu,JLPT_1 JLPT Intermediate_Japanese Intermediate_Japanese_Ln.3
様式,ようしき,,"style, form, pattern",pola,JLPT_1 JLPT
要する,ようする,,"to demand, to require, to take",permintaan; mengambil,JLPT_1 JLPT
要請,ようせい,,"claim, demand, request, application",permintaan,JLPT_1 JLPT
様相,ようそう,,aspect,aspek; sisi,JLPT_1 JLPT
用品,ようひん,,"articles, supplies, parts",barang; perlengkapan; suku cadang,JLPT_1 JLPT
洋風,ようふう,,western style,gaya; cara,JLPT_1 JLPT
用法,ようほう,,"directions, rules of use",langsung,JLPT_1 JLPT
要望,ようぼう,,"demand for, request",permintaan,JLPT_1 JLPT
余暇,よか,,"leisure, leisure time, spare time",waktu,JLPT_1 JLPT
予感,よかん,,"presentiment, premonition",firasat; pertanda; premonisi,JLPT_1 JLPT
余興,よきょう,,"side show, entertainment",sisi; samping,JLPT_1 JLPT
預金,よきん,,"deposit, bank account",bank,JLPT_1 JLPT
欲,よく,,"greed, wants",keserakahan; keinginan berlebih,JLPT_1 JLPT
抑圧,よくあつ,,"restraint, oppression, suppression",penindasan,JLPT_1 JLPT
浴室,よくしつ,,"bathroom, bath",bus,JLPT_1 JLPT
抑制,よくせい,,"control, restraint, suppression",penindasan,JLPT_1 JLPT
欲深い,よくふかい,,greedy,serakah; rakus,JLPT_1 JLPT
欲望,よくぼう,,"desire, appetite",keinginan,JLPT_1 JLPT Intermediate_Japanese_Ln.13 Intermediate_Japanese
避ける,よける,,"to avoid (physical contact with; to ward off, to avert",menghindari,JLPT_1 JLPT
予言,よげん,,"prediction, promise, prognostication",janji,JLPT_1 JLPT
横綱,よこづな,,sumo grand champion,sumo; gulat tradisional Jepang,JLPT_1 JLPT
汚れ,よごれ,,"dirt, filth",kotoran; kekotoran,JLPT_1 JLPT
よし (かん),よし (かん),,all right!,semua; seluruh,JLPT_1 JLPT
良し,よし,,all right!,semua; seluruh,JLPT_1 JLPT
善し悪し,よしあし,,"good or bad, merits or demerits, quality",kualitas; mutu,JLPT_1 JLPT
余所見,よそみ,,"looking away, looking aside",berpaling; melihat ke samping,JLPT_1 JLPT
余地,よち,,"place, room, margin",kamar; ruangan,JLPT_1 JLPT
よって (よりどころ),よって (よりどころ),,"therefore, consequently",oleh karena itu,JLPT_1 JLPT
与党,よとう,,"government party, (ruling) party in power, government",pemerintah,JLPT_1 JLPT
呼び止める,よびとめる,,to flag down,menghentikan (kendaraan); melambaikan tangan,JLPT_1 Intermediate_Japanese_Ln.6 JLPT Intermediate_Japanese
夜更し,よふかし,,"staying up late, keeping late hours",begadang; tidur larut malam,JLPT_1 JLPT
夜更け,よふけ,,late at night,malam,JLPT_1 JLPT
余程,よほど,,"very, much, to a large extent, quite",besar,JLPT_1 JLPT
読み上げる,よみあげる,,"to read out loud (and clearly), to call a roll",memanggil; menelepon,JLPT_1 JLPT
～寄り,～より,,"near to ~ (e.g., North by East)",dekat ke ~; arah ~,JLPT_1 JLPT
寄り掛かる,よりかかる,,"to lean against, to recline on, to lean on, to rely on",mengandalkan,JLPT_1 JLPT
世論,よろん,,public opinion,pendapat,JLPT_1 JLPT
弱る,よわる,,"to weaken, to be troubled, to be emaciated",ada; menjadi,JLPT_1 JLPT
来場,らいじょう,,attendance,layanan,JLPT_1 JLPT
ライス,ライス,,rice,nasi,JLPT_1 JLPT
酪農,らくのう,,dairy farming,peternakan sapi perah; usaha susu,JLPT_1 JLPT
落下,らっか,,"fall, drop, come down",jatuh,JLPT_1 JLPT
楽観,らっかん,,optimism,optimisme,JLPT_1 JLPT
ランプ,ランプ,,lamp; ramp,lampu; jalan miring,JLPT_1 JLPT
濫用,らんよう,,"abuse, misuse, using to excess",buruk; melecehkan,JLPT_1 JLPT
リード,リード,,lead; reed,memimpin,JLPT_1 JLPT
理屈,りくつ,,"theory, reason",alasan,JLPT_1 JLPT
利子,りし,,interest (bank),bunga; minat,JLPT_1 JLPT
利潤,りじゅん,,"profit, returns",keuntungan; laba,JLPT_1 JLPT
理性,りせい,,"reason, sense",alasan,JLPT_1 JLPT
利息,りそく,,interest (bank),bunga; minat,JLPT_1 JLPT
立体,りったい,,solid body,tubuh; badan,JLPT_1 JLPT
立方,りっぽう,,cube,kubus; dadu,JLPT_1 JLPT
立法,りっぽう,,"legislation, lawmaking",legislasi; perundangan,JLPT_1 JLPT
利点,りてん,,"advantage, point in favor",titik; poin,JLPT_1 JLPT
略奪,りゃくだつ,,"pillage, looting, robbery",perampokan,JLPT_1 JLPT
略語,りゃくご,,"abbreviation, acronym",singkatan,JLPT_1 JLPT
流通,りゅうつう,,"circulation of money or goods, distribution",distribusi,JLPT_1 JLPT
領域,りょういき,,"area, territory, region",area; wilayah; wilayah; daerah,JLPT_1 JLPT
了解,りょうかい,,"comprehension, consent, understanding",persetujuan; pengakuan,JLPT_1 JLPT
領海,りょうかい,,territorial waters,perairan teritorial; laut wilayah,JLPT_1 JLPT
両極,りょうきょく,,"both extremities, north and south poles",kedua kutub; kutub utara dan selatan,JLPT_1 JLPT
良好,りょうこう,,"favorable, satisfactory",baik,JLPT_1 JLPT
良識,りょうしき,,good sense,baik; bagus,JLPT_1 JLPT
良質,りょうしつ,,"good quality, superior quality",kualitas; mutu,JLPT_1 JLPT
了承,りょうしょう,,"acknowledgment, understanding",pengakuan,JLPT_1 JLPT
良心,りょうしん,,conscience,nurani; hati nurani,JLPT_1 JLPT
領地,りょうち,,territory,negara,JLPT_1 JLPT
領土,りょうど,,"territory, possession",negara; kamar,JLPT_1 JLPT
両立,りょうりつ,,"compatibility, coexistence, standing together",bersama,JLPT_1 JLPT
旅客,りょかく,,passenger,lewat; melewati,JLPT_1 JLPT
旅券,りょけん,,passport,lewat; melewati,JLPT_1 JLPT
履歴,りれき,,"personal history, background, log",latar belakang,JLPT_1 JLPT
理論,りろん,,theory,teori,JLPT_1 JLPT
林業,りんぎょう,,forestry,kehutanan,JLPT_1 JLPT
類,るい,,"kind, class, family",baik hati; ramah; kelas; keluarga,JLPT_1 JLPT
類推,るいすい,,analogy,analogi,JLPT_1 JLPT
類似,るいじ,,analogous,analog; serupa,JLPT_1 JLPT
ルーズ,ルーズ,,loose,lambat,JLPT_1 JLPT
冷酷,れいこく,,"cruelty, coldheartedness, ruthless",kekejaman,JLPT_1 JLPT
冷蔵,れいぞう,,refrigeration,pendinginan; refrigerasi,JLPT_1 JLPT
冷淡,れいたん,,"coolness, indifference",kedinginan; ketidakpedulian,JLPT_1 JLPT
レース,レース,,race; lace,berlari,JLPT_1 JLPT
レギュラー,レギュラー,,regular,teratur; rutin,JLPT_1 JLPT
レッスン,レッスン,,lesson,pelajaran,JLPT_1 JLPT
レディー,レディー,,lady,wanita,JLPT_1 JLPT
レバー,レバー,,lever; liver,jeroan,JLPT_1 JLPT
恋愛,れんあい,,"love, romance",sangat suka,JLPT_1 JLPT
バッテリー,バッテリー,,battery,baterai,JLPT_1 JLPT
バット,バット,,"bat, vat",tongkat; bak,JLPT_1 JLPT
発病,はつびょう,,"attack, to become sick",sakit,JLPT_1 JLPT
初耳,はつみみ,,something heard for the first time,waktu,JLPT_1 JLPT
果て,はて,,"the end, the extremity, the limit(s)",(kata sandang),JLPT_1 JLPT
果てる,はてる,,"to end, to be finished, to be exhausted",mengakhiri,JLPT_1 JLPT
ばてる,ばてる,,"to be exhausted, to be worn out",ada; menjadi,JLPT_1 JLPT
パトカー,パトカー,,patrol car,patroli,JLPT_1 JLPT
甚だ,はなはだ,,"very, greatly, exceedingly",sangat,JLPT_1 JLPT
華々しい,はなばなしい,,"brilliant, magnificent, spectacular",cemerlang; brilian,JLPT_1 JLPT
花びら,はなびら,,(flower) petal,kelopak bunga,JLPT_1 JLPT
華やか,はなやか,,"brilliant, gorgeous, florid",cemerlang; brilian,JLPT_1 JLPT
阻む,はばむ,,"to keep someone from doing, to stop, to oppose",berhenti,JLPT_1 JLPT
浜,はま,,"beach, seashore",laut,JLPT_1 JLPT
浜辺,はまべ,,"beach, foreshore",laut,JLPT_1 JLPT
はまる,はまる,,"to get into, to go into, to fit, to be fit for, to suit",mendapatkan; menjadi; ada; menjadi,JLPT_1 JLPT
早める,はやめる,,"to hasten, to quicken, to accelerate",mempercepat,JLPT_1 JLPT
腹立ち,はらだち,,anger,kemarahan; amarah,JLPT_1 JLPT
原っぱ,はらっぱ,,"open field, empty lot, plain",kosong,JLPT_1 JLPT
はらはら,はらはら,,feel nervous,gugup,JLPT_1 JLPT
ばらまく,ばらまく,,"to disseminate, to scatter",menyebarkan; bertebaran,JLPT_1 JLPT
張り紙,はりがみ,,"notice, poster",pemberitahuan; perhatian,JLPT_1 JLPT
遥か,はるか,,"far, far-away, distant",terpencil,JLPT_1 JLPT
破裂,はれつ,,"explosion, rupture, break off",memecahkan,JLPT_1 JLPT
腫れる,はれる,,"to swell (from inflammation, to become swollen)",ada; menjadi,JLPT_1 JLPT
繁栄,はんえい,,"prospering, prosperity, flourishing",kemakmuran; kejayaan,JLPT_1 JLPT
版画,はんが,,art print,cetakan seni; karya cetak,JLPT_1 JLPT
ハンガー,ハンガー,,(coat) hanger,gantungan baju; hanger,JLPT_1 JLPT
反感,はんかん,,"antipathy, revolt, animosity",pemberontakan,JLPT_1 JLPT
反響,はんきょう,,"echo, reverberation, repercussion",refleksi,JLPT_1 JLPT
パンク,パンク,,"puncture, bursting; punk",ledakan hebat,JLPT_1 JLPT
反撃,はんげき,,"counterattack, counteroffensive, counterblow",serangan balik,JLPT_1 JLPT
判決,はんけつ,,"judicial decision, judgment, sentence, decree",penilaian; keputusan,JLPT_1 JLPT
反射,はんしゃ,,"reflection, reverberation",refleksi; pantulan,JLPT_1 JLPT
繁盛,はんじょう,,"prosperity, flourishing, thriving",kemakmuran; kejayaan,JLPT_1 JLPT
繁殖,はんしょく,,"breed, multiply, propagation",jenis,JLPT_1 JLPT
反する,はんする,,"to be inconsistent with, to oppose, to contradict",bertentangan,JLPT_1 JLPT
判定,はんてい,,"judgment, decision, award, verdict",keputusan,JLPT_1 JLPT
万人,ばんにん,,"all people, everybody, 10000 people",semua; seluruh,JLPT_1 JLPT
晩年,ばんねん,,(one's) last years,masa-masa terakhir hidup,JLPT_1 JLPT
反応,はんのう,,"reaction, response",simpati,JLPT_1 JLPT
万能,ばんのう,,"all-purpose, almighty, omnipotent",serba guna; mahakuasa,JLPT_1 JLPT
半端,はんぱ,,"fragment, fraction, incompleteness",yang rusak,JLPT_1 JLPT
反発,はんぱつ,,"repelling, rebound, oppose",perlawanan,JLPT_1 JLPT
反乱,はんらん,,"rebellion, revolt, uprising",pemberontakan,JLPT_1 JLPT
氾濫,はんらん,,"overflowing, flood",banjir,JLPT_1 JLPT
美,び,,beauty,kecantikan; keindahan,JLPT_1 JLPT
ひいては,ひいては,,"not only…but also, in addition to, consequently",selain itu,JLPT_1 JLPT
ビールス,ビールス,,virus,virus,JLPT_1 JLPT
控室,ひかえしつ,,waiting room,kamar; ruangan,JLPT_1 JLPT
控える,ひかえる,,to hold back; to make notes,memegang; menampung,JLPT_1 JLPT
悲観,ひかん,,"pessimism, disappointment",kekecewaan,JLPT_1 JLPT
引き上げる,ひきあげる,,"to withdraw, to leave, to pull out",meninggalkan,JLPT_1 JLPT
率いる,ひきいる,,"to lead, to spearhead (a group), to command (troops)",memimpin,JLPT_1 JLPT
引き起こす,ひきおこす,,to cause,menyebabkan,JLPT_1 JLPT
引下げる,ひきさげる,,"to pull down, to lower, to reduce, to withdraw",mengurangi,JLPT_1 JLPT
引きずる,ひきずる,,"to drag along, to pull, to prolong",menarik,JLPT_1 JLPT
引取る,ひきとる,,to take back; to adopt; to leave,meninggalkan,JLPT_1 JLPT
否決,ひけつ,,"rejection, negation, voting down",penolakan,JLPT_1 JLPT
日頃,ひごろ,,"normally, habitually",biasanya; normalnya,JLPT_1 JLPT
久しい,ひさしい,,"long, long-continued, old (story)",panjang,JLPT_1 JLPT
悲惨,ひさん,,"tragedy, disaster; misery, wretched, pitiful",bencana,JLPT_1 JLPT
ビジネス,ビジネス,,business,perusahaan,JLPT JLPT_1 Genki_Ln.2 Genki_Ln.1 Genki
比重,ひじゅう,,specific gravity,gravitasi,JLPT_1 JLPT
美術,びじゅつ,,"art, fine arts",seni,JLPT_1 JLPT
秘書,ひしょ,,(private) secretary,sekretaris pribadi,JLPT_1 JLPT
微笑,びしょう,,smile,senyum,JLPT_1 JLPT
歪む,ひずむ,,"to warp, to be distorted",melengkung; melintir,JLPT_1 JLPT
密か,ひそか,,"secret, private, surreptitious",pribadi; privat,JLPT_1 JLPT
浸す,ひたす,,"to soak, to dip, to drench",merendam; mencelupkan; membasahi,JLPT_1 JLPT
ひたすら,ひたすら,,"nothing but, earnestly, intently",dengan tulus,JLPT_1 JLPT
左利き,ひだりきき,,"left-handedness, sake drinker, left-hander",sake; arak beras Jepang,JLPT_1 JLPT
引っ掻く,ひっかく,,to scratch,menggaruk; menggores,JLPT_1 JLPT
必修,ひっしゅう,,required (subject),diperlukan,JLPT_1 JLPT
びっしょり,びっしょり,,"wet through, drenched",basah kuyup; kebasahan,JLPT_1 JLPT
必然,ひつぜん,,"inevitable, necessary",perlu,JLPT_1 JLPT
匹敵,ひってき,,"comparing with, rival, equal",kesetaraan,JLPT_1 JLPT
一息,ひといき,,"a breath, a pause, an effort",upaya; usaha,JLPT_1 JLPT
人影,ひとかげ,,"man's shadow, soul",mengemudi,JLPT_1 JLPT
人柄,ひとがら,,"personality, character",karakter; sifat,JLPT_1 JLPT
人気,ひとけ,,sign of life,tanda,JLPT_1 JLPT
一頃,ひところ,,"once, some time ago",waktu,JLPT_1 JLPT
人質,ひとじち,,hostage,sandera,JLPT_1 JLPT
一筋,ひとすじ,,"a line, earnestly, blindly, straightforwardly",sebuah; suatu,JLPT_1 JLPT
人目,ひとめ,,"glimpse, public gaze",umum; publik,JLPT_1 JLPT
日取り,ひどり,,"fixed date, appointed day",sangat,JLPT_1 JLPT
雛,ひな,,"young bird, chick, doll",muda,JLPT_1 JLPT
雛祭,ひなまつり,,Girls' (dolls') Festival,Festival Boneka; Hinamatsuri (3 Maret),JLPT_1 JLPT
日向,ひなた,,"sunny place, in the sun",dalam; di,JLPT_1 JLPT
非難,ひなん,,"blame, attack, criticism",menyerang,JLPT_1 JLPT
避難,ひなん,,"taking refuge, finding shelter",mencari tempat berlindung; mengungsi,JLPT_1 JLPT
日の丸,ひのまる,,the Japanese flag,(kata sandang),JLPT_1 JLPT
火花,ひばな,,spark,percikan api; kilat,JLPT_1 JLPT
ひび (かべの～),ひび (かべの～),,"crack, fissure, flaw",retak; memecahkan,JLPT_1 JLPT
悲鳴,ひめい,,"shriek, scream",jeritan; teriakan,JLPT_1 JLPT
冷やかす,ひやかす,,"to banter, to make fun of, to jeer at, to cool, to refrigerate",untuk menggoda,JLPT_1 JLPT
日焼け,ひやけ,,sunburn,terbakar matahari; kulit terbakar,JLPT_1 JLPT
標語,ひょうご,,"motto, slogan, catchword",moto; slogan,JLPT_1 JLPT
描写,びょうしゃ,,"depiction, description, portrayal",penggambaran; deskripsi,JLPT_1 JLPT
ひょっと,ひょっと,,"possibly, accidentally",secara tidak sengaja,JLPT_1 JLPT
びら,びら,,"handout, leaflet",bahan bacaan; pamflet; selebaran,JLPT_1 JLPT
平たい,ひらたい,,"flat, even, level",tingkat; level,JLPT_1 JLPT
びり,びり,,"last on the list, at the bottom",di; pada,JLPT_1 JLPT
比率,ひりつ,,"ratio, proportion, percentage",rasio; proporsi,JLPT_1 JLPT
就任,しゅうにん,,"inauguration, assumption of office",kantor,JLPT JLPT_2
周辺,しゅうへん,,"circumference, peripheral",keliling; pinggiran,JLPT JLPT_2
重役,じゅうやく,,"director, high executive",tinggi,JLPT JLPT_2
終了,しゅうりょう,,"end, close, termination",akhir; mengakhiri,JLPT_1 JLPT JLPT_2
重量,じゅうりょう,,heavyweight,kelas berat; berat,JLPT JLPT_2
重力,じゅうりょく,,gravity,gravitasi,JLPT JLPT_2
熟語,じゅくご,,"idiom, kanji compound",ungkapan,JLPT JLPT_2
祝日,しゅくじつ,,national holiday,nasional,JLPT JLPT_2
縮小,しゅくしょう,,"reduction, curtailment",kemunduran,JLPT JLPT_2
受験,じゅけん,,taking an examination,ujian,JLPT JLPT_2
主語,しゅご,,(gram) subject,mata pelajaran; topik,JLPT JLPT_2
主人,しゅじん,,(one's own) husband,suami,JLPT JLPT_2 Intermediate_Japanese_Ln.9 Intermediate_Japanese
出勤,しゅっきん,,"going to work, at work",bekerja,JLPT JLPT_2
述語,じゅつご,,predicate,predikat (tata bahasa),JLPT JLPT_2
出張,しゅっちょう,,"official tour, business trip",resmi; pejabat,JLPT Intermediate_Japanese Genki_Ln.19 JLPT_2 Intermediate_Japanese_Ln.10 Genki
寿命,じゅみょう,,life span,kehidupan,JLPT JLPT_2
主役,しゅやく,,leading part,bagian,JLPT JLPT_2
受話器,じゅわき,,(telephone) receiver,gagang telepon; penerima telepon,JLPT JLPT_2
循環,じゅんかん,,"circulation, rotation, cycle",sirkulasi; peredaran,JLPT JLPT_2
巡査,じゅんさ,,policeman,policewoman petugas polisi,JLPT JLPT_2
順々,じゅんじゅん,,"in order, in turn",berurutan; demi; agar; secara bergantian; selanjutnya,JLPT JLPT_2
順序,じゅんじょ,,"order, sequence, procedure",prosedur,JLPT JLPT_2
純情,じゅんじょう,,pure heart,murni,JLPT JLPT_2
純粋,じゅんすい,,"pure, genuine, unmixed",murni,JLPT JLPT_2
初～,しょ～,,first ~,pertama; pertama kali,JLPT JLPT_2
諸～,しょ～,,various ~,berbagai,JLPT JLPT_2
～所,～しょ,,place,tempat,JLPT JLPT_2
～所,～じょ,,place,tempat,JLPT JLPT_2
女～,じょ～,,things done by women,hal-hal; benda-benda,JLPT JLPT_2
～女,～じょ,,count for sisters,menghitung; menghitung,JLPT JLPT_2
省～,しょう～,,economizing ~,berhemat ~; menghemat ~,JLPT JLPT_2
～省,～しょう,,kind of ministry,baik hati; ramah,JLPT JLPT_2
～商,～しょう,,"merchant, business",perusahaan,JLPT JLPT_2
～勝,～しょう,,count for victory,menghitung; menghitung,JLPT JLPT_2
～条,～じょう,,counter for article,penghitung; konter,JLPT_1 JLPT JLPT_2
～場,～じょう,,"kind of field, ground",baik hati; ramah,JLPT JLPT_2
～畳,～じょう,,"count for tatami, mat",menghitung; menghitung,JLPT JLPT_2
消化,しょうか,,digestion,pencernaan,JLPT JLPT_2
小学生,しょうがくせい,,elementary school pupil,sekolah,JLPT JLPT_2
しょうがない,しょうがない,,It is not worth ~,Tidak sepadan dengan ~,JLPT JLPT_2
将棋,しょうぎ,,Japanese chess,Jepang,JLPT JLPT_2
蒸気,じょうき,,"steam, vapor",mengukus,JLPT JLPT_2
定規,じょうぎ,,(measuring) ruler,penggaris; mistar,JLPT JLPT_2
上級,じょうきゅう,,"advanced level, high grade, senior",tinggi,JLPT JLPT_2
商業,しょうぎょう,,"commerce, trade, business",perdagangan,JLPT JLPT_2 Intermediate_Japanese_Ln.10 Intermediate_Japanese
消極的,しょうきょくてき,,passive,lewat; melewati,JLPT JLPT_2
賞金,しょうきん,,"prize, monetary award",moneter,JLPT JLPT_2
上下,じょうげ,,"high and low, up and down",tinggi; naik turun,JLPT JLPT_2
障子,しょうじ,,paper sliding door,kertas,JLPT JLPT_2
商社,しょうしゃ,,trading company,perusahaan,JLPT JLPT_2
乗車,じょうしゃ,,"taking a train, entraining",naik kereta; berangkat dengan kereta,JLPT JLPT_2
上旬,じょうじゅん,,first 10 days of month,bulan,JLPT JLPT_2
生ずる,しょうずる,,"to cause, to arise, to be generated",menyebabkan,JLPT JLPT_2
小数,しょうすう,,"fraction (part of), decimal",pecahan; fraksi,JLPT JLPT_2
商店,しょうてん,,"shop, business firm",toko,JLPT JLPT_2
焦点,しょうてん,,"focus, point",fokus,JLPT JLPT_2
消毒,しょうどく,,disinfection,desinfeksi; disinfeksi,JLPT JLPT_2
勝敗,しょうはい,,"victory or defeat, issue (of battle)",isu; masalah,JLPT JLPT_2
蒸発,じょうはつ,,evaporation; unexplained disappearance,penguapan; menghilang tanpa jejak,JLPT JLPT_2
上品,じょうひん,,"refined, elegant, well-mannered",elegan; anggun,JLPT JLPT_2
勝負,しょうぶ,,"victory or defeat, game",atau kekalahan; pertempuran,JLPT JLPT_2
小便,しょうべん,,"(col) urine, piss",air seni; kencing (informal),JLPT JLPT_2
消防署,しょうぼうしょ,,fire station,stasiun,JLPT JLPT_2
正味,しょうみ,,net (weight),jaring; net; internet,JLPT JLPT_2
正面,しょうめん,,front,permukaan,JLPT JLPT_2
消耗,しょうもう,,"exhaustion, consumption",konsumsi,JLPT JLPT_2
初級,しょきゅう,,elementary level,tingkat; level,JLPT JLPT_2
助教授,じょきょうじゅ,,assistant professor,asisten profesor; dosen,JLPT JLPT_2
～色,～しょく,,kind of color,baik hati; ramah,JLPT JLPT_2
食塩,しょくえん,,table salt,garam,JLPT JLPT_2
職人,しょくにん,,"artisan, craftsman",pengrajin; seniman,JLPT JLPT_2
職場,しょくば,,workplace,tempat kerja; kantor,JLPT JLPT_2
初旬,しょじゅん,,first 10 days of the month,bulan,JLPT JLPT_2
書籍,しょせき,,"book, publication",buku,JLPT JLPT_2
食器,しょっき,,tableware,peralatan makan,JLPT JLPT_2
ショップ,ショップ,,a shop,toko,JLPT JLPT_2
書店,しょてん,,bookshop,toko buku,JLPT JLPT_2
書道,しょどう,,calligraphy,kaligrafi,JLPT JLPT_2
初歩,しょほ,,"elements, rudiments",elemen dasar; unsur-unsur,JLPT JLPT_2
白髪,しらが,,"white or grey hair, trendy hair bleaching",rambut putih/abu-abu; bleaching,JLPT JLPT_2
シリーズ,シリーズ,,series,urutan,JLPT JLPT_2
私立,しりつ,,private (establishment),pribadi; privat,JLPT_2 JLPT Intermediate_Japanese_Ln.7 Intermediate_Japanese
資料,しりょう,,"materials, data",data,JLPT JLPT_2
汁,しる,,"juice, soup",sup,JLPT JLPT_2
素人,しろうと,,"layman, amateur, novice",amatir; pemula,JLPT JLPT_2 Intermediate_Japanese_Ln.12 Intermediate_Japanese
しわ (かおの～),しわ (かおの～),,"wrinkles, creases",kerutan; keriput,JLPT JLPT_2
芯,しん,,"core, heart, wick",hati; jantung,JLPT JLPT_2
新幹線,しんかんせん,,"Shinkansen, ""Bullet Train""",Shinkansen; Kereta Peluru,JLPT Intermediate_Japanese JLPT_2 Genki_Ln.9 Intermediate_Japanese_Ln.10 Genki
真空,しんくう,,vacuum,vakum; hampa udara,JLPT JLPT_2
人事,じんじ,,"human resources, personnel management",sumber daya manusia; manajemen personalia,JLPT JLPT_2
信ずる,しんずる,,to believe,percaya,JLPT JLPT_2
心身,しんしん,,mind and body,tubuh; badan,JLPT JLPT_2
申請,しんせい,,"application, request, petition",aplikasi; penerapan,JLPT JLPT_2
人造,じんぞう,,"man-made, synthetic, artificial",sintetis; buatan,JLPT JLPT_2
寝台,しんだい,,bed,tempat tidur; ranjang,JLPT JLPT_2
診断,しんだん,,diagnosis,diagnosis,JLPT JLPT_2
侵入,しんにゅう,,"invasion, raid, trespass",invasi; penyerbuan,JLPT JLPT_2
人文科学,じんぶんかがく,,"social sciences, humanities",sosial,JLPT JLPT_2
人命,じんめい,,(human) life,kehidupan,JLPT JLPT_2
深夜,しんや,,late at night,malam,JLPT JLPT_2
森林,しんりん,,"forest, woods",hutan,JLPT JLPT_2
親類,しんるい,,relative(s) (same as 親戚 (しんせき)),sanak saudara; kerabat,JLPT Intermediate_Japanese JLPT_2 Intermediate_Japanese_Ln.8 Intermediate_Japanese_Ln.9
針路,しんろ,,"course, direction",arah,JLPT JLPT_2
神話,しんわ,,"myth, legend",tradisi,JLPT JLPT_2
水産,すいさん,,"marine products, fisheries",hasil laut,JLPT JLPT_2
炊事,すいじ,,cooking,memasak; masakan,JLPT JLPT_2
水蒸気,すいじょうき,,"water vapor, steam",air,JLPT JLPT_2
水素,すいそ,,hydrogen,hidrogen,JLPT JLPT_2
垂直,すいちょく,,"vertical, perpendicular",vertikal,JLPT JLPT_2
推定,すいてい,,"presumption, assumption, estimation",perkiraan; estimasi,JLPT JLPT_2
水滴,すいてき,,drop of water,air,JLPT JLPT_2
水筒,すいとう,,"canteen, flask, water bottle",air,JLPT JLPT_2
随筆,ずいひつ,,"essays, miscellaneous writings",esai; tulisan-tulisan ragam,JLPT JLPT_2
水分,すいぶん,,moisture,kelembaban; uap air,JLPT JLPT_2
水平,すいへい,,"level, horizontal",tingkat; level,JLPT JLPT_2
水平線,すいへいせん,,horizon,cakrawala; horizon,JLPT JLPT_2
水面,すいめん,,water's surface,permukaan,JLPT JLPT_2
図々しい,ずうずうしい,,"impudent, shameless",tidak tahu malu; kurang ajar,JLPT JLPT_2
ずうっと,ずうっと,,"all the time, all the way",semua; seluruh,JLPT JLPT_2
末っ子,すえっこ,,youngest child,anak,JLPT JLPT_2
スカーフ,スカーフ,,scarf,syal; selendang,JLPT JLPT_2
図鑑,ずかん,,picture book,buku,JLPT JLPT_2
隙,すき,,"unguarded moment, chance",kesempatan,JLPT JLPT_2
杉,すぎ,,Japanese cedar,Jepang,JLPT JLPT_2
好き嫌い,すききらい,,"likes and dislikes, taste",mencicipi,JLPT JLPT_2
好き好き,すきずき,,matter of taste,selera; soal selera,JLPT JLPT_2
透き通る,すきとおる,,to be(come) transparent,ada; menjadi,JLPT JLPT_2
隙間,すきま,,"crack, gap, opening",retak; memecahkan,JLPT JLPT_2
～過ぎる,～すぎる,,too much ~,terlalu; juga,JLPT JLPT_2
スクール,スクール,,school,sekolah,JLPT JLPT_2
図形,ずけい,,figure,pembentukan tubuh,JLPT JLPT_2
鈴,すず,,bell,berdenting,JLPT JLPT_2
涼む,すずむ,,"to cool oneself, to cool off",menyejukkan diri; mendinginkan,JLPT JLPT_2
スタート,スタート,,start,kesempatan,JLPT JLPT_2
スチュワーデス,スチュワーデス,,stewardess,pramugari,JLPT JLPT_2
すっきり,すっきり,,"shapely, clear, neat",jelas,JLPT JLPT_2
ステージ,ステージ,,stage; performance,tahap,JLPT JLPT_2
ストッキング,ストッキング,,stockings,stocking; kaus kaki panjang,JLPT JLPT_2
ストップ,ストップ,,stop,berhenti; halte,JLPT JLPT_2
素直,すなお,,"obedient, meek, docile",tenang,JLPT JLPT_2
頭脳,ずのう,,"head, brains, intellect",kepala; pemimpin,JLPT JLPT_2
スピーカー,スピーカー,,speaker,pembicara; speaker; pengeras suara,JLPT JLPT_2
図表,ずひょう,,"chart, diagram, graph",grafik; diagram; bagan,JLPT JLPT_2
スマート,スマート,,"smart, stylish, slim",cerdas,JLPT JLPT_2
住まい,すまい,,"dwelling, house",rumah,JLPT JLPT_2
すまない,すまない,,sorry (phrase),maaf; menyesal,JLPT JLPT_2
～済,～ずみ,,finished,selesai; sudah habis,JLPT JLPT_2
相撲,すもう,,sumo wrestling,sumo; gulat tradisional Jepang,JLPT_2 JLPT Intermediate_Japanese_Ln.7 Intermediate_Japanese
スライド,スライド,,slide,meluncur; menggeser,JLPT JLPT_2
ずらす,ずらす,,"to put off, to delay",menunda,JLPT JLPT_2
ずらり,ずらり,,"in a line, in a row",berturut-turut; berderet,JLPT JLPT_2
スリッパ,スリッパ,,slippers,sandal rumah; sandal selop,JLPT JLPT_2
狡い,ずるい,,"sly, cunning",licik,JLPT JLPT_2
寸法,すんぽう,,"measurement, size, dimension",ukuran,JLPT JLPT_2
税関,ぜいかん,,customs,sopan santun,JLPT JLPT_2
製作,せいさく,,"manufacture, production",produksi,JLPT JLPT_2
制作,せいさく,,"work (e.g., film, book)",bekerja,JLPT JLPT_2
清書,せいしょ,,clean copy,bersih,JLPT JLPT_2
青少年,せいしょうねん,,"youth, young person",orang,JLPT JLPT_2
整数,せいすう,,integer,bilangan bulat,JLPT JLPT_2
清掃,せいそう,,cleaning,layanan,JLPT JLPT_2
生存,せいぞん,,"existence, being, survival",keberadaan; makhluk,JLPT JLPT_2
政党,せいとう,,(member of) political party,politik,JLPT JLPT_2
性能,せいのう,,"ability, capability",kemampuan,JLPT JLPT_2
整備,せいび,,"maintenance, overhaul",mendukung,JLPT JLPT_2
成分,せいぶん,,"ingredient, component, composition",komponen,JLPT JLPT_2
性別,せいべつ,,"sex, gender",jenis kelamin; gender,JLPT JLPT_2
正方形,せいほうけい,,square,persegi; kotak,JLPT JLPT_2
正門,せいもん,,"main gate, main entrance",utama,JLPT JLPT_2
成立,せいりつ,,"formation, establishment, completion",pendirian; pembentukan,JLPT JLPT_2
西暦,せいれき,,"Christian Era, after (Christ’s) death (A.D.)",Era Masehi; Masehi (M),JLPT JLPT_2
背負う,せおう,,to be burdened with; to carry on (one's) back or shoulder(s),ada; menjadi,Intermediate_Japanese_Ln.14 JLPT_2 JLPT Intermediate_Japanese
～席,～せき,,counter for seats,penghitung; konter,JLPT JLPT_2
赤道,せきどう,,equator,khatulistiwa; ekuator,JLPT JLPT_2
折角,せっかく,,"with trouble, at great pains, long-awaited",sangat baik,JLPT JLPT_2
接近,せっきん,,"getting closer, drawing nearer, approaching",semakin dekat; mendekat,JLPT JLPT_2
接する,せっする,,to attend to (someone); to associate with,menghadiri,JLPT_2 JLPT Intermediate_Japanese_Ln.15 Intermediate_Japanese
せっせと,せっせと,,"busily, away",jauh; pergi,JLPT JLPT_2
接続,せつぞく,,"connection, union, join, link; changing trains",koneksi; hubungan,JLPT JLPT_2
瀬戸物,せともの,,"earthenware, crockery, china",gerabah; porselen; keramik,JLPT JLPT_2
ぜひとも,ぜひとも,,by all means (with sense of not taking 'no' for an answer),oleh; dengan; dekat,JLPT JLPT_2
迫る,せまる,,"to draw near, to press",menekan; memeras,JLPT JLPT_2
ゼミ,ゼミ,,seminar,seminar,Intermediate_Japanese_Ln.5 JLPT JLPT_2 Intermediate_Japanese
せめて,せめて,,at least,setidaknya; paling tidak,JLPT JLPT_2
セメント,セメント,,cement,semen,JLPT JLPT_2
台詞,せりふ,,"speech, words, one's lines, remarks",pidato; ucapan,JLPT JLPT_2
栓,せん,,"stopper, cork, stopcock",sumbat; gabus; kran penutup,JLPT JLPT_2
～船,～せん,,counter for ships,penghitung; konter,JLPT JLPT_2
～戦,～せん,,"counter for games, matches",penghitung; konter,JLPT JLPT_2
前～,ぜん～,,"former, late ~, past ~",masa lalu,JLPT JLPT_2
～前,～ぜん,,before ~,sebelum,JLPT JLPT_2
前後,ぜんご,,"front and back, before and after",sebelum dan sesudah,JLPT JLPT_2
全集,ぜんしゅう,,complete works,menyelesaikan,JLPT JLPT_2
扇子,せんす,,folding fan,kipas lipat,JLPT JLPT_2 Genki_Ln.20 Genki
専制,せんせい,,"despotism, autocracy",despotisme; otokrasi,JLPT JLPT_2
先々月,せんせんげつ,,month before last,bulan,JLPT JLPT_2
先々週,せんせんしゅう,,2 weeks before,2 minggu sebelumnya,JLPT JLPT_2
先祖,せんぞ,,ancestor,leluhur; nenek moyang,JLPT JLPT_2
先端,せんたん,,"pointed end, tip",ujung lancip; ujung,JLPT JLPT_2
センチ,センチ,,centimeter,sentimeter,JLPT JLPT_2
先頭,せんとう,,"head, lead, vanguard",kepala; pemimpin,JLPT JLPT_2
全般,ぜんぱん,,"(the) whole, general",umum,JLPT JLPT_2
扇風機,せんぷうき,,electric fan,listrik; elektrik,JLPT JLPT_2
洗面,せんめん,,"wash up (one's face), have a wash",punya; memiliki,JLPT JLPT_2
全力,ぜんりょく,,"all one's power, whole energy",energi,JLPT JLPT_2
線路,せんろ,,"line, track, roadbed",garis; baris; jalur,JLPT JLPT_2
～沿い,～そい,,along,sepanjang; di sepanjang,JLPT JLPT_2
総～,そう～,,"gross, general, entire",umum; semua,JLPT JLPT_2
～艘,～そう,,counter for ships,penghitung; konter,JLPT JLPT_2
相違,そうい,,"difference, discrepancy, variation",perbedaan,JLPT JLPT_2 Intermediate_Japanese Intermediate_Japanese_Ln.11
そういえば,そういえば,,which reminds me ..,ngomong-ngomong; au fait,JLPT JLPT_2
雑巾,ぞうきん,,"house-cloth, dust cloth",debu; kotoran,JLPT JLPT_2
増減,ぞうげん,,"increase and decrease, fluctuation",meningkat,JLPT JLPT_2
倉庫,そうこ,,"storehouse, warehouse",gudang,JLPT JLPT_2
相互,そうご,,"mutual, reciprocal",saling; timbal balik; timbal balik,JLPT JLPT_2
創作,そうさく,,"production, creation, work",produksi,JLPT JLPT_2
葬式,そうしき,,funeral,pemakaman; upacara pemakaman,JLPT JLPT_2
造船,ぞうせん,,shipbuilding,pembuatan kapal; galangan kapal,JLPT JLPT_2
騒々しい,そうぞうしい,,"noisy, boisterous",berisik,JLPT JLPT_2
増大,ぞうだい,,"increase, growth",pertumbuhan,JLPT JLPT_2
そうっと,そうっと,,"softly, cautiously, gently",dengan lembut; perlahan-lahan,JLPT JLPT_2
送別,そうべつ,,"farewell, send-off",perpisahan,JLPT JLPT_2
草履,ぞうり,,Japanese sandals (footwear),Jepang,JLPT JLPT_2
総理大臣,そうりだいじん,,Prime Minister,perdana menteri,JLPT JLPT_2
送料,そうりょう,,"postage, carriage",mengangkut,JLPT JLPT_2
～足,～そく,,counter for shoes,penghitung; konter,JLPT JLPT_2
属する,ぞくする,,"to belong to, to come under",ada; menjadi,JLPT JLPT_2
続々,ぞくぞく,,"successively, one after another",satu per satu; berturut-turut,JLPT JLPT_2
速達,そくたつ,,"express, special delivery",spesial,JLPT JLPT_2
測定,そくてい,,measurement,pengukuran,JLPT JLPT_2
測量,そくりょう,,"measurement, surveying",pengukuran,JLPT JLPT_2
速力,そくりょく,,speed,kecepatan,JLPT JLPT_2
素質,そしつ,,"talent, capability",kemampuan,JLPT JLPT_2
祖先,そせん,,ancestor(s),leluhur; nenek moyang,JLPT JLPT_2 Intermediate_Japanese_Ln.8 Intermediate_Japanese
そそっかしい,そそっかしい,,"careless, thoughtless",kasar,JLPT JLPT_2
卒直,そっちょく,,"frank, candid, honest",jujur,JLPT JLPT_2
そのころ,そのころ,,"in those days, at that time, then",dalam; di; di; pada,JLPT JLPT_2
そのため,そのため,,"hence, for that reason",alasan,JLPT JLPT_2
その他,そのほか,,besides,itu,JLPT JLPT_2
剃る,そる,,to shave,bercukur; mencukur,JLPT JLPT_2
それなのに,それなのに,,"though, although",namun,JLPT JLPT_2
それなら,それなら,,"If that's the case..., If so..., That being the case...",jika; apabila,JLPT JLPT_2
それはいけませんね (かん),それはいけませんね (かん),,that's not good,baik; bagus,JLPT JLPT_2
逸れる,それる,,"to stray (turn) from subject, to go astray",menyimpang dari topik; tersesat,JLPT JLPT_2
算盤,そろばん,,abacus,sempoa,JLPT JLPT_2
存じる,ぞんじる,,(humble) to know,tahu,JLPT JLPT_2
存ずる,ぞんずる,,(humble) to know,tahu,JLPT JLPT_2
損得,そんとく,,"loss and gain, advantage and disadvantage",kerugian,JLPT JLPT_2
田ぼ,たんぼ,,"paddy field, farm",pertanian,JLPT JLPT_2
第～,だい～,,~th,ke~ (sufiks urutan),JLPT JLPT_2
だいいち (とりわけ),だいいち (とりわけ),,"first, foremost,&nbsp;&nbsp;#1",pertama; pertama kali,JLPT JLPT_2
大学院,だいがくいん,,graduate school,sekolah,Genki_Ln.16 JLPT Intermediate_Japanese JLPT_2 Intermediate_Japanese_Ln.1 Genki
大工,だいく,,carpenter,tukang kayu; pengrajin kayu,JLPT JLPT_2
体系,たいけい,,"system, organization",sistem; organisasi,JLPT JLPT_2
太鼓,たいこ,,"drum, tambourine",drum; gendang; tamborin,JLPT JLPT_2
対策,たいさく,,"counter-plan, counter-measure",rencana tandingan; tindakan balasan,JLPT JLPT_2
大して,たいして,,"(not so) much, (not) very",tidak terlalu; tidak begitu,JLPT JLPT_2
大小,だいしょう,,size,ukuran,JLPT JLPT_2
体制,たいせい,,"order, system, structure",sistem,JLPT JLPT_2
体積,たいせき,,"capacity, volume",kapasitas; volume,JLPT JLPT_2
大層,たいそう,,"very much, greatly",sangat; sekali,JLPT JLPT_2
体操,たいそう,,"gymnastics, physical exercises, calisthenics",fisik,JLPT JLPT_2
大分,だいぶん,,"considerably, greatly, a lot",sebuah; suatu,JLPT JLPT_2
大木,たいぼく,,large tree,besar,JLPT JLPT_2
代名詞,だいめいし,,pronoun,kata ganti,JLPT JLPT_2
タイア,タイア,,"tire, tyre",ban (kendaraan),JLPT JLPT_2
ダイヤグラム,ダイヤグラム,,diagram,diagram; bagan,JLPT JLPT_2
ダイヤモンド,ダイヤモンド,,diamond,berlian; intan; berlian (kartu),JLPT JLPT_2
ダイヤル,ダイヤル,,dial,tombol putar; dial,JLPT JLPT_2
対立,たいりつ,,"confrontation, opposition, antagonism",perlawanan,JLPT JLPT_2
田植え,たうえ,,rice planting,nasi,JLPT JLPT_2
絶えず,たえず,,constantly,selalu,JLPT JLPT_2 Intermediate_Japanese_Ln.10 Intermediate_Japanese
楕円,だえん,,ellipse,elips; oval,JLPT JLPT_2
耕す,たがやす,,"to till, to plow, to cultivate",mengembangkan; mengelola,JLPT JLPT_2
滝,たき,,waterfall,air terjun,JLPT JLPT_2
蓄える,たくわえる,,"to save, to store, to lay in stock",menabung,JLPT JLPT_2
竹,たけ,,bamboo,bambu,JLPT JLPT_2
ただいま,ただいま,,"Here I am, I'm home!",Saya pulang!; ただいま!,JLPT JLPT_2
但し,ただし,,"but, however, provided that",namun; bagaimanapun,JLPT JLPT_2
立ち止まる,たちどまる,,"to stop, to halt, to stand still",berhenti,JLPT JLPT_2
たちまち,たちまち,,"instantly, suddenly, all at once",tiba-tiba,JLPT_2 JLPT Intermediate_Japanese_Ln.7 Intermediate_Japanese
発,はつ,,"to depart (e.g., on a plane, train)","berangkat (pesawat, kereta)",JLPT JLPT_2
脱線,だっせん,,"derailment, digression",anjlok; keluar jalur; penyimpangan,JLPT JLPT_2
妥当,だとう,,"proper, appropriate",dengan kemampuan seseorang,JLPT JLPT_2
例える,たとえる,,"to compare, to liken",membandingkan,JLPT JLPT_2
頼もしい,たのもしい,,"reliable, promising",dapat diandalkan,JLPT JLPT_2
ダブル,ダブル,,double,ganda; dua kali,JLPT_1 JLPT JLPT_2
ダム,ダム,,dam,bendungan; dam,JLPT JLPT_2
溜息,ためいき,,a sigh,sebuah; suatu,JLPT JLPT_2
ためらう,ためらう,,to be hesitant,ada; menjadi,JLPT JLPT_2 Intermediate_Japanese_Ln.12 Intermediate_Japanese
～だらけ,～だらけ,,"be full of ~, be filled with ~",penuh,JLPT JLPT_2
だらしない,だらしない,,"slovenly, loose, a slut",sebuah; suatu,JLPT JLPT_2
足る,たる,,"to be sufficient, to be enough",ada; menjadi,JLPT JLPT_2
短～,たん～,,short ~,pendek,JLPT JLPT_2
～団,～だん,,"group, corps, party",kelompok,JLPT JLPT_2
オーケストラ,オーケストラ,,orchestra,orkestra,JLPT JLPT_2
おおざっぱ,おおざっぱ,,"rough (not precise), broad, sketchy",kasar,JLPT JLPT_2
大通り,おおどおり,,main street,jalan,JLPT JLPT_2
オートメーション,オートメーション,,automation,otomasi; otomatisasi,JLPT JLPT_2
大凡,おおよそ,,"about, approximately",tentang; sekitar,JLPT JLPT_2
お帰り,おかえり,,"return, welcome",kembali; pengembalian,JLPT JLPT_2
おかけください,おかけください,,please sit down,mohon; silakan,JLPT JLPT_2
おかげさまで,おかげさまで,,"Thanks to god, thanks to you",Syukurlah; berkat Anda,JLPT JLPT_2
おかず,おかず,,"side dish, accompaniment for rice dishes",nasi,JLPT JLPT_2
おかまいなく,おかまいなく,,please don't fuss over me,mohon; silakan,JLPT JLPT_2
拝む,おがむ,,"to worship, to pray",beribadah; berdoa,JLPT JLPT_2
お代わり,おかわり,,"second helping, another cup",tambah porsi; minta lagi,JLPT JLPT_2
補う,おぎなう,,to compensate for,mengkompensasi; mengganti,JLPT JLPT_2
お気の毒に,おきのどくに,,I'm sorry to hear that…,mendengar,JLPT JLPT_2
屋外,おくがい,,outdoors,terbuka,JLPT JLPT_2
送り仮名,おくりがな,,part of word written in kana,bagian,JLPT JLPT_2
お元気で,おげんきで,,Take care',merawat; berhati-hati,JLPT JLPT_2
怠る,おこたる,,"to neglect, to fail",gagal,JLPT JLPT_2
お先に,おさきに,,"before, after you",sebelum; di depan,JLPT JLPT_2
伯父,おじ,,(humble) uncle (older than one's parent),paman (lebih tua dari orang tua; kata humble),JLPT JLPT_2
叔父,おじ,,uncle (younger than one's parent),paman (lebih muda dari orang tua),JLPT JLPT_2
惜しい,おしい,,"regrettable, disappointing",tidak memuaskan,JLPT JLPT_2
伯父さん,おじさん,,"(hon.) middle-aged gentleman, uncle",(kehormatan),JLPT JLPT_2
小父さん,おじさん,,"(hon.) middle-aged gentleman, uncle",(kehormatan),JLPT JLPT_2
叔父さん,おじさん,,"(hon.) middle-aged gentleman, uncle",(kehormatan),JLPT JLPT_2
お邪魔します,おじゃまします,,Excuse me for disturbing you,Maaf mengganggu,JLPT JLPT_2
お世話になりました,おせわになりました,,I've been in your care,Terima kasih atas perhatian Anda,JLPT JLPT_2
お大事に,おだいじに,,"Take care of yourself, Take care!, Get well soon",segera,JLPT Genki_Ln.12 Intermediate_Japanese JLPT_2 Intermediate_Japanese_Ln.12 Genki
落着く,おちつく,,"to calm down, to settle down",menyelesaikan; menetap,JLPT JLPT_2
お出掛け,おでかけ,,outing,perjalanan kesenangan,JLPT JLPT_2
お手伝いさん,おてつだいさん,,maid,pembantu; pelayan,JLPT JLPT_2
脅かす,おどかす,,"to threaten, to coerce",mengancam,JLPT JLPT_2
落し物,おとしもの,,lost property,properti; sifat,JLPT JLPT_2
驚かす,おどろかす,,"to surprise, to frighten",sesuatu yang tidak terduga,JLPT JLPT_2
お願いします,おねがいします,,"Please (lit., I request)",mohon; silakan,JLPT JLPT_2 Intermediate_Japanese_Ln.1 Intermediate_Japanese
各々,おのおの,,"each, every, either",setiap,JLPT JLPT_2
伯母,おば,,(humble) aunt (older than one's parent),bibi (lebih tua dari orang tua; kata humble),JLPT JLPT_2
叔母,おば,,aunt (younger than one's parent),bibi (lebih muda dari orang tua),JLPT JLPT_2
小母さん,おばさん,,"lady, woman, ma'am",wanita; perempuan,JLPT JLPT_2
おはよう,おはよう,,(abbr.) Good morning,pagi,JLPT JLPT_2
お参り,おまいり,,"worship, shrine visit",ibadah; mengunjungi kuil,JLPT JLPT_2
お待たせしました,おまたせしました,,Sorry to have kept you waiting,maaf; menyesal,JLPT JLPT_2
お待ちください,おまちください,,Please wait a moment,mohon; silakan,JLPT JLPT_2
おまちどおさま,おまちどおさま,,Sorry to have kept you waiting,maaf; menyesal,JLPT JLPT_2
おめでたい,おめでたい,,"happy event, matter for congratulation",bahagia; senang,JLPT JLPT_2
思い掛けない,おもいがけない,,"unexpected, casual",tidak terduga; ringan,JLPT JLPT_2
思い切り,おもいきり,,"with all one's strength (heart), resignation, resolution",rekonsiliasi; tekad,JLPT JLPT_2
思い込む,おもいこむ,,"to be under impression that, to be convinced that",ada; menjadi,JLPT JLPT_2
思いっ切り,おもいっきり,,"very, much, fully",sangat,JLPT JLPT_2
重たい,おもたい,,"heavy, massive, serious",berat; serius,JLPT JLPT_2
お休み,おやすみ,,"holiday, absence; (exp.) Good night",malam,JLPT JLPT_2
おやつ,おやつ,,"between meal snack, afternoon refreshment",siang,JLPT JLPT_2
親指,おやゆび,,thumb,ibu jari; jempol,JLPT JLPT_2
オルガン,オルガン,,organ,organ,JLPT JLPT_2
恩恵,おんけい,,"blessing, benefit",manfaat; keuntungan,JLPT JLPT_2
温室,おんしつ,,greenhouse,rumah kaca,JLPT JLPT_2
温泉,おんせん,,"spa, hot spring",musim semi,JLPT Intermediate_Japanese JLPT_2 Genki_Ln.9 Intermediate_Japanese_Ln.10 Genki
温帯,おんたい,,temperate zone,zona sedang; iklim sedang,JLPT JLPT_2
御中,おんちゅう,,Messrs.,Tuan-tuan; Bapak-bapak,JLPT JLPT_2
女の人,おんなのひと,,woman,wanita; perempuan,Genki_Ln.7 JLPT JLPT_2 Genki
～日,～か,,counter for days,penghitung; konter,JLPT JLPT_2
～下,～か,,under ~,di bawah ~; di bawah naungan ~,JLPT JLPT_2
～化,～か,,action of making something,tindakan membuat sesuatu,JLPT JLPT_2
～科,～か,,"family, group, course",keluarga; kelompok,JLPT JLPT_2
～歌,～か,,song of ~,lagu ~; nyanyian ~,JLPT JLPT_2
～画,～が,,"picture, painting",gambar; lukisan,JLPT_1 JLPT JLPT_2
カーブ,カーブ,,curve; curve ball (baseball),kurva; bola melengkung,JLPT JLPT_2
外～,がい～,,"foreign ~, outside ~",asing; luar negeri,JLPT JLPT_2
～外,～がい,,out of ~,keluar; di luar,JLPT JLPT_2
開会,かいかい,,opening of a meeting,terbuka,JLPT JLPT_2
会館,かいかん,,"meeting hall, assembly hall",pertemuan,JLPT JLPT_2
改札,かいさつ,,examination of tickets,ujian,JLPT JLPT_2
解散,かいさん,,"breakup, dissolution",putus; perpisahan; pembubaran,JLPT JLPT_2
海水浴,かいすいよく,,"sea bathing, seawater bath",berenang di laut; mandi air laut,JLPT JLPT_2
回数,かいすう,,"number of times, frequency",frekuensi,JLPT JLPT_2
回数券,かいすうけん,,book of tickets,buku,JLPT JLPT_2
改正,かいせい,,"revision, amendment, alteration",amandemen,JLPT JLPT_2
快晴,かいせい,,good weather,baik; bagus,JLPT JLPT_2
解説,かいせつ,,"explanation, commentary",penjelasan,JLPT JLPT_2
改造,かいぞう,,remodeling,renovasi; perombakan,JLPT JLPT_2
開通,かいつう,,"opening, open",membuka,JLPT JLPT_2
回転,かいてん,,"rotation, turning",giliran; putaran,JLPT JLPT_2
解答,かいとう,,"answer, solution",solusi,JLPT JLPT_2
回答,かいとう,,"reply, answer",jawaban,JLPT JLPT_2
外部,がいぶ,,"the outside, external",(kata sandang),JLPT JLPT_2
解放,かいほう,,"release, liberation, emancipation",pembebasan,JLPT JLPT_2
開放,かいほう,,"open, throw open, liberalization",liberalisasi,JLPT JLPT_2
海洋,かいよう,,ocean,samudra,JLPT JLPT_2
概論,がいろん,,"introduction, general remark",umum; jenderal,JLPT JLPT_2
却って,かえって,,"on the contrary, rather",lebih baik; agak,JLPT JLPT_2
家屋,かおく,,"house, building",rumah,JLPT JLPT_2
係わる,かかわる,,"to concern oneself in, to be involved in",terlibat,JLPT JLPT_2
書留,かきとめ,,registered mail,surat tercatat; pos tercatat,JLPT JLPT_2
書取,かきとり,,dictation,dikte; mendiktekan,JLPT JLPT_2
垣根,かきね,,hedge,lindung nilai; pagar,JLPT JLPT_2
限り,かぎり,,"limit(s), as far as possible",mungkin,JLPT JLPT_2
各～,かく～,,"every ~, each ~",setiap,JLPT JLPT_2
架空,かくう,,"imaginary, fiction, fanciful",pembuatan,JLPT JLPT_2
各自,かくじ,,"individual, each",berbeda; satu per satu,JLPT JLPT_2
拡充,かくじゅう,,expansion,meningkat,JLPT JLPT_2
学術,がくじゅつ,,"science, learning, scholarship",ilmu pengetahuan,JLPT JLPT_2
各地,かくち,,various parts of the country,berbagai,JLPT JLPT_2 Intermediate_Japanese_Ln.10 Intermediate_Japanese
拡張,かくちょう,,"expansion, extension",meningkat; pembaharuan,JLPT JLPT_2
角度,かくど,,angle,sudut,JLPT JLPT_2
学年,がくねん,,"year in school, grade in school",sekolah,JLPT JLPT_2
格別,かくべつ,,exceptional,tidak biasa,JLPT JLPT_2
確率,かくりつ,,probability,kemungkinan,JLPT JLPT_2
学力,がくりょく,,"scholarship, knowledge",pengetahuan,JLPT JLPT_2
掛け算,かけざん,,multiplication,perkalian,JLPT JLPT_2
可決,かけつ,,"approval, adoption (e.g., motion, bill), passage",persetujuan,JLPT JLPT_2
火口,かこう,,crater (of a volcano),kawah (gunung berapi),JLPT JLPT_2
下降,かこう,,"decline, descent, fall",kemunduran; penurunan,JLPT JLPT_2
火山,かざん,,volcano,gunung berapi,JLPT JLPT_2 Intermediate_Japanese_Ln.10 Intermediate_Japanese
かしこまりました,かしこまりました,,Certainly,tentu saja,JLPT JLPT_2 Genki_Ln.20 Genki
貸し出し,かしだし,,"lending, loaning",pinjaman,JLPT JLPT_2
過失,かしつ,,"error, mistake, negligence",kesalahan; galat,JLPT JLPT_2
果実,かじつ,,fruit,buah,JLPT JLPT_2
貸間,かしま,,room to let,kamar; ruangan,JLPT JLPT_2
貸家,かしや,,house for rent,rumah,JLPT JLPT_2
箇所,かしょ,,"place, point, part",tempat,JLPT JLPT_2
過剰,かじょう,,"excess, over-",kelebihan; berlebihan,JLPT JLPT_2
かじる,かじる,,"to chew, to bite (at)",mengunyah,JLPT JLPT_2
課税,かぜい,,taxation,perpajakan; pemungutan pajak,JLPT JLPT_2
下線,かせん,,"underline, underscore",garis bawah; underline,JLPT JLPT_2
カセット,カセット,,cassette (tape),kaset,JLPT JLPT_2
加速,かそく,,acceleration,promosi,JLPT JLPT_2
加速度,かそくど,,acceleration,promosi,JLPT JLPT_2
塊,かたまり,,"lump, mass, cluster",benjolan; kelompok,JLPT JLPT_2
固まる,かたまる,,"to harden, to solidify, to become firm",mengeras; menjadi keras,JLPT JLPT_2
片道,かたみち,,one-way (trip),sekali jalan; satu arah,JLPT JLPT_2
傾く,かたむく,,"to incline toward, to slant, to lurch",condong; miring; oleng,JLPT JLPT_2
片寄る,かたよる,,"to be one-sided, to incline, to be partial",ada; menjadi,JLPT JLPT_2
～がち,～がち,,tend to do ~,melakukan,JLPT JLPT_2
学科,がっか,,"study subject, course of study",mata pelajaran; mata kuliah,JLPT JLPT_2
学会,がっかい,,academic conference,konferensi akademik,JLPT_2 JLPT Intermediate_Japanese_Ln.15 Intermediate_Japanese
学級,がっきゅう,,class,kelas,JLPT JLPT_2
担ぐ,かつぐ,,"to shoulder, to carry on shoulder",ada,JLPT JLPT_2
括弧,かっこ,,"parenthesis, brackets",tanda kurung; kurung,JLPT JLPT_2
活字,かつじ,,printing type,jenis; tipe,JLPT JLPT_2
勝手に,かってに,,"arbitrarily,",secara sewenang-wenang; sembarangan,JLPT JLPT_2
活力,かつりょく,,"vitality, energy",energi,JLPT JLPT_2
仮名,かな,,kana,kana (aksara Jepang),JLPT JLPT_2
仮名遣い,かなづかい,,"kana orthography, syllabary spelling",ejaan kana; sistem suku kata Jepang,JLPT JLPT_2
加熱,かねつ,,heating,pemanasan; pemanas,JLPT JLPT_2
兼ねる,かねる,,to simultaneously serve two or more functions,secara bersamaan,JLPT JLPT_2
カバー,カバー,,"cover (e.g., book)",menutupi; menutup,JLPT JLPT_2
過半数,かはんすう,,majority,orang dewasa,JLPT JLPT_2
かび (～がはえる),かび (～がはえる),,"mold, mildew",model,JLPT JLPT_2
被せる,かぶせる,,to cover (with something),menutupi; menutup,JLPT JLPT_2
釜,かま,,"iron pot, kettle",besi; menyetrika,JLPT JLPT_2
構いません,かまいません,,it's all right; one doesn’t mind,satu; seseorang,Intermediate_Japanese_Ln.4 JLPT JLPT_2 Intermediate_Japanese
紙屑,かみくず,,wastepaper,kertas bekas,JLPT JLPT_2
神様,かみさま,,god,tuhan; dewa,JLPT JLPT_2 Genki_Ln.20 Genki
剃刀,かみそり,,razor,pisau cukur,JLPT JLPT_2
ガム,ガム,,chewing gum,permen karet; chewing gum,JLPT JLPT_2
貨物,かもつ,,"cargo, freight",kargo; muatan,JLPT JLPT_2
カラー,カラー,,"collar, color",warna,JLPT JLPT_2
からかう,からかう,,"to ridicule, to make fun of",untuk menggoda,JLPT JLPT_2
空っぽ,からっぽ,,"empty, vacant, hollow",kosong,JLPT JLPT_2
かるた,かるた,,playing cards (POR: carta),kartu remi,JLPT JLPT_2
枯れる,かれる,,"to wither, to die (plant), to be blasted (plant)",ada; menjadi,JLPT JLPT_2
カロリー,カロリー,,calorie,kalori,JLPT JLPT_2
可愛がる,かわいがる,,"to love, to be affectionate",mencintai,JLPT JLPT_2
為替,かわせ,,"money order, exchange",pertukaran,JLPT JLPT_2
瓦,かわら,,roof tile,genting; genteng,JLPT JLPT_2
～刊,～かん,,"~ issued (magazine, newspaper)",terbitan ~; edisi ~,JLPT JLPT_2
～間,～かん,,"between, during",antara; selama; di antara,JLPT JLPT_2
～巻,～かん,,volume,volume,JLPT JLPT_2
～館,～かん,,"~ hall, ~ building",balai ~; gedung ~,JLPT JLPT_2
～感,～かん,,"feeling, sense, impression",perasaan; rasa,JLPT JLPT_2
換気,かんき,,ventilation,ventilasi; sirkulasi udara,JLPT JLPT_2
感激,かんげき,,"deep emotion, impression, inspiration",yang mendalam,JLPT JLPT_2
関西,かんさい,,"south-western half of Japan, including Osaka",Selatan,JLPT JLPT_2
元日,がんじつ,,New Year's Day,baru,JLPT JLPT_2
鑑賞,かんしょう,,appreciation,kekaguman,JLPT JLPT_2
感ずる,かんずる,,"to feel, to sense",merasa,JLPT JLPT_2
間接,かんせつ,,"indirect, indirectness",tidak langsung,JLPT JLPT_2
観測,かんそく,,observation,observasi; pengamatan,JLPT JLPT_2
寒帯,かんたい,,frigid zone,zona kutub; daerah dingin,JLPT JLPT_2
官庁,かんちょう,,"government office, authorities",pemerintah,JLPT JLPT_2
勘違い,かんちがい,,"misunderstanding, wrong guess",salah,JLPT JLPT_2
缶詰,かんづめ,,"canning, canned goods,",pengalengan; makanan kaleng,JLPT JLPT_2
乾電池,かんでんち,,"dry cell, battery",baterai,JLPT JLPT_2
関東,かんとう,,"eastern half of Japan, including Tokyo",bagian timur Jepang; termasuk Tokyo,JLPT JLPT_2
観念,かんねん,,"idea, notion; sense",ide; gagasan,JLPT JLPT_2
乾杯,かんぱい,,Cheers! (a toast),Bersulang!; Selamat!,JLPT_2 JLPT Genki_Ln.8 Genki
看板,かんばん,,"sign, signboard",tanda,JLPT JLPT_2
看病,かんびょう,,nursing (a patient),keperawatan,JLPT JLPT_2
冠,かんむり,,"crown, wreath",mahkota; karangan bunga,JLPT JLPT_2
漢和,かんわ,,"Chinese Character-Japanese (e.g., dictionary)",kamus kanji-Jepang,JLPT JLPT_2
～期,～き,,"~age, ~period",usia ~; era ~; periode ~,JLPT JLPT_2
～器,～き,,"device, equipment",perangkat; alat,JLPT JLPT_2
～機,～き,,machine,mesin,JLPT JLPT_2
気圧,きあつ,,atmospheric pressure,tekanan,JLPT JLPT_2
着替え,きがえ,,"changing clothes, change of clothes",perubahan,JLPT JLPT_2
着替える,きがえる,,to change (one's) clothes,mengubah; berubah,JLPT Intermediate_Japanese JLPT_2 Genki Intermediate_Japanese_Ln.10 Genki_Ln.21
機関車,きかんしゃ,,"locomotive, engine",organisasi,JLPT JLPT_2
飢饉,ききん,,famine,kelaparan; paceklik,JLPT JLPT_2
器具,きぐ,,instrument,alat musik; instrumen,JLPT JLPT_2
記号,きごう,,"symbol, code",simbol; lambang,JLPT JLPT_2
刻む,きざむ,,"to mince, to carve, to engrave",mencincang halus,JLPT JLPT_2
儀式,ぎしき,,"ceremony, rite, ritual",upacara; seremoni; ritual; upacara,JLPT JLPT_2
基準,きじゅん,,"standard, basis, criteria",standar,JLPT JLPT_2
規準,きじゅん,,"standard, basis, criteria",standar,JLPT JLPT_2
起床,きしょう,,"rising, getting out of bed",kenaikan; meningkat,JLPT JLPT_2
着せる,きせる,,to put on clothes,memakai; mengenakan,JLPT JLPT_2
基礎,きそ,,"foundation, basis",fondasi; dasar; yayasan,JLPT JLPT_2
基地,きち,,base,mendasarkan,JLPT JLPT_2
きっかけ,きっかけ,,"prompt, trigger, cue",memicu; pemicu,JLPT JLPT_2
ぎっしり,ぎっしり,,"tightly, fully",dengan tepat,JLPT JLPT_2
基盤,きばん,,"foundation, basis",fondasi; dasar; yayasan,JLPT JLPT_2
～気味,～ぎみ,,slightly ~,sedikit,JLPT JLPT_2
客席,きゃくせき,,guest seating,tamu,JLPT JLPT_2
客間,きゃくま,,"parlor, guest room",kamar; ruangan,JLPT JLPT_2
ギャング,ギャング,,gang,geng; kelompok jahat,JLPT JLPT_2
キャンパス,キャンパス,,campus,kampus,JLPT JLPT_2
休業,きゅうぎょう,,"closure, shutdown, holiday",hari,JLPT JLPT_2
休講,きゅうこう,,lecture canceled,kuliah dibatalkan,JLPT JLPT_2
給与,きゅうよ,,salary,gaji,JLPT JLPT_2
休養,きゅうよう,,"rest, break, recreation",memecahkan,JLPT JLPT_2
清い,きよい,,"clear, pure, noble",jelas; murni,JLPT JLPT_2
～教,～きょう,,religion,agama,JLPT JLPT_2
～行,～ぎょう,,"line, row",garis; baris; jalur,JLPT JLPT_2
～業,～ぎょう,,type of business,jenis; tipe,JLPT JLPT_2
強化,きょうか,,"strengthen, intensify, reinforce",memperkuat,JLPT JLPT_2
境界,きょうかい,,boundary,kondisi,JLPT JLPT_2
共産～,きょうさん～,,communist ~,komunis ~,JLPT JLPT_2
行事,ぎょうじ,,"event, function",fungsi,JLPT JLPT_2
恐縮,きょうしゅく,,sorry to trouble,maaf; menyesal,JLPT JLPT_2
教養,きょうよう,,"culture, education, sophistication",budaya; pendidikan,JLPT JLPT_2
行列,ぎょうれつ,,"line, procession; matrix (math)",garis; baris; jalur,JLPT JLPT_2
漁業,ぎょぎょう,,fishing (industry),memancing; penangkapan ikan,JLPT JLPT_2
曲線,きょくせん,,curve,kurva; tikungan,JLPT JLPT_2
規律,きりつ,,"order, rules, law",hukum,JLPT JLPT_2
斬る,きる,,"to behead, to murder",ada; menjadi,JLPT JLPT_2
～きる,～きる,,"nevertheless, to carry through",membawa,JLPT JLPT_2
～切れ,～きれ,,out of ~,keluar; di luar,JLPT JLPT_2
気を付ける,きをつける,,"to be careful, to pay attention, to take care",ada; menjadi; merawat; berhati-hati,JLPT JLPT_2
金魚,きんぎょ,,goldfish,ikan mas koki,JLPT JLPT_2
区域,くいき,,"zone, district, area",distrik; kecamatan; area; wilayah,JLPT JLPT_2
空～,くう～,,empty ~,kosong,JLPT JLPT_2
偶数,ぐうすう,,even number,angka; jumlah,JLPT JLPT_2
空想,くうそう,,"daydream, fantasy",melamun; lamunan; fantasi,JLPT JLPT_2
空中,くうちゅう,,"sky, air",langit,JLPT JLPT_2
クーラー,クーラー,,air conditioner,udara,JLPT JLPT_2
釘,くぎ,,nail,paku; kuku,JLPT JLPT_2
区切る,くぎる,,"to punctuate, to cut off, to mark off",memutus; memotong,JLPT JLPT_2
櫛,くし,,comb,sisir,JLPT JLPT_2
くしゃみ,くしゃみ,,sneeze,bersin,JLPT JLPT_2
苦情,くじょう,,"complaint, grievance, grumble",tuduhan,JLPT JLPT_2
苦心,くしん,,"pain, trouble",masalah; kesulitan,JLPT JLPT_2
屑,くず,,"waste, scrap",limbah; sisa; sampah,JLPT JLPT_2
崩す,くずす,,"to destroy, to make change (money)",merusak,JLPT JLPT_2
薬指,くすりゆび,,ring finger,membunyikan; berdering,JLPT JLPT_2
崩れる,くずれる,,"to collapse, to crumble",keruntuhan,JLPT JLPT_2
砕く,くだく,,"to break, to smash",memecahkan,JLPT JLPT_2
砕ける,くだける,,"to break, to be broken",memecahkan,JLPT JLPT_2
くたびれる,くたびれる,,"to get tired, to wear out",kelelahan; lelah,JLPT JLPT_2
くだらない,くだらない,,"good-for-nothing, stupid, worthless",bodoh; dungu,JLPT JLPT_2
～口,～くち,,"~ opening; ~ entrance, ~ exit",pintu ~ ; pintu masuk ~; pintu keluar ~,JLPT JLPT_2
唇,くちびる,,lip,bibir,JLPT JLPT_2
口紅,くちべに,,lipstick,lipstik,JLPT JLPT_2
くっつく,くっつく,,"to adhere to, to keep close to",menjaga,JLPT JLPT_2
くっつける,くっつける,,to attach,melampirkan,JLPT JLPT_2
くどい,くどい,,"verbose, importunate, heavy (taste)",berat,JLPT JLPT_2
句読点,くとうてん,,punctuation marks,tanda baca,JLPT JLPT_2
配る,くばる,,"to distribute, to deliver",mendistribusikan,JLPT JLPT_2
工夫,くふう,,"device, artifice, ingenuity",perangkat; alat,JLPT JLPT_2
区分,くぶん,,"division, section, classification",divisi; pembagian; klasifikasi,JLPT JLPT_2
組合せ,くみあわせ,,combination,mengatur,JLPT JLPT_2
組み立てる,くみたてる,,"to assemble, to set up, to construct",membangun,JLPT JLPT_2
悔やむ,くやむ,,"to regret, to mourn",pertobatan; untuk berduka,JLPT JLPT_2 Intermediate_Japanese Intermediate_Japanese_Ln.11
クリーニング,クリーニング,,"cleaning, dry cleaning, laundry service",layanan,JLPT JLPT_2
くるむ,くるむ,,"to be enveloped by, to wrap up",ada; menjadi,JLPT JLPT_2
くれぐれも,くれぐれも,,"repeatedly, sincerely, earnestly",berulang kali,JLPT JLPT_2
～家,～け,,"~'s family, the house of ~",rumah,JLPT JLPT_2
～形,～けい,,shape of ~,berbentuk ~; wujud ~,JLPT JLPT_2
～系,～けい,,"~ system, ~ lineage, ~ group",kelompok,JLPT_1 JLPT JLPT_2
稽古,けいこ,,"practice, training, study",latihan; praktik,JLPT JLPT_2
敬語,けいご,,"honorific language (lit., respect language)",bahasa,JLPT Intermediate_Japanese Genki_Ln.19 JLPT_2 Intermediate_Japanese_Ln.13 Genki
蛍光灯,けいこうとう,,fluorescent lamp,lampu neon; lampu fluoresen,JLPT JLPT_2
形式,けいしき,,"form, formality, format",membentuk,JLPT JLPT_2
継続,けいぞく,,continuation,kelanjutan; sambungan,JLPT JLPT_2
毛糸,けいと,,knitting wool,benang rajut; wol rajut,JLPT JLPT_2
経度,けいど,,longitude,bujur,JLPT JLPT_2
系統,けいとう,,"system, genealogy",sistem,JLPT JLPT_2
芸能,げいのう,,"public entertainment, performing arts",umum; publik,JLPT JLPT_2
競馬,けいば,,horse racing,balap kuda,JLPT JLPT_2
警備,けいび,,"defense, guard, policing, security",keamanan,JLPT JLPT_2
形容詞,けいようし,,adjective,kata sifat,JLPT JLPT_2
形容動詞,けいようどうし,,"adjectival noun, quasi-adjective",kata sifat nominal; kata sifat-na,JLPT JLPT_2
外科,げか,,surgical department,departemen; divisi,JLPT JLPT_2
毛皮,けがわ,,"fur, skin, pelt",kulit,JLPT JLPT_2
激増,げきぞう,,sudden increase,mendadak; tiba-tiba,JLPT JLPT_2
下車,げしゃ,,"alighting, getting off",turun; keluar dari kendaraan,JLPT JLPT_2
下旬,げじゅん,,month (last third of),bulan,JLPT JLPT_2
下水,げすい,,"drainage, sewage, ditch, gutter, sewerage",menguras,JLPT JLPT_2
削る,けずる,,"to cut down little by little, to take a percentage",memotong; mengurangi,JLPT JLPT_2
桁,けた,,"column, beam, digit",ringan,JLPT JLPT_2
下駄,げた,,"(Japanese footwear), wooden clogs",alas kaki Jepang; geta (sandal kayu),JLPT JLPT_2
血圧,けつあつ,,blood pressure,tekanan,JLPT JLPT_2
月給,げっきゅう,,monthly salary,gaji,JLPT JLPT_2
傑作,けっさく,,"masterpiece, best work",mahakarya; karya terbaik,JLPT JLPT_2
月末,げつまつ,,end of the month,bulan,JLPT JLPT_2
気配,けはい,,"indication, sign, hint",tanda,JLPT JLPT_2
下品,げひん,,"vulgar, indecent, coarse",kasar,JLPT JLPT_2
煙い,けむい,,smoky,berasap; penuh asap,JLPT JLPT_2
険しい,けわしい,,"steep, rugged; severe",ketat,JLPT JLPT_2
～圏,～けん,,"bloc, sphere, area",area; wilayah,JLPT_1 JLPT JLPT_2
現～,げん～,,"present, incumbent",masa kini,JLPT JLPT_2
見学,けんがく,,"tour, study by observation",tur; studi lapangan,JLPT JLPT_2
謙虚,けんきょ,,"modesty, humble",rendah hati,JLPT JLPT_2
原稿,げんこう,,"manuscript, copy","salinan, karya, teks, dll.)",JLPT JLPT_2
原産,げんさん,,place of origin,asal; asal usul,JLPT JLPT_2
原始,げんし,,"origin, primeval",asal; asal usul,JLPT JLPT_2
研修,けんしゅう,,training,latihan,JLPT JLPT_2
厳重,げんじゅう,,"strict, severe, firm",ketat; tegas,JLPT JLPT_2
謙遜,けんそん,,"humble, humility, modesty",rendah hati,JLPT JLPT_2
県庁,けんちょう,,prefectural office,kantor,JLPT JLPT_2
限度,げんど,,"limit, bounds",batas,JLPT JLPT_2
現に,げんに,,"actually, really",sebenarnya,JLPT JLPT_2
顕微鏡,けんびきょう,,microscope,mikroskop,JLPT JLPT_2
懸命,けんめい,,"eagerness, strenuous",keinginan,JLPT JLPT_2
原理,げんり,,"principle, theory, fundamental truth",prinsip; asas,JLPT JLPT_2
原料,げんりょう,,raw materials,mentah,JLPT JLPT_2
小～,こ～,,small ~,kecil,JLPT JLPT_2
恋しい,こいしい,,"dear, beloved; to miss",merindukan; melewatkan,JLPT JLPT_2
高～,こう～,,high (level) ~,tinggi,JLPT JLPT_2
～校,～こう,,counter for school,sekolah,JLPT JLPT_2
～港,～こう,,~ port,pelabuhan ~,JLPT JLPT_2
～号,～ごう,,counter for magazine; the name of ship,kapal,JLPT JLPT_2
工員,こういん,,factory worker,pabrik,JLPT JLPT_2
強引,ごういん,,"forcible, assertive, pushy",tegas; asertif,JLPT JLPT_2
公害,こうがい,,"public nuisance, pollution",polusi; pencemaran,JLPT JLPT_2
高級,こうきゅう,,high class; first-rate,tinggi,Intermediate_Japanese_Ln.6 JLPT_2 JLPT Intermediate_Japanese
公共,こうきょう,,"public, community, communal",umum; publik; komunitas; masyarakat,JLPT JLPT_2
工芸,こうげい,,industrial arts,industri,JLPT JLPT_2
孝行,こうこう,,filial piety,baik kepada orang tua,JLPT JLPT_2
交差,こうさ,,cross,kompromi,JLPT JLPT_2
講師,こうし,,lecturer,dosen; pengajar,JLPT_2 JLPT Intermediate_Japanese_Ln.15 Intermediate_Japanese
工事,こうじ,,construction work,pekerjaan; karya,JLPT JLPT_2
公式,こうしき,,"formula, formality, official",rumus; formula,JLPT JLPT_2
口実,こうじつ,,excuse,penjelasan,JLPT JLPT_2
こうして,こうして,,"like this, with this",dengan cara ini,JLPT JLPT_2
公衆,こうしゅう,,the public,umum; publik,JLPT JLPT_2
香水,こうすい,,perfume,parfum; wewangian,JLPT JLPT_2
功績,こうせき,,"achievements, merit",kuat,JLPT JLPT_2
光線,こうせん,,"beam, light ray",ringan,JLPT JLPT_2
高層,こうそう,,"tall, high rise",tinggi,JLPT JLPT_2
構造,こうぞう,,"structure, construction",struktur,JLPT JLPT_2
交替,こうたい,,"change, relief, alteration",perubahan,JLPT JLPT_2
耕地,こうち,,arable land,lahan arable; lahan dapat diolah,JLPT JLPT_2
交通機関,こうつうきかん,,transportation facilities,fasilitas transportasi,JLPT JLPT_2
校庭,こうてい,,school yard,sekolah,JLPT JLPT_2
肯定,こうてい,,"positive, affirmation",aktif,JLPT JLPT_2
高度,こうど,,"altitude, height; advanced",ketinggian; maju; lanjut,JLPT JLPT_2
高等,こうとう,,"high class, high grade",tinggi,JLPT JLPT_2
合同,ごうどう,,"combination, incorporation",mengatur,JLPT JLPT_2
高等学校,こうとうがっこう,,senior high school,sekolah,JLPT JLPT_2
公表,こうひょう,,"official announcement, proclamation",deklarasi,JLPT JLPT_2
鉱物,こうぶつ,,mineral,tambang; milik saya,JLPT JLPT_2
公務,こうむ,,"official business, public business",umum; publik,JLPT JLPT_2
項目,こうもく,,item,item; barang; butir,JLPT JLPT_2
紅葉,こうよう,,fall colors (of leaves),jatuh,Intermediate_Japanese_Ln.4 JLPT JLPT_2 Intermediate_Japanese
合理,ごうり,,rational,rasional,JLPT JLPT_2
交流,こうりゅう,,exchange; alternating current,pertukaran,JLPT JLPT_2
合流,ごうりゅう,,"confluence, merge, join",bergabung,JLPT JLPT_2
効力,こうりょく,,"effect, efficacy",efek; dampak,JLPT JLPT_2
コース,コース,,course,atau laut),JLPT JLPT_2
コーラス,コーラス,,chorus,koor; paduan suara,JLPT JLPT_2
焦がす,こがす,,"to burn, to scorch",membakar,JLPT JLPT_2
～国,～こく,,nation of ~,bangsa ~; negara ~,JLPT JLPT_2
国王,こくおう,,king,raja,JLPT JLPT_2
国立,こくりつ,,national,nasional,JLPT JLPT_2
ご苦労様,ごくろうさま,,Thank you for your had work,Terima kasih atas kerja kerasmu,JLPT JLPT_2
焦げる,こげる,,"to burn, to be burned",membakar,JLPT JLPT_2
凍える,こごえる,,"to freeze, to be chilled, to be frozen",ada; menjadi,JLPT JLPT_2
心当たり,こころあたり,,"having some knowledge of, happening to know",pengetahuan,JLPT JLPT_2
心得る,こころえる,,"to understand, to have thorough knowledge",mengerti,JLPT JLPT_2
腰掛け,こしかけ,,"seat, bench",bangku,JLPT JLPT_2
腰掛ける,こしかける,,to sit (down),duduk,JLPT JLPT_2
五十音,ごじゅうおん,,the Japanese syllabary,(kata sandang),JLPT JLPT_2
こしらえる,こしらえる,,"to make, to manufacture",membuat,JLPT JLPT_2
擦る,こする,,"to rub, to chafe, to file, to frost (glass), to strike (match)",menggosok,JLPT JLPT_2
個体,こたい,,an individual,sebuah; suatu,JLPT JLPT_2
ごちそうさま,ごちそうさま,,Thank you for the meal,hidangan,JLPT JLPT_2
こちらこそ,こちらこそ,,it is I who should say so,sayalah yang seharusnya berkata demikian,JLPT JLPT_2
小遣い,こづかい,,"pocket money, allowance",menghabiskan uang; pengobatan,JLPT JLPT_2
コック,コック,,"cook; tap, cock",mengetuk ringan,JLPT JLPT_2
こっそり,こっそり,,"stealthily, secretly",secara diam-diam,JLPT JLPT_2
古典,こてん,,"classics, classic",karya klasik; klasik,JLPT JLPT_2
～毎,～ごと,,"every ~, each ~",setiap,JLPT JLPT_2
〜 (まる) ごと,〜 (まる) ごと,,"whole ~, all of ~",semua; seluruh,JLPT JLPT_2
言付ける,ことづける,,to leave a message,meninggalkan pesan,JLPT JLPT_2
言葉遣い,ことばづかい,,"speech, expression, wording",pidato; ucapan; ekspresi; ungkapan,JLPT JLPT_2
こないだ,こないだ,,"the other day, lately, recently",(kata sandang); baru-baru ini,JLPT JLPT_2
御無沙汰,ごぶさた,,not writing or contacting for a while,tidak,JLPT JLPT_2
ゴム,ゴム,,"gum, rubber",karet; permen karet,JLPT JLPT_2
御免,ごめん,,"declining (something); pardon, sorry",maaf; menyesal,JLPT JLPT_2
ごめんください,ごめんください,,"May I come in, Is anyone here",mungkin; boleh,JLPT JLPT_2
小指,こゆび,,little finger,kecil,JLPT JLPT_2
堪える,こらえる,,"to bear, to endure, to put up with",bertahan; menanggung,JLPT JLPT_2
娯楽,ごらく,,"pleasure, amusement, recreation",kesenangan; kenikmatan,JLPT JLPT_2
御覧,ごらん,,"(hon.) look, inspection, try",(kehormatan),JLPT JLPT_2
コレクション,コレクション,,collection; correction,koleksi; kumpulan,JLPT JLPT_2
転がす,ころがす,,to roll,menggulung; berguling,JLPT JLPT_2
転がる,ころがる,,"to roll, to tumble",menggulung; berguling,JLPT JLPT_2
紺,こん,,"navy blue, deep blue",biru tua; biru gelap,JLPT JLPT_2 Intermediate_Japanese_Ln.9 Intermediate_Japanese
今～,こん～,,"this, current",ini,JLPT JLPT_2
コンクール,コンクール,,contest (FRE: concours),kontes; perlombaan,JLPT JLPT_2
コンクリート,コンクリート,,concrete,material,JLPT JLPT_2
混合,こんごう,,"mixing, mixture",pencampuran,JLPT JLPT_2
コンセント,コンセント,,consent; power outlet,kekuatan; daya,JLPT JLPT_2
献立,こんだて,,menu,menu,JLPT JLPT_2
こんばんは,こんばんは,,good evening,sore,JLPT JLPT_2
サークル,サークル,,"circle, sports club (e.g., at a company)",di; pada,JLPT JLPT_2
再～,さい～,,re ~,kembali ~; ulang ~,JLPT JLPT_2
最～,さい～,,the most ~,(kata sandang),JLPT JLPT_2
在学,ざいがく,,(enrolled) in school,sekolah,JLPT JLPT_2
再三,さいさん,,"again and again, repeatedly",berulang kali,JLPT JLPT_2
祭日,さいじつ,,"national holiday, festival day",nasional,JLPT JLPT_2
催促,さいそく,,"demand, urge (action), press for",permintaan,JLPT JLPT_2
採点,さいてん,,"marking, grading",pemberian nilai; penilaian,JLPT JLPT_2
災難,さいなん,,"calamity, misfortune",bencana,JLPT JLPT_2
裁縫,さいほう,,sewing,menjahit; jahitan,JLPT JLPT_2
材木,ざいもく,,"lumber, timber",kayu balok; kayu material,JLPT JLPT_2
サイレン,サイレン,,siren,sirene; suara peringatan,JLPT JLPT_2
逆さ,さかさ,,"reverse, upside down",bawah; turun,JLPT JLPT_2
逆様,さかさま,,"reverse, upside down",bawah; turun,JLPT JLPT_2
捜す,さがす,,"to search, to seek, to look for",mencari,JLPT JLPT_2
遡る,さかのぼる,,"to go back, to date back; ascend",kembali; pulang,JLPT JLPT_2
酒場,さかば,,"bar, bar-room",bar; batang,JLPT JLPT_2
一昨昨日,さきおととい,,"two days before yesterday, three days ago",dua,JLPT JLPT_2
先程,さきほど,,a little while ago,kecil,JLPT JLPT_2
索引,さくいん,,"index, indices",indeks,JLPT JLPT_2
作者,さくしゃ,,"author, artist",gaya,JLPT JLPT_2
削除,さくじょ,,"elimination, deletion",eliminasi,JLPT JLPT_2
作成,さくせい,,"creation, preparation, to make",membuat,JLPT JLPT_2
作製,さくせい,,"manufacture, production",produksi,JLPT JLPT_2
探る,さぐる,,"to search, to look for, investigate",mencari,JLPT JLPT_2
囁く,ささやく,,"to whisper, to murmur",berbisik; bergumam,JLPT JLPT_2
匙,さじ,,spoon,sendok,JLPT JLPT_2
座敷,ざしき,,tatami room,kamar; ruangan,JLPT JLPT_2
差し支え,さしつかえ,,"hindrance, impediment",hambatan,JLPT JLPT_2
差し引き,さしひき,,"deduction, balance",subsidi; keseimbangan,JLPT_1 JLPT JLPT_2
刺身,さしみ,,sliced raw fish,ikan,JLPT JLPT_2
(かさを～) さす,(かさを～) さす,,to open; hold (an umbrella),membuka,JLPT JLPT_2 MediaMissing
流石,さすが,,"indeed, truly, as one would expect",memang; sungguh,JLPT JLPT_2
撮影,さつえい,,photographing,foto,JLPT JLPT_2
雑音,ざつおん,,"noise (jarring, grating)",kebisingan; suara mengganggu,JLPT JLPT_2
さっさと,さっさと,,quickly,dengan cepat,JLPT JLPT_2
早速,さっそく,,"at once, immediately, promptly",segera; langsung,JLPT JLPT_2
錆,さび,,rust (color),warna karat; karat,JLPT JLPT_2
錆びる,さびる,,"to rust, to become rusty",ada; menjadi,JLPT JLPT_2
座布団,ざぶとん,,cushion (Japanese),bantal duduk; zabuton,JLPT JLPT_2
妨げる,さまたげる,,"to disturb, to prevent",mencegah,JLPT JLPT_2
さようなら,さようなら,,good-bye,selamat tinggal; sampai jumpa,JLPT JLPT_2
サラリーマン,サラリーマン,,salaryman; company employee,karyawan,Genki_Ln.17 JLPT JLPT_2 Genki
騒がしい,さわがしい,,noisy,berisik,JLPT JLPT_2
さわやか,さわやか,,"fresh, refreshing",segar; baru,JLPT JLPT_2
～山,～さん,,the name of mountain,gunung,JLPT JLPT_2
～産,～さん,,made in ~,dibuat di ~; produksi ~,JLPT JLPT_2
三角,さんかく,,"triangle, triangular",segitiga,JLPT JLPT_2
算数,さんすう,,arithmetic,aritmatika; hitungan,JLPT JLPT_2
産地,さんち,,producing area,area; wilayah,JLPT JLPT_2
サンプル,サンプル,,sample,sampel,JLPT JLPT_2
山林,さんりん,,mountain forest,gunung,JLPT JLPT_2
～史,～し,,history of ~,sejarah,JLPT JLPT_2
～紙,～し,,"newspaper, type of paper",kertas,JLPT JLPT_2
～寺,～じ,,the name of temple,(kata sandang),JLPT JLPT_2
仕上がる,しあがる,,to be finished,ada; menjadi,JLPT JLPT_2
明明後日,しあさって,,two days after tomorrow,besok,JLPT JLPT_2
シーズン,シーズン,,season (sporting),membumbui,JLPT JLPT_2
シーツ,シーツ,,sheet,lembaran; sprei,JLPT JLPT_2
寺院,じいん,,temple,"satu bangunan (aula, candi, kuil, ruangan)",JLPT JLPT_2
しいんと (する),しいんと (する),,"silent (as the grave), (deathly) quiet",tenang; sunyi,JLPT JLPT_2
自衛,じえい,,self-defense,pembelaan diri; pertahanan diri,JLPT JLPT_2
塩辛い,しおからい,,salty (taste),asin (rasa),JLPT JLPT_2
司会,しかい,,"host, chairperson",tuan rumah; pembawa acara,JLPT JLPT_2
四角い,しかくい,,square,persegi; kotak,JLPT JLPT_2
仕方がない,しかたがない,,"it can't be helped, it's inevitable",tidak bisa dihindari; mau tidak mau,JLPT JLPT_2
～時間目,～じかんめ,,"~th hour, ~th period",periode; masa,JLPT JLPT_2
時間割,じかんわり,,"timetable, schedule",jadwal; tabel waktu,JLPT JLPT_2
〜(日本) 式,～(にほん) しき,,"custom,",adat; kebiasaan,JLPT JLPT_2 MediaMissing
敷地,しきち,,site,mendasarkan,JLPT JLPT_2
敷く,しく,,"to spread out, to lay out",menyebar,JLPT JLPT_2
茂る,しげる,,to grow thick,tumbuh,JLPT JLPT_2
持参,じさん,,"bringing, taking, carrying",membawa,JLPT JLPT_2
磁石,じしゃく,,magnet,magnet,JLPT JLPT_2
四捨五入,ししゃごにゅう,,rounding up (fractions),pembulatan ke atas,JLPT JLPT_2
始終,しじゅう,,"continuously, always, constantly",selalu,JLPT JLPT_2
自習,じしゅう,,self-study,belajar mandiri; otodidak,JLPT JLPT_2 Intermediate_Japanese_Ln.13 Intermediate_Japanese
静まる,しずまる,,"to quieten down, to calm down",untuk menenangkan diri,JLPT JLPT_2
姿勢,しせい,,attitude; posture,sikap,JLPT JLPT_2
自然科学,しぜんかがく,,natural science,alami,JLPT JLPT_2
時速,じそく,,speed (per hour),kecepatan,JLPT JLPT_2
子孫,しそん,,"descendant, offspring",keturunan,JLPT JLPT_2
死体,したい,,corpse,mayat; jenazah,JLPT JLPT_2
下書き,したがき,,"rough copy, draft",kasar,JLPT JLPT_2
自宅,じたく,,one's own home (same as 自分の家 (じぶんのいえ)),milik sendiri,Intermediate_Japanese_Ln.5 JLPT JLPT_2 Intermediate_Japanese
下町,したまち,,old parts of town,kota tua; bagian kota yang lama,JLPT JLPT_2
自治,じち,,"self-government, autonomy",otonomi; kemandirian,JLPT JLPT_2
室～,しつ～,,room,kamar; ruangan,JLPT JLPT_2
～室,～しつ,,counter for room,kamar; ruangan,JLPT JLPT_2
～日,～じつ,,day,hari,JLPT JLPT_2
実感,じっかん,,"feelings, realization",lewat,JLPT JLPT_2
湿気,しっき,,"moisture, humidity, dampness",kelembaban; uap air,JLPT JLPT_2
しつこい,しつこい,,"insistent, obstinate",keras kepala,JLPT JLPT_2
実習,じっしゅう,,"practice, training",latihan; praktik,JLPT JLPT_2
実績,じっせき,,"achievements, actual results",pencapaian; prestasi,JLPT JLPT_2
執筆,しっぴつ,,writing,menulis; tulisan,JLPT JLPT_2
実物,じつぶつ,,an actual thing,sebuah; suatu,Intermediate_Japanese_Ln.6 JLPT_2 JLPT Intermediate_Japanese
しっぽ,しっぽ,,tail (animal),ekor (hewan),JLPT JLPT_2
実用,じつよう,,"practical use, utility",gunakan,JLPT JLPT_2
しつれいしました (かん),しつれいしました (かん),,"Excuse me., I'm sorry.",maaf,JLPT JLPT_2
実例,じつれい,,"example, instance",sebuah contoh; kasus,JLPT JLPT_2
失恋,しつれん,,"broken heart, unrequited love",berbalas,JLPT JLPT_2
指定,してい,,"designation, specification, assignment",penamaan,JLPT JLPT_2
私鉄,してつ,,private railway,pribadi; privat,JLPT JLPT_2
縛る,しばる,,"to tie, to bind",mengencangkan; tautan,JLPT JLPT_2
地盤,じばん,,(the) ground,tanah; lantai; permukaan tanah,JLPT JLPT_2
しびれる,しびれる,,to become numb,ada; menjadi,JLPT JLPT_2
紙幣,しへい,,"paper money, notes, bills",kertas,JLPT JLPT_2
しぼむ,しぼむ,,"to wither, to shrivel",ada,JLPT JLPT_2
絞る,しぼる,,"to press, to wring, to squeeze",menekan; memeras; memeras; meremas,JLPT JLPT_2
縞,しま,,stripe,garis; loreng; stripe,JLPT JLPT_2
～おしまい (おわり),～おしまい (おわり),,end up ~,akhir; ujung,JLPT JLPT_2
しみじみ,しみじみ,,"keenly, deeply, heartily",dari lubuk hati yang paling dalam,JLPT JLPT_2
氏名,しめい,,full name,penuh,JLPT JLPT_2
締切,しめきり,,deadline,tenggat waktu; batas waktu,JLPT JLPT_2 Intermediate_Japanese Intermediate_Japanese_Ln.3
締め切る,しめきる,,"to close, cancel",menutup,JLPT JLPT_2
しめた (かん),しめた (かん),,"I've got it, all right, fine",semua; seluruh; denda; bagus,JLPT JLPT_2
地面,じめん,,"ground, earth's surface",permukaan,JLPT JLPT_2
～車,～しゃ,,~ car,mobil ~; kendaraan ~,JLPT JLPT_2
～者,～しゃ,,person,orang,JLPT JLPT_2
～社,～しゃ,,counter for company,perusahaan,JLPT JLPT_2
ジャーナリスト,ジャーナリスト,,journalist,jurnalis; wartawan,JLPT JLPT_2
社会科学,しゃかいかがく,,social science,ilmu pengetahuan,JLPT JLPT_2
しゃがむ,しゃがむ,,to squat,untuk berjongkok,JLPT JLPT_2
蛇口,じゃぐち,,"faucet, tap",mengetuk ringan,JLPT JLPT_2
弱点,じゃくてん,,"weak point, weakness",lemah,JLPT JLPT_2
車庫,しゃこ,,"garage, car shed",garasi,JLPT JLPT_2
車掌,しゃしょう,,(train) conductor,kondektur kereta,JLPT JLPT_2
写生,しゃせい,,"sketching, drawing from nature",alam,JLPT JLPT_2
社説,しゃせつ,,editorial,editorial; tajuk rencana,JLPT JLPT_2
しゃっくり,しゃっくり,,"hiccough, hiccup",cegukan,JLPT JLPT_2
シャッター,シャッター,,shutter,penutup; shutter,JLPT JLPT_2
しゃぶる,しゃぶる,,"to suck, to chew",mengunyah,JLPT JLPT_2
車輪,しゃりん,,(car) wheel,roda mobil,JLPT JLPT_2
洒落,しゃれ,,"joke, pun, witticism",lelucon; permainan kata; humor,JLPT JLPT_2
じゃんけん,じゃんけん,,rock-scissors-paper game,suit; gunting-batu-kertas,JLPT JLPT_2
～手,～しゅ,,"~ player, person who does ~",orang,JLPT JLPT_2
～酒,～しゅ,,kind of alcohol,baik hati; ramah,JLPT JLPT_2
～集,～しゅう,,collection of ~,koleksi; kumpulan,JLPT JLPT_2
重～,じゅう～,,heavy ~,berat,JLPT JLPT_2
集会,しゅうかい,,"meeting, assembly",pertemuan; rapat,JLPT JLPT_2
集金,しゅうきん,,money collection,uang,JLPT JLPT_2
集合,しゅうごう,,"gathering, assembly",pertemuan,JLPT JLPT_2
習字,しゅうじ,,penmanship,kaligrafi; kepenulisan; tulisan tangan,JLPT JLPT_2
修繕,しゅうぜん,,"repair, mending",peningkatan,JLPT JLPT_2
じゅうたん (カーペット),じゅうたん (カーペット),,carpet,karpet,JLPT JLPT_2
終点,しゅうてん,,"terminus, last stop (e.g train)",terakhir,JLPT JLPT_2
重点,じゅうてん,,"important point, lay stress on, emphasis",penting,JLPT JLPT_2
リズム,リズム,,rhythm,ritme; irama,JLPT JLPT_2
リットル,リットル,,liter,liter,JLPT JLPT_2
リボン,リボン,,ribbon,pita,JLPT JLPT_2
略す,りゃくす,,to abbreviate,mempersingkat; meringkas,JLPT JLPT_2
～流,～りゅう,,"fashion, manner, way",cara; jalan,JLPT JLPT_2
流域,りゅういき,,(river) basin,daerah aliran sungai; cekungan sungai,JLPT JLPT_2
両～,りょう～,,both ~,keduanya; kedua,JLPT JLPT_2
～料,～りょう,,"fare, charge",biaya; dakwaan; mengisi daya,JLPT JLPT_2
～領,～りょう,,territory,negara,JLPT JLPT_2
両側,りょうがわ,,both sides,keduanya; kedua,JLPT JLPT_2
漁師,りょうし,,fisherman,nelayan; pemancing,JLPT JLPT_2
領事,りょうじ,,consul,konsul,JLPT JLPT_2
領収,りょうしゅう,,"receipt, voucher",kwitansi; voucher,JLPT JLPT_2
～力,～りょく,,power of ~,kekuatan; daya,JLPT JLPT_2
臨時,りんじ,,"temporary, special, extraordinary",sementara; spesial,JLPT JLPT_2
留守番,るすばん,,"care-taking, caretaker, house-watching",penjagaan rumah; pengasuh; penjaga,JLPT JLPT_2 Genki_Ln.23 Genki
零点,れいてん,,"zero, no marks",nol; tidak ada nilai,JLPT JLPT_2
冷凍,れいとう,,"freezing, cold storage, refrigeration",dingin,JLPT JLPT_2
レインコート,レインコート,,raincoat,jas hujan; mantel hujan,JLPT JLPT_2
レクリェーション,レクリェーション,,recreation,rekreasi; hiburan,JLPT JLPT_2
レジャー,レジャー,,leisure,waktu,JLPT JLPT_2
列島,れっとう,,chain of islands,gugusan pulau; kepulauan,JLPT JLPT_2
リポート,リポート,,"report, paper",laporan; kertas,JLPT JLPT_2
煉瓦,れんが,,brick,batu bata,JLPT JLPT_2
連合,れんごう,,"union, alliance",aliansi; persekutuan,JLPT JLPT_2
レンズ,レンズ,,lens,lensa,JLPT JLPT_2
ろうそく,ろうそく,,candle,lilin,JLPT_2 JLPT Genki_Ln.18 Genki
ローマ字,ローマじ,,"romanization, Roman letters (alphabet)",romanisasi; alfabet Latin,JLPT_2 JLPT Intermediate_Japanese_Ln.15 Intermediate_Japanese
録音,ろくおん,,(audio) recording,rekaman audio,JLPT JLPT_2
ロッカー,ロッカー,,locker,loker,JLPT JLPT_2
ロビー,ロビー,,lobby,lobi,JLPT JLPT_2
～論,～ろん,,theory,teori,JLPT JLPT_2
論ずる,ろんずる,,"to argue, to discuss",mendiskusikan,JLPT JLPT_2
和～,わ～,,Japanese style,Jepang,JLPT JLPT_2
～羽,～わ,,counter for rabbits; birds,penghitung; konter,JLPT JLPT_2
和英,わえい,,Japanese-English,Jepang,JLPT JLPT_2
我～,わが～,,our ~,milik kami/kita,JLPT JLPT_2
若々しい,わかわかしい,,"youthful, young",muda,JLPT JLPT_2
詫びる,わびる,,to apologize,minta maaf,JLPT JLPT_2
和服,わふく,,Japanese clothes,Jepang,JLPT JLPT_2
割合に,わりあいに,,"relatively, comparatively",relatif,JLPT JLPT_2
割算,わりざん,,division (math),divisi; pembagian,JLPT JLPT_2
割と,わりと,,"relatively, comparatively",relatif,JLPT JLPT_2
割引,わりびき,,discount,diskon; potongan,JLPT JLPT_2
ワンピース,ワンピース,,one-piece dress,gaun terusan; baju terusan,JLPT JLPT_2
アイデア; アイディア,アイデア; アイディア,,idea,ide; gagasan,JLPT JLPT_2
あいまい,あいまい,,"vague, ambiguous",ambigu; tidak jelas,JLPT JLPT_2
扇ぐ,あおぐ,,"to fan, to flap",penggemar; kipas angin,JLPT JLPT_2
青白い,あおじろい,,pale,pucat; memucat,JLPT JLPT_2
呆れる,あきれる,,"to be shocked, to be appalled",ada; menjadi,JLPT JLPT_2
アクセント,アクセント,,accent,aksen; tekanan suara,JLPT JLPT_2
あくび,あくび,,yawn,menguap,JLPT JLPT_2
飽くまで,あくまで,,"to the end, to the last, stubbornly",hingga akhir,JLPT JLPT_2
明くる～,あくる～,,"next, following",mengikuti,JLPT JLPT_2
明け方,あけがた,,dawn,permulaan,JLPT JLPT_2
憧れる,あこがれる,,"to long for, to yearn after",merindukan; mendambakan,JLPT JLPT_2
朝寝坊,あさねぼう,,"oversleeping, late riser",kesiangan; bangun kesiangan,JLPT JLPT_2
足跡,あしあと,,footprint,jejak kaki; telapak kaki,JLPT JLPT_2
足元,あしもと,,at one's feet,di; pada,JLPT JLPT_2
味わう,あじわう,,"to taste, to savor",mencicipi,JLPT JLPT_2
あちらこちら,あちらこちら,,here and there,di sana-sini; di berbagai tempat,JLPT JLPT_2
厚かましい,あつかましい,,"impudent, shameless,",tidak tahu malu; kurang ajar,JLPT JLPT_2
圧縮,あっしゅく,,"compression, condensation, pressure",tekanan,JLPT JLPT_2
宛名,あてな,,"address, direction",arah,JLPT JLPT_2
当てはまる,あてはまる,,"to be applicable, to come under (a category)",ada; menjadi,JLPT JLPT_2
当てはめる,あてはめる,,"to apply, to adapt",melamar; mendaftar,JLPT JLPT_2
暴れる,あばれる,,"to act violently, to rage",bertindak,JLPT JLPT_2
あぶる,あぶる,,"to scorch, to roast",memanggang,JLPT JLPT_2
あふれる,あふれる,,"to flood, to overflow",banjir,JLPT JLPT_2
雨戸,あまど,,sliding storm door,pintu geser pengaman; amado,JLPT JLPT_2
甘やかす,あまやかす,,"to pamper, to spoil",membuat,JLPT JLPT_2
余る,あまる,,"to be left over, to be in excess",ada; menjadi,JLPT JLPT_2
編み物,あみもの,,knitting,merajut; rajutan,JLPT JLPT_2
編む,あむ,,to knit,merajut; mengait,Genki Genki_Ln.13 JLPT JLPT_2
危うい,あやうい,,"dangerous, critical",berbahaya,JLPT JLPT_2
怪しい,あやしい,,"suspicious, dubious, doubtful",tidak pasti,JLPT JLPT_2
荒い,あらい,,"rough, rude, wild",kasar,JLPT JLPT_2
粗い,あらい,,"coarse, rough",kasar,JLPT JLPT_2
粗筋,あらすじ,,"outline, synopsis",garis besar; ringkasan,JLPT JLPT_2
改めて,あらためて,,"another time, again",untuk kedua kalinya,JLPT JLPT_2
改める,あらためる,,"to change, to reform, to revise",berubah; reformasi,JLPT JLPT_2
有難い,ありがたい,,"grateful, thankful, appreciated",bersyukur; berterima kasih,JLPT JLPT_2
あれこれ,あれこれ,,"one thing or another, this and that",satu; seseorang; ini,JLPT JLPT_2
荒れる,あれる,,"to be stormy, to be rough, to be ruined",ada; menjadi,JLPT JLPT_2
慌ただしい,あわただしい,,"busy, hurried",sibuk,JLPT JLPT_2
安易,あんい,,easy-going,santai; easygoing; tidak ribet,JLPT JLPT_2
アンテナ,アンテナ,,antenna,antena,JLPT JLPT_2
～位,～い,,~th place,tempat,JLPT JLPT_2
言い出す,いいだす,,"to start talking, to suggest",menyarankan,JLPT JLPT_2
言い付ける,いいつける,,"to tell, to order",memberitahu; memesan,JLPT JLPT_2
意義,いぎ,,"meaning, significance",arti; makna,JLPT JLPT_2
生き生き,いきいき,,"vividly, lively",kuat,JLPT JLPT_2
いきなり,いきなり,,all of a sudden,semua; seluruh,Intermediate_Japanese Intermediate_Japanese_Ln.13 JLPT JLPT_2
幾～,いく～,,several ~,beberapa,JLPT JLPT_2
育児,いくじ,,"childcare, nursing",keperawatan,Intermediate_Japanese Intermediate_Japanese_Ln.14 JLPT JLPT_2
幾分,いくぶん,,somewhat,agak,JLPT JLPT_2
生け花,いけばな,,flower arrangement,bunga,JLPT JLPT_2
以後,いご,,after this; from now on; hereafter,mulai sekarang,JLPT JLPT_2 Intermediate_Japanese_Ln.8 Intermediate_Japanese
以降,いこう,,"on and after, hereafter",mulai sekarang,JLPT JLPT_2
イコール,イコール,,equal,kesetaraan,JLPT JLPT_2
勇ましい,いさましい,,"brave, valiant",berani,JLPT JLPT_2
衣食住,いしょくじゅう,,"food, clothing and shelter",makanan,JLPT JLPT_2
～いち (にほんいち),～いち (にほんいち),,No. 1 ~ (in),Nomor 1 ~; peringkat pertama,JLPT JLPT_2
いちいち,いちいち,,"one by one, separately",satu per satu; secara terpisah,JLPT JLPT_2
一応,いちおう,,"tentatively, for the time being",untuk sementara,JLPT JLPT_2
一段と,いちだんと,,"by far, greater",oleh; dengan; dekat,JLPT_2 JLPT Intermediate_Japanese_Ln.15 Intermediate_Japanese
一流,いちりゅう,,"first class, leading",pertama; pertama kali,JLPT JLPT_2
一昨日,いっさくじつ,,day before yesterday,kemarin,JLPT JLPT_2
一昨年,いっさくねん,,year before last,tahun,JLPT JLPT_2
一斉,いっせい,,"simultaneous, all at once",sekaligus,JLPT JLPT_2
一旦,いったん,,"once, for a moment",sebelum,JLPT JLPT_2
一定,いってい,,"fixed, settled, regular",teratur; rutin,JLPT JLPT_2
行っていらっしゃい,いっていらっしゃい,,"have a nice day, see you",punya; memiliki,JLPT JLPT_2
行ってらっしゃい,いってらっしゃい,,"have a nice day, see you",punya; memiliki,JLPT JLPT_2
いってまいります,いってまいります,,"(Lit.) I'll go and come back, 'I'm going, see you later'",Saya pergi sebentar,JLPT JLPT_2
いってきます,いってきます,,"(Lit.) I'll go and come back, 'I'm going, see you later'",Saya pergi sebentar,JLPT JLPT_2
移転,いてん,,"moving, transfer",mentransfer; memindahkan,JLPT JLPT_2
井戸,いど,,water well,air,JLPT JLPT_2
緯度,いど,,latitude (navigation),lintang,JLPT JLPT_2
威張る,いばる,,"to be proud, to swagger",ada; menjadi,JLPT JLPT_2
嫌がる,いやがる,,"reluctant, to dislike",tidak suka,JLPT JLPT_2
いよいよ,いよいよ,,"more and more, increasingly, at last",akhirnya,JLPT JLPT_2
煎る,いる,,to roast,memanggang,JLPT JLPT_2
炒る,いる,,"to parch, to roast",memanggang,JLPT JLPT_2
入れ物,いれもの,,"container, case",kasus; perkara; kotak,JLPT JLPT_2
インキ,インキ,,ink,tinta,JLPT JLPT_2
引力,いんりょく,,gravity,gravitasi,JLPT JLPT_2
ウーマン,ウーマン,,woman,wanita; perempuan,JLPT JLPT_2
ウール,ウール,,wool,wol,JLPT JLPT_2
ウエートレス,ウエートレス,,waitress,pelayan; pramusaji wanita,JLPT JLPT_2
植木,うえき,,"garden shrubs, trees, potted plant",tanaman kebun; pohon; tanaman pot,JLPT JLPT_2
飢える,うえる,,to starve,kelaparan; mati kelaparan,JLPT JLPT_2
浮ぶ,うかぶ,,"to float, to rise to surface, to come to mind",mengapung; melayang,JLPT JLPT_2
浮かべる,うかべる,,to float; to express,mengungkapkan,JLPT JLPT_2
浮く,うく,,to float,mengapung; melayang,JLPT JLPT_2
承る,うけたまわる,,"(humble) to hear, to be told, to know",tahu,JLPT JLPT_2
受取,うけとり,,receipt,kwitansi; struk,JLPT JLPT_2
受け持つ,うけもつ,,to take (be in) charge of,mengambil,JLPT JLPT_2
薄暗い,うすぐらい,,"dim, gloomy",gelap,JLPT JLPT_2
薄める,うすめる,,"to dilute, to water down",mengencerkan; memperlemah,JLPT JLPT_2
打合せ,うちあわせ,,"business meeting, previous arrangement",konferensi,JLPT JLPT_2
打ち消す,うちけす,,"to deny, to negate",menyangkal,JLPT JLPT_2
うどん,うどん,,udon noodles (Japanese traditional noodles),tradisional,Intermediate_Japanese_Ln.6 JLPT_2 JLPT Intermediate_Japanese
うなずく,うなずく,,to nod,untuk mengangguk,JLPT JLPT_2
敬う,うやまう,,"to show respect, to honor",nilai,JLPT JLPT_2
裏返す,うらがえす,,"to turn inside out, to turn (something) over",membalik; menelikung,JLPT JLPT_2
裏口,うらぐち,,"backdoor, rear entrance",pintu belakang; pintu masuk belakang,JLPT JLPT_2
占う,うらなう,,"to predict, to divine",memprediksi,JLPT JLPT_2
恨み,うらみ,,resentment,kebencian,JLPT JLPT_2
恨む,うらむ,,"to curse, to feel bitter",merasa,JLPT JLPT_2
羨む,うらやむ,,to envy,iri; mendengki; menginginkan milik orang,JLPT JLPT_2
売上,うりあげ,,"amount sold, proceeds",jumlah,JLPT JLPT_2
売り切れ,うりきれ,,sold-out,terjual habis; kehabisan stok,JLPT JLPT_2
売り切れる,うりきれる,,to be sold out,ada; menjadi,JLPT JLPT_2
売行き,うれゆき,,sales,permintaan,JLPT JLPT_2
うろうろ,うろうろ,,"loitering, aimless wandering",nongkrong; berkeliaran tanpa tujuan,JLPT JLPT_2
上～,うわ～,,upper ~,atas; bagian atas,JLPT JLPT_2
運河,うんが,,"canal, waterway",terusan; saluran air,JLPT JLPT_2
うんと,うんと,,"a great deal, very much",sangat baik,JLPT JLPT_2
英文,えいぶん,,sentence in English,kalimat dalam bahasa Inggris,JLPT JLPT_2
英和,えいわ,,"English-Japanese (e.g., dictionary)",kamus Inggris-Jepang,JLPT JLPT_2
ええと,ええと,,"let me see, well, er...",sumur,JLPT JLPT_2
液体,えきたい,,"liquid, fluid",cair; cairan,JLPT JLPT_2
エチケット,エチケット,,etiquette,kesopanan,JLPT JLPT_2
絵の具,えのぐ,,"colors, paints",warna,JLPT JLPT_2
エプロン,エプロン,,apron,celemek,JLPT JLPT_2
偉い,えらい,,"great, celebrated, remarkable,",sangat baik,JLPT JLPT_2
～園,～えん,,~ garden (especially man made),taman ~ (terutama buatan manusia),JLPT JLPT_2
宴会,えんかい,,"party, banquet",perjamuan,JLPT JLPT_2
園芸,えんげい,,"horticulture, gardening",hortikultura; berkebun,JLPT JLPT_2
演劇,えんげき,,play (theatrical),bermain; drama,JLPT JLPT_2
円周,えんしゅう,,circumference,keliling; lingkar,JLPT JLPT_2
遠足,えんそく,,"trip, hike, picnic",perjalanan; mendaki; piknik,JLPT JLPT_2
延長,えんちょう,,"extension, prolongation",pembaharuan,JLPT JLPT_2
煙突,えんとつ,,chimney,cerobong asap,JLPT JLPT_2
御～,おん～,,honorific ~,kehormatan ~; prefiks hormat,JLPT JLPT_2
追いかける,おいかける,,to chase or run after someone,mengejar seseorang,JLPT JLPT_2
追い越す,おいこす,,"to pass (e.g., car), to outdistance, to outstrip",mendahului; melewati; melampaui,JLPT JLPT_2
オイル,オイル,,oil,minyak,JLPT JLPT_2
王女,おうじょ,,princess,putri; putri mahkota,JLPT JLPT_2
応ずる,おうずる,,"to respond, to comply with",merespons; menjawab,JLPT JLPT_2
応接,おうせつ,,reception,keramahtamahan,JLPT JLPT_2
応対,おうたい,,"receiving, dealing with",terima,JLPT JLPT_2
往復,おうふく,,"(col) round trip, coming and going, return ticket",tiket,JLPT JLPT_2
欧米,おうべい,,"Europe and America, the West",(kata sandang),JLPT_2 JLPT Intermediate_Japanese_Ln.7 Intermediate_Japanese
応用,おうよう,,"application, put to practical use",menggunakan,JLPT JLPT_2
電波,でんぱ,,electro-magnetic wave,gelombang; ombak,JLPT JLPT_2
テンポ,テンポ,,tempo,tempo; kecepatan,JLPT JLPT_2
電流,でんりゅう,,electric current,listrik; elektrik,JLPT JLPT_2
電力,でんりょく,,electric power,kekuatan; daya,JLPT JLPT_2
問い合わせ,といあわせ,,inquiry,pertimbangan,JLPT JLPT_2
～頭,～とう,,counter for animals,penghitung; konter,JLPT JLPT_2
～等,～とう,,"level, place",tingkat; level,JLPT JLPT_2
～島,～とう,,kind of islands,baik hati; ramah,JLPT JLPT_2
銅,どう,,copper,tembaga,JLPT JLPT_2
同～,どう～,,same ~,sama,JLPT JLPT_2
～道,～どう,,"kind of path, road",baik hati; ramah,JLPT JLPT_2
どういたしまして (かん),どういたしまして (かん),,"you are welcome, don't mention it",sama-sama; terima kasih kembali,JLPT JLPT_2
統一,とういつ,,"unity, consolidation, uniformity",keseragaman,JLPT JLPT_2
同格,どうかく,,"the same rank, equality, apposition",kesetaraan,JLPT JLPT_2
峠,とうげ,,"ridge, (mountain) pass, difficult part",sulit,JLPT JLPT_2
統計,とうけい,,"scattering, a scatter, dispersion",sebuah; suatu,JLPT JLPT_2
動作,どうさ,,"action, movements, motions",tindakan,JLPT JLPT_2
東西,とうざい,,"East and West, whole country",negara,JLPT JLPT_2
当日,とうじつ,,"appointed day, very day",sangat,JLPT JLPT_2
投書,とうしょ,,"letter to the editor, letter from a reader, contribution",kontribusi,JLPT_2 JLPT Intermediate_Japanese_Ln.15 Intermediate_Japanese
登場,とうじょう,,entry (on stage),masuk panggung,JLPT JLPT_2
どうせ,どうせ,,"anyhow, in any case, at any rate",bagaimanapun juga,JLPT JLPT_2
灯台,とうだい,,lighthouse,mercusuar,JLPT JLPT_2
盗難,とうなん,,"theft, robbery",perampokan,JLPT JLPT_2
当番,とうばん,,being on duty,kewajiban,JLPT JLPT_2
等分,とうぶん,,division into equal parts,divisi; pembagian,JLPT JLPT_2
透明,とうめい,,"transparency, cleanness",transparansi,JLPT JLPT_2
灯油,とうゆ,,"lamp oil, kerosene",minyak lampu; minyak tanah; kerosin,JLPT JLPT_2
童話,どうわ,,fairy tale,dongeng; cerita peri,JLPT JLPT_2
～通り,～とおり,,"in accordance with ~; following ~; ~ street, ~ avenue",dalam; di,JLPT JLPT_2
通り掛かる,とおりかかる,,to happen to pass by,kebetulan lewat,JLPT JLPT_2
溶かす,とかす,,"to melt, to dissolve",ada,JLPT JLPT_2
尖る,とがる,,"to taper to a point, to become sharp",ada; menjadi,JLPT JLPT_2
どきどき,どきどき,,"throb, beat (fast)",mengocok; mengalahkan,JLPT JLPT_2
特殊,とくしゅ,,"special, unique",spesial; unik,JLPT JLPT_2
特色,とくしょく,,"characteristic, feature",karakteristik; ciri; fitur; ciri khas,JLPT JLPT_2
特定,とくてい,,"specific, special, particular",spesial,JLPT JLPT_2
特売,とくばい,,special sale,spesial,JLPT JLPT_2
溶け込む,とけこむ,,to melt into; to become a part of,ada; menjadi,JLPT JLPT_2 Intermediate_Japanese Intermediate_Japanese_Ln.11
退ける,どける,,"to dislodge, to put something out of the way",menggeser; menyingkirkan,JLPT JLPT_2
床の間,とこのま,,alcove,relung dinding; ceruk,JLPT JLPT_2
～ところ,～ところ,,about to do ~,melakukan,JLPT JLPT_2
所々,ところどころ,,"here and there, some parts (of something)",di sana-sini; di berbagai tempat,JLPT JLPT_2
都心,としん,,heart (of city),hati; jantung,JLPT JLPT_2
戸棚,とだな,,"cupboard, cabinet",kabinet,JLPT JLPT_2
とっくに,とっくに,,"long ago, already, a long time ago",sudah,JLPT JLPT_2
どっと,どっと,,suddenly,tiba-tiba,JLPT JLPT_2
整う,ととのう,,"to be prepared, to be in order, to be arranged",ada; menjadi,JLPT JLPT_2
留まる,とどまる,,"to be fixed; to abide, to stay (in the one place)",tetap; ditetapkan,JLPT JLPT_2
怒鳴る,どなる,,"to shout, to yell",berteriak,JLPT JLPT_2
殿,どの,,Mister (mostly in addressing someone on an envelope),Tuan (pada amplop surat),JLPT JLPT_2
飛び込む,とびこむ,,"to jump in, to leap in, to plunge into",melompat,JLPT JLPT_2
留まる,とまる,,"to be fixed; to abide, to stay (in the one place)",tetap; ditetapkan,JLPT JLPT_2
ともかく,ともかく,,"anyhow, at any rate, anyway",bagaimanapun juga,JLPT JLPT_2
捕える,とらえる,,"to seize, to capture, to arrest",menangkap,JLPT JLPT_2
取り入れる,とりいれる,,"to harvest, to take in, to adopt",hasil; meninggalkan,JLPT JLPT_2
取り消す,とりけす,,to cancel,membatalkan,JLPT JLPT_2
取り出す,とりだす,,"to take out, to pick out",mengeluarkan; membawa keluar,JLPT JLPT_2
採る,とる,,"to adopt (measure, proposal); to pick (fruit)",mengadopsi; mengambil; memetik,JLPT JLPT_2
捕る,とる,,"to take, to catch (fish)",mengambil,JLPT JLPT_2
丼,どんぶり,,"porcelain bowl, bowl of rice with food on top",makanan,JLPT JLPT_2
～内,～ない,,inside ~,di dalam ~,JLPT JLPT_2
内科,ないか,,"internist clinic, internal medicine",obat,JLPT JLPT_2
内線,ないせん,,phone extension,telepon; handphone,JLPT JLPT_2
ナイロン,ナイロン,,nylon,nilon,JLPT JLPT_2
長～,なが～,,long ~,panjang,JLPT JLPT_2
仲直り,なかなおり,,"reconciliation, make peace with",perdamaian,JLPT JLPT_2
長引く,ながびく,,"to be prolonged, to drag on",ada; menjadi,JLPT JLPT_2
中指,なかゆび,,middle finger,pertengahan; tengah,JLPT JLPT_2
仲良し,なかよし,,"intimate friend, bosom buddy",sahabat karib; teman dekat,JLPT JLPT_2
慰める,なぐさめる,,"to comfort, to console",menghibur; menentramkan hati,JLPT JLPT_2
為す,なす,,"to accomplish, to do",melakukan,JLPT JLPT_2
謎謎,なぞなぞ,,riddle,teka-teki,JLPT JLPT_2
傾らか,なだらか,,"gradual, gentle",lembut,JLPT JLPT_2
懐かしい,なつかしい,,"dear, desired, missed",tercinta,JLPT JLPT_2
撫でる,なでる,,"to brush gently, to stroke",membelai; mengusap,JLPT JLPT_2
斜め,ななめ,,"diagonal, oblique",diagonal; menyerong; miring,JLPT JLPT_2
なにしろ,なにしろ,,"at any rate, in any case",bagaimanapun juga,JLPT JLPT_2
何々,なになに,,"such and such, What?",seperti itu; semacam itu,JLPT JLPT_2
何分,なにぶん,,"by all means, please",mohon; silakan,JLPT JLPT_2
生意気,なまいき,,"impertinent, impudent",kurang ajar; tidak sopan,JLPT JLPT_2
並木,なみき,,"roadside tree, row of trees",pohon tepi jalan; deretan pohon,JLPT JLPT_2
倣う,ならう,,"to imitate, to follow, to emulate",mengikuti,JLPT JLPT_2
南極,なんきょく,,"south pole, Antarctic",kutub selatan; Antarktika,JLPT JLPT_2
なんとなく,なんとなく,,"somehow or other, for some reason or another",alasan,JLPT JLPT_2
なんとも,なんとも,,"nothing (with neg. verb), quite, not a bit",tidak,JLPT JLPT_2
ナンバー,ナンバー,,number,angka; jumlah,JLPT JLPT_2
南米,なんべい,,South America,Amerika Selatan,JLPT_2 JLPT Intermediate_Japanese_Ln.15 Intermediate_Japanese
南北,なんぼく,,south and north,Selatan,JLPT JLPT_2
匂う,におう,,"to be fragrant, to smell",ada; menjadi,JLPT JLPT_2
逃がす,にがす,,"to let loose, to set free, to let escape",memisahkan,JLPT JLPT_2
憎い,にくい,,"hateful, abominable, detestable",menjijikkan; dibenci; membenci,JLPT JLPT_2
～難い,～がたい,,hard (difficult) to do ~,melakukan,JLPT_1 JLPT JLPT_2
憎む,にくむ,,"to hate, to detest",membenci,JLPT JLPT_2
憎らしい,にくらしい,,"odious, hateful",menjijikkan; dibenci,JLPT JLPT_2
にこにこ,にこにこ,,"smile sweetly, smiley",senyum,JLPT JLPT_2
濁る,にごる,,"to become muddy, to get cloudy",ada; menjadi; mendapatkan; menjadi,JLPT JLPT_2
虹,にじ,,rainbow,pelangi,JLPT JLPT_2
日時,にちじ,,date and time,waktu,JLPT JLPT_2
日用品,にちようひん,,daily necessities,kebutuhan sehari-hari,JLPT JLPT_2
日課,にっか,,"daily work, daily routine",pekerjaan sehari-hari; rutinitas harian,JLPT JLPT_2
日程,にってい,,schedule,jadwal; rencana,JLPT JLPT_2
鈍い,にぶい,,"dull (e.g., a knife), thickheaded, slow (opposite of fast), stupid",lambat,JLPT JLPT_2
入社,にゅうしゃ,,entry to a company,perusahaan,JLPT JLPT_2
女房,にょうぼう,,wife,istri,JLPT JLPT_2
睨む,にらむ,,"to glare at, to stare; to keep an eye on",menjaga,JLPT JLPT_2
俄,にわか,,"sudden, abrupt, unexpected",mendadak; tiba-tiba,JLPT JLPT_2
縫う,ぬう,,to sew,menjahit,JLPT JLPT_2
ねじ,ねじ,,(a) screw,sekrup; baut,JLPT JLPT_2
捩る,ねじる,,to twist,memelintir; memuntir,JLPT JLPT_2
ネックレス,ネックレス,,necklace,kalung,JLPT JLPT_2
熱する,ねっする,,to heat,hangat,JLPT JLPT_2
寝間着,ねまき,,"sleep-wear, pajamas",pakaian tidur; piyama,JLPT JLPT_2
寝巻,ねまき,,"sleep-wear, pajamas",pakaian tidur; piyama,JLPT JLPT_2
狙い,ねらい,,aim,bertujuan,JLPT JLPT_2
狙う,ねらう,,to aim at,bertujuan,JLPT JLPT_2
～年生,～ねんせい,,counter for school year,sekolah,JLPT JLPT_2
年度,ねんど,,"year, fiscal year",tahun,JLPT JLPT_2
農産物,のうさんぶつ,,agricultural produce,hasil pertanian,JLPT JLPT_2
農村,のうそん,,agricultural community,komunitas; masyarakat,JLPT JLPT_2
濃度,のうど,,"concentration, density",konsentrasi; kerapatan,JLPT JLPT_2
農薬,のうやく,,agricultural chemicals,bahan kimia pertanian; pestisida,JLPT JLPT_2
能率,のうりつ,,efficiency,efisiensi,JLPT JLPT_2
のこぎり,のこぎり,,saw,gergaji,JLPT JLPT_2
残らず,のこらず,,"completely, without exception",sepenuhnya,JLPT JLPT_2
上り,のぼり,,"up-train (going to Tokyo), ascent",pendapatan,JLPT JLPT_2
糊,のり,,"glue, paste, starch",lem; pasta; kanji,JLPT JLPT_2
乗換,のりかえ,,"a transfer (e.g., trains, buses)",sebuah; suatu,JLPT JLPT_2
乗り越し,のりこし,,riding past (one's station),masa lalu,JLPT JLPT_2
鈍い,のろい,,"dull (e.g., a knife), slow (opposite of fast), stupid",lambat,JLPT JLPT_2
のろのろ,のろのろ,,"slowly, sluggishly",perlahan,JLPT JLPT_2
呑気,のんき,,"carefree, optimistic, careless",dengan nyaman; kasar,JLPT JLPT_2
はい (かん),はい (かん),,yes,ya,JLPT JLPT_2
灰色,はいいろ,,"grey, ashen",abu-abu,JLPT JLPT_2
俳句,はいく,,haiku poetry,puisi haiku,JLPT JLPT_2
売店,ばいてん,,"shop, stand",toko,JLPT JLPT_2
バイバイ,バイバイ,,bye bye,sampai jumpa; bye bye; dah,JLPT JLPT_2
売買,ばいばい,,"trade, buying and selling",perdagangan,JLPT JLPT_2
這う,はう,,"to creep, to crawl",merangkak,JLPT JLPT_2
剥す,はがす,,"to tear off, to peel off, to rip off",merobek; air mata,JLPT JLPT_2
ばからしい,ばからしい,,absurd,tidak masuk akal; absurd,JLPT JLPT_2
秤,はかり,,"scales, weighing machine",timbangan; neraca,JLPT JLPT_2
吐き気,はきけ,,"nausea, sickness in the stomach",mual; sakit perut,JLPT JLPT_2
はきはき,はきはき,,clearly,dengan jelas,JLPT JLPT_2
～泊,～はく,,"counter for staying (e.g., 2 nights)",penghitung; konter,JLPT JLPT_2
歯車,はぐるま,,"gear, cog-wheel",gigi; roda gigi,JLPT JLPT_2
バケツ,バケツ,,"bucket, pail",ember; timba,JLPT JLPT_2
挟まる,はさまる,,"to get between, to be caught in",mendapatkan; menjadi; ada; menjadi,JLPT JLPT_2
挟む,はさむ,,to pinch; to hold between; to insert,untuk memasukkan,JLPT JLPT_2
梯子,はしご,,"ladder, stairs",tangga,JLPT JLPT_2
始めに,はじめに,,"to begin with, first of all",ada; menjadi,JLPT JLPT_2
初めに,はじめに,,"to begin with, first of all",ada; menjadi,JLPT JLPT_2
はじめまして,はじめまして,,"How do you do, I am glad to meet you",bertemu,JLPT JLPT_2
斜,はす,,diagonal,diagonal; miring,JLPT JLPT_2
パターン,パターン,,pattern,pola,JLPT JLPT_2
肌着,はだぎ,,underwear,pakaian dalam; baju dalam,JLPT JLPT_2
果して,はたして,,"as was expected, really",memang,JLPT JLPT_2
鉢,はち,,"a bowl, a pot",sebuah; suatu,JLPT JLPT_2
～発,～はつ,,counter for bullets,penghitung; konter,JLPT JLPT_2
×,ばつ,,cross,kompromi,JLPT JLPT_2
発揮,はっき,,"exhibition, demonstration, display",pameran,JLPT JLPT_2
バック,バック,,back,belakang; kembali,JLPT JLPT_2
発想,はっそう,,idea; way of thinking (same as 考え方 (かんがえかた)),ide; gagasan,JLPT_2 JLPT Intermediate_Japanese_Ln.15 Intermediate_Japanese
発電,はつでん,,"generation (e.g., power)",generasi,JLPT JLPT_2
発売,はつばい,,sale,menjual,JLPT JLPT_2
話合い,はなしあい,,"discussion, talk",diskusi; pembahasan,JLPT JLPT_2
話し掛ける,はなしかける,,"to accost a person, to talk (to someone)",menyapa seseorang; mengajak bicara,JLPT JLPT_2
話中,はなしちゅう,,"while talking, the line is busy",sibuk,JLPT JLPT_2
甚だしい,はなはだしい,,"extreme, excessive, terrible",berlebihan,JLPT JLPT_2
花火,はなび,,fireworks,kembang api,JLPT JLPT_2
花嫁,はなよめ,,bride,pengantin wanita,JLPT JLPT_2
ばね,ばね,,"spring (e.g., coil, leaf)",musim semi,JLPT JLPT_2
跳ねる,はねる,,"to jump, to leap",melompat; melompat; terjun,JLPT JLPT_2
破片,はへん,,"fragment, broken piece",yang rusak,JLPT JLPT_2
歯磨き,はみがき,,"toothbrushing, toothpaste",sikat gigi; pasta gigi,JLPT JLPT_2
はめる,はめる,,"(col) to get in, to insert, to put on",meletakkan,JLPT JLPT_2
早口,はやくち,,fast-talking,berbicara cepat,JLPT JLPT_2
払い込む,はらいこむ,,"to deposit, to pay in",bank,JLPT JLPT_2
払い戻す,はらいもどす,,"to repay, to pay back",membayar kembali; melunasi,JLPT JLPT_2
針金,はりがね,,wire,garis,JLPT JLPT_2
張り切る,はりきる,,"to be in high spirits, to be full of vigor",ada; menjadi,JLPT JLPT_2
反～,はん～,,"anti ~, counter ~",penghitung; konter,JLPT JLPT_2
反映,はんえい,,"reflection, influence",pengaruh,JLPT JLPT_2
半径,はんけい,,radius,jari-jari; radius,JLPT JLPT_2
判子,はんこ,,seal (used for signature),menyegel; menutup rapat,JLPT JLPT_2
万歳,ばんざい,,"banzai, Long live ~!",panjang,JLPT JLPT_2
判事,はんじ,,"judge, justice",keadilan,JLPT JLPT_2
番地,ばんち,,"house number, address",rumah,JLPT JLPT_2
パンツ,パンツ,,underpants,celana dalam,JLPT_2 JLPT Genki_Ln.10 Genki
バンド,バンド,,band,band; pita; tali,JLPT JLPT_2
半島,はんとう,,peninsula,semenanjung,JLPT JLPT_2
ハンドル,ハンドル,,"handle, steering wheel",menangani,JLPT JLPT_2
～番目,～ばんめ,,~th,ke~ (sufiks urutan),JLPT JLPT_2
非～,ひ～,,"anti~, counter~, an~, non~",anti-; kontra-; non-,JLPT_1 JLPT JLPT_2
～費,～ひ,,cost of ~,biaya,JLPT JLPT_2
日当たり,ひあたり,,"exposure to the sun, sunny place",paparan; eksposur,JLPT JLPT_2
日帰り,ひがえり,,day trip,hari; siang,JLPT JLPT_2
比較的,ひかくてき,,comparatively; relatively,relatif,Intermediate_Japanese_Ln.5 JLPT JLPT_2 Intermediate_Japanese
日陰,ひかげ,,shadow,menaungi,JLPT JLPT_2
ぴかぴか,ぴかぴか,,"glitter, sparkle",kilap; berkilau; gemerlap,JLPT JLPT_2
引受る,ひきうける,,"to undertake, to take up, to take over",mengambil alih,JLPT JLPT_2
引き返す,ひきかえす,,"to turn back, to go back, reverse",kembali; pulang,JLPT JLPT_2
引算,ひきざん,,subtraction,pengurangan (matematika),JLPT JLPT_2
引き出す,ひきだす,,"to pull out, to take out, to withdraw",menarik kembali; mundur,JLPT JLPT_2
引き止める,ひきとめる,,"to keep back, to prevent, to hold back",mencegah,JLPT JLPT_2
卑怯,ひきょう,,"cowardice, meanness, unfairness",ketakutan; pengecut,JLPT JLPT_2
引分け,ひきわけ,,"a draw (in competition), tie game",sebuah; suatu,JLPT JLPT_2
陽射,ひざし,,"sunlight, rays of the sun",sinar matahari; cahaya surya,JLPT JLPT_2
肘,ひじ,,elbow,siku,JLPT JLPT_2
ピストル,ピストル,,pistol,pistol,JLPT JLPT_2
ビタミン,ビタミン,,vitamin,vitamin,JLPT JLPT_2
ぴたり,ぴたり,,exactly; close-fitting,tepat; persis,JLPT JLPT_2
引っ掛かる,ひっかかる,,"to be caught in, to be stuck in",ada; menjadi,JLPT JLPT_2
筆記,ひっき,,"note taking, writing",menulis; tulisan,JLPT JLPT_2
引っ繰り返す,ひっくりかえす,,"to turn over, to overturn, to knock over",menugaskan,JLPT JLPT_2
引っ繰り返る,ひっくりかえる,,"to be overturned, to be upset, to topple over, to be reversed",ada; menjadi,JLPT JLPT_2
引っ込む,ひっこむ,,"to draw back, to sink, to cave in",tenggelam; merosot,JLPT JLPT_2
筆者,ひっしゃ,,"writer, author",gaya,JLPT JLPT_2
必需品,ひつじゅひん,,"necessities, essential",penting,JLPT JLPT_2
一～,ひと～,,one ~,satu; seseorang,JLPT JLPT_2
人差指,ひとさしゆび,,index finger,indeks,JLPT JLPT_2
一通り,ひととおり,,"general, briefly",umum,JLPT JLPT_2
人通り,ひとどおり,,pedestrian traffic,lalu lintas pejalan kaki,JLPT JLPT_2
ひとまず,ひとまず,,"for the present, once, for the time being",untuk sementara,JLPT JLPT_2
瞳,ひとみ,,pupil (of eye),pupil mata,JLPT JLPT_2
一休み,ひとやすみ,,a rest,sebuah; suatu,JLPT JLPT_2
独り言,ひとりごと,,"a soliloquy, a monologue, speaking to oneself",sebuah; suatu,JLPT JLPT_2
ひとりでに,ひとりでに,,"by itself, automatically, naturally",oleh; dengan; dekat; secara alami,JLPT JLPT_2
ビニール,ビニール,,vinyl,vinil,JLPT JLPT_2
皮肉,ひにく,,"cynicism, sarcasm",sarkasme,JLPT JLPT_2
日日,ひにち,,date,tanggal; kencan,JLPT JLPT_2
捻る,ひねる,,"to twist, to turn",giliran; putaran,JLPT JLPT_2
日の入り,ひのいり,,sunset,matahari terbenam; senja,JLPT JLPT_2
日の出,ひので,,sunrise,matahari terbit; fajar,JLPT JLPT_2
響き,ひびき,,"echo, sound",stabil,JLPT JLPT_2
響く,ひびく,,to resound; to affect,mempengaruhi,JLPT JLPT_2
皮膚,ひふ,,skin,kulit,JLPT JLPT_2
ひゃっかじてん,ひゃっかじてん,,encyclopedia,buku,JLPT JLPT_2
美容,びよう,,beauty of figure or form,kecantikan; keindahan,JLPT JLPT_2
～病,～びょう,,kind of disease,baik hati; ramah,JLPT JLPT_2
表紙,ひょうし,,"front cover, binding",sampul depan; penjilidan,JLPT JLPT_2
標識,ひょうしき,,"sign, mark",tanda,JLPT JLPT_2
標準,ひょうじゅん,,"standard, level",standar; tingkat; level,JLPT JLPT_2
標本,ひょうほん,,"example, specimen",sebuah contoh,JLPT JLPT_2
評論,ひょうろん,,"criticism, critique",kritik; kritisisme,JLPT JLPT_2
ビルディング,ビルディング,,building,bangunan,JLPT JLPT_2
昼寝,ひるね,,"nap (at home), siesta",tidur siang; siesta,JLPT JLPT_2
広さ,ひろさ,,extent,sejauh mana; tingkat,JLPT JLPT_2
広場,ひろば,,plaza,plaza; alun-alun,JLPT JLPT_2
広々,ひろびろ,,"extensive, spacious",luas; ekstensif,JLPT JLPT_2
ピンク,ピンク,,pink,merah muda; pink,JLPT JLPT_2
便箋,びんせん,,"writing paper, stationery",menulis; tulisan,JLPT JLPT_2
瓶詰,びんづめ,,"bottling, bottled",pembotolan; dibotolkan,JLPT JLPT_2
～部,～ぶ,,~ part,bagian,JLPT JLPT_2
ファスナー,ファスナー,,"fastener, zipper",kancing; resleting; ritsleting,JLPT JLPT_2
～風,～ふう,,~ style,gaya; cara,JLPT JLPT_2
風船,ふうせん,,balloon,balon,JLPT JLPT_2
不運,ふうん,,"unlucky, misfortune, bad luck",sial; nasib buruk,JLPT JLPT_2
不規則,ふきそく,,"irregularity, unsteadiness",ketidakaturan; tidak stabil,JLPT JLPT_2
普及,ふきゅう,,"diffusion, spread",menyebar,JLPT JLPT_2
付近,ふきん,,"neighborhood, vicinity",lingkungan; area,JLPT JLPT_2
副～,ふく～,,vice ~,kejahatan; keburukan,JLPT JLPT_2
副詞,ふくし,,adverb,kata keterangan,JLPT JLPT_2
複写,ふくしゃ,,"copy, duplicate","salinan, karya, teks, dll.)",JLPT JLPT_2
複数,ふくすう,,"plural, multiple",jamak; banyak,JLPT JLPT_2
膨らます,ふくらます,,"to swell, to expand, to inflate",berkembang; memperluas,JLPT JLPT_2
膨らむ,ふくらむ,,"to expand, to swell (out), to become inflated",berkembang; memperluas,JLPT JLPT_2
不潔,ふけつ,,"unclean, dirty",kotor,JLPT JLPT_2
更ける,ふける,,"to get late, to wear on",mendapatkan; menjadi,JLPT JLPT_2
符号,ふごう,,"sign, mark, symbol",tanda; simbol; lambang,JLPT JLPT_2
夫妻,ふさい,,"man and wife, married couple",suami,JLPT JLPT_2
塞がる,ふさがる,,"to be plugged up, to be shut up",ada; menjadi,JLPT JLPT_2
塞ぐ,ふさぐ,,"to stuff, to close up, to block (up)",menyumbat; memenuhi; menutup,JLPT JLPT_2
ふざける,ふざける,,"to romp, to gambol, to frolic",bermain riang; berlompatan,JLPT JLPT_2
無沙汰,ぶさた,,neglecting to stay in contact,mengabaikan kontak; tidak menghubungi,JLPT JLPT_2
武士,ぶし,,"warrior, samurai",samurai,JLPT JLPT_2
部首,ぶしゅ,,radical (of a kanji character),radikal,JLPT JLPT_2
襖,ふすま,,sliding screen,pintu geser; shoji,JLPT JLPT_2
附属,ふぞく,,"attached, belonging, affiliated",anggapan,JLPT JLPT_2
蓋,ふた,,"cover, lid, cap",menutupi; menutup,JLPT JLPT_2
物騒,ぶっそう,,"dangerous, disturbed, insecure",berbahaya,JLPT JLPT_2
ぶつぶつ,ぶつぶつ,,"grumbling, complaining in a small voice",kecil,JLPT JLPT_2
船便,ふなびん,,surface mail (ship),permukaan,JLPT JLPT_2
部品,ぶひん,,"parts, accessories",kecil,JLPT JLPT_2
吹雪,ふぶき,,snow storm,salju,JLPT JLPT_2
父母,ふぼ,,"father and mother, parents",ayah,JLPT JLPT_2
踏切,ふみきり,,"railway crossing, level crossing, starting line, scratch, crossover",tingkat; level,JLPT JLPT_2
麓,ふもと,,"the foot, the bottom, the base (of a mountain)",(kata sandang),JLPT JLPT_2
フライパン,フライパン,,"fry pan, frying pan",menggoreng,JLPT JLPT_2
ブラウス,ブラウス,,blouse,blus; atasan wanita,JLPT JLPT_2
ぶらさげる,ぶらさげる,,"to hang, to suspend, to swing",menggantung; menggantungkan; mengayunkan; berayun,JLPT JLPT_2
ブラシ,ブラシ,,brush,kuas; sikat,JLPT JLPT_2
プラットホーム,プラットホーム,,platform,rumah,JLPT JLPT_2
～振り,～ぶり,,after an interval of ~,setelah selang ~; setelah waktu ~,JLPT JLPT_2
フリー,フリー,,free,biaya,JLPT JLPT_2
振り仮名,ふりがな,,pronunciation key,panduan pengucapan,JLPT JLPT_2
振り向く,ふりむく,,"to turn one's face, to turn around",berbalik; membalikkan,JLPT JLPT_2
プリント,プリント,,"print, handout",cetakan; selebaran,JLPT JLPT_2
古～,ふる～,,old ~,tua ~; lama ~; bekas ~,JLPT JLPT_2
故郷,ふるさと,,"home town, birthplace",rumah; rumah asal,JLPT JLPT_2
古里,ふるさと,,"home town, birthplace",rumah; rumah asal,JLPT JLPT_2
振舞う,ふるまう,,"to behave, to conduct",perilaku; tindakan,JLPT JLPT_2
ブローチ,ブローチ,,brooch,bros; peniti hias,JLPT JLPT_2
プログラム,プログラム,,program,program,JLPT JLPT_2
風呂敷,ふろしき,,"wrapping cloth, cloth wrapper",kain,JLPT JLPT_2
ふわふわ,ふわふわ,,"light, soft",ringan; lembut,JLPT JLPT_2
噴火,ふんか,,eruption,letusan (gunung berapi); erupsi,JLPT JLPT_2
分解,ぶんかい,,"analysis, disassembly",analisis,JLPT JLPT_2
文芸,ぶんげい,,"literature, art and literature",sastra; literatur,JLPT JLPT_2
文献,ぶんけん,,"literature, books (reference)",sastra; literatur,JLPT JLPT_2
噴水,ふんすい,,water fountain,air,JLPT JLPT_2
分数,ぶんすう,,fraction (in math),pecahan; fraksi,JLPT JLPT_2
文体,ぶんたい,,literary style,gaya; cara,JLPT JLPT_2
分布,ぶんぷ,,distribution,distribusi,JLPT JLPT_2
文房具,ぶんぼうぐ,,stationery,alat tulis; perlengkapan menulis,JLPT JLPT_2
文脈,ぶんみゃく,,context,konteks,JLPT JLPT_2
分量,ぶんりょう,,"amount, quantity",jumlah; jumlah; kuantitas,JLPT JLPT_2
分類,ぶんるい,,classification,klasifikasi,JLPT JLPT_2
閉会,へいかい,,closure,penutupan; penutup,JLPT JLPT_2
平気,へいき,,"coolness, calmness, unconcern",ketenangan; ketidakpedulian,JLPT JLPT_2
並行,へいこう,,"(going) side by side, concurrent, at the same time",sama,JLPT_1 JLPT JLPT_2
平日,へいじつ,,weekday,hari kerja; hari biasa,JLPT JLPT_2
兵隊,へいたい,,soldier,tentara; prajurit,JLPT JLPT_2
平凡,へいぼん,,"common, ordinary",umum; biasa; biasa,JLPT JLPT_2
平野,へいや,,"plain, open field",bidang,JLPT JLPT_2
凹む,へこむ,,"to be dented, to be indented",ada; menjadi,JLPT JLPT_2
へそ,へそ,,"navel, belly-button",pusar; perut,JLPT JLPT_2
隔てる,へだてる,,to be shut out,ada; menjadi,JLPT JLPT_2
別荘,べっそう,,villa; vacation home; summer cottage,musim panas,JLPT Intermediate_Japanese Genki_Ln.23 JLPT_2 Intermediate_Japanese_Ln.13 Genki
別々,べつべつ,,"separately, individually",secara terpisah,JLPT JLPT_2
ベテラン,ベテラン,,veteran,orang tua,JLPT JLPT_2
ヘリコプター,ヘリコプター,,helicopter,helikopter,JLPT JLPT_2
～遍,～へん,,time,waktu,JLPT JLPT_2
～弁,～べん,,"speech, dialect",pidato; ucapan,JLPT JLPT_2
編集,へんしゅう,,"editing, compilation, editorial (e.g., committee)",editorial; tajuk rencana,JLPT JLPT_2 Intermediate_Japanese_Ln.8 Intermediate_Japanese
便所,べんじょ,,"toilet, lavatory",mencuci,JLPT JLPT_2
ペンチ,ペンチ,,pliers (lit: pinchers),tang; catut,JLPT JLPT_2
～歩,～ほ,,"step, pace",langkah; tahap,JLPT JLPT_2
～ぽい,～ぽい,,~ish,agak ~; seperti ~,JLPT JLPT_2
～ほう (ひかく),～ほう (ひかく),,(in comparison),sebagai perbandingan,JLPT JLPT_2
防～,ぼう～,,~ prevention,pencegahan ~,JLPT JLPT_2
望遠鏡,ぼうえんきょう,,telescope,teleskop,JLPT JLPT_2
方角,ほうがく,,"direction, way",arah,JLPT JLPT_2
箒,ほうき,,broom,sapu,JLPT JLPT_2
方言,ほうげん,,dialect,pidato,JLPT JLPT_2
坊さん,ぼうさん,,"Buddhist priest, monk",pendeta Buddha; biksu,JLPT JLPT_2
防止,ぼうし,,"prevention, check",memeriksa,JLPT JLPT_2
方針,ほうしん,,"objective, plan, policy",tujuan; objektif; rencana; kebijakan,JLPT JLPT_2
法則,ほうそく,,"law, rule",hukum; aturan,JLPT JLPT_2
包帯,ほうたい,,bandage,perban,JLPT JLPT_2
膨大,ぼうだい,,"enormous, extensive",sangat besar,JLPT JLPT_2
包丁,ほうちょう,,"kitchen knife, carving knife",dapur,JLPT JLPT_2
方程式,ほうていしき,,equation,persamaan,JLPT JLPT_2
防犯,ぼうはん,,prevention of crime,pencegahan,JLPT JLPT_2
方面,ほうめん,,direction; area,arah; area; wilayah,JLPT JLPT_2 Intermediate_Japanese_Ln.8 Intermediate_Japanese
坊や,ぼうや,,boy,anak laki-laki,JLPT JLPT_2
放る,ほうる,,to let go,melepaskan,JLPT JLPT_2
ボーナス,ボーナス,,bonus,bonus,JLPT JLPT_2 Genki_Ln.23 Genki
朗らか,ほがらか,,"bright, cheerful, melodious",cerah; terang,JLPT JLPT_2
牧場,ぼくじょう,,farm (livestock); pasture land,pertanian,JLPT JLPT_2
牧畜,ぼくちく,,stock-farming,peternakan; beternak,JLPT JLPT_2
保健,ほけん,,"health preservation, hygiene, sanitation",kesehatan,JLPT JLPT_2
募集,ぼしゅう,,recruitment,rekrutmen; perekrutan,JLPT JLPT_2 Genki_Ln.13 Genki
干す,ほす,,"to air, to dry, to drink up",udara; hawa,JLPT JLPT_2
ポスター,ポスター,,poster,pemberitahuan,JLPT_2 JLPT Genki_Ln.21 Genki
北極,ほっきょく,,North Pole,tiang; kutub,JLPT JLPT_2
坊っちゃん,ぼっちゃん,,son (of others),putra (orang lain),JLPT JLPT_2
解く,ほどく,,to unfasten,menghapus,JLPT JLPT_2
掘る,ほる,,"to dig, to excavate",menggali; melakukan penggalian,JLPT JLPT_2
彫る,ほる,,"to carve, to chisel",mencincang halus,JLPT JLPT_2
ぼろ,ぼろ,,"rag, tattered clothes",pakaian,JLPT JLPT_2
盆,ぼん,,Festival of the Dead; tray,hidangan,JLPT JLPT_2
盆地,ぼんち,,"basin (e.g., between mountains)",cekungan; lembah (di antara gunung),JLPT JLPT_2
ほんの～,ほんの～,,"mere, just",sederhana; hak,JLPT JLPT_2
本部,ほんぶ,,headquarters,markas besar; kantor pusat,JLPT JLPT_2
本来,ほんらい,,"essentially, naturally, by nature",alam,JLPT JLPT_2
まあまあ,まあまあ,,okay; so-so; decent,oke; lumayan; cukup baik,JLPT JLPT_2 Genki_Ln.11 Genki
毎～,まい～,,every ~,setiap,JLPT JLPT_2
枚数,まいすう,,the number of flat things,angka; jumlah,JLPT JLPT_2
毎度,まいど,,"each time, common service-sector greeting",umum; biasa,JLPT JLPT_2
枕,まくら,,pillow,bantal,JLPT JLPT_2
曲げる,まげる,,"to bend, to crook, to lean",ada; menjadi,JLPT JLPT_2
まごまご,まごまご,,"confused, be at a loss",kerugian,JLPT JLPT_2
摩擦,まさつ,,friction; rubbing; chafe,gesekan; friksi,JLPT_2 JLPT Intermediate_Japanese_Ln.15 Intermediate_Japanese
マスク,マスク,,mask,masker; topeng,JLPT JLPT_2
またぐ,またぐ,,to straddle,mengangkangi; duduk mengangkang,JLPT JLPT_2
待合室,まちあいしつ,,waiting room,kamar; ruangan,JLPT JLPT_2
待ち合わせる,まちあわせる,,"to rendezvous, to meet at a prearranged place and time",bertemu,JLPT JLPT_2
街角,まちかど,,street corner,jalan,JLPT JLPT_2
真っ暗,まっくら,,total darkness,kegelapan total; gelap gulita,JLPT JLPT_2
真っ黒,まっくろ,,pitch black,gelap gulita; hitam pekat,JLPT JLPT_2
真っ青,まっさお,,"deep blue, ghastly pale",biru tua; biru gelap; pucat pasi,JLPT JLPT_2
真っ先,まっさき,,"foremost, beginning",permulaan; awal,JLPT JLPT_2
真っ白,まっしろ,,pure white,murni,JLPT JLPT_2
祭る,まつる,,"to deify, to enshrine",mendewakan; menempatkan di altar,JLPT JLPT_2
窓口,まどぐち,,(ticket) window,loket tiket,JLPT JLPT_2 Intermediate_Japanese_Ln.10 Intermediate_Japanese
真似る,まねる,,"to mimic, to imitate",mengikuti,JLPT JLPT_2
まぶた,まぶた,,eyelids,kelopak mata,JLPT JLPT_2
マフラー,マフラー,,a winter scarf,musim dingin,JLPT_2 JLPT Genki_Ln.14 Genki
間も無く,まもなく,,"soon, in a short time",segera,JLPT JLPT_2
マラソン,マラソン,,marathon,maraton,JLPT JLPT_2
稀,まれ,,"rare, seldom",langka; jarang,JLPT JLPT_2
回り道,まわりみち,,detour,jalan memutar,JLPT JLPT_2
満員,まんいん,,"full house, no vacancy, sold out",penuh,JLPT JLPT_2
マンション,マンション,,"multistory apartment house, condominium",apartemen bertingkat; kondominium,JLPT_2 JLPT Genki_Ln.14 Genki
満点,まんてん,,perfect score,nilai sempurna; nilai penuh,JLPT JLPT_2
未～,み～,,not yet ~,belum,JLPT JLPT_2
見上げる,みあげる,,"to look up at, to admire",mengagumi,JLPT JLPT_2
見送る,みおくる,,to see off; to escort; to let pass,pengawal; mengantar,JLPT JLPT_2
見下ろす,みおろす,,"to overlook, to look down on something",melihat,JLPT JLPT_2
見掛け,みかけ,,outward appearance,penampilan luar,JLPT JLPT_2
三日月,みかづき,,crescent moon,bulan,JLPT JLPT_2
岬,みさき,,cape (on coast),tanjung,JLPT JLPT_2
みじめ,みじめ,,"sad, pitiful, wretched",sedih,JLPT JLPT_2
ミシン,ミシン,,sewing machine,mesin jahit,JLPT JLPT_2
自ら,みずから,,"for one's self, personally",secara pribadi,JLPT JLPT_2
水着,みずぎ,,bathing suit (woman's),baju renang wanita,JLPT JLPT_2
店屋,みせや,,"store, shop",toko,JLPT JLPT_2
～みたい,～みたい,,looks like ~,terlihat seperti ~; tampaknya ~,JLPT JLPT_2
見出し,みだし,,"heading, index",indeks,JLPT JLPT_2
道順,みちじゅん,,"itinerary, route",rute; jalur,JLPT JLPT_2
みっともない,みっともない,,"shameful, indecent",memalukan; tidak senonoh,JLPT JLPT_2 Intermediate_Japanese Intermediate_Japanese_Ln.11
見詰める,みつめる,,"to stare at, to gaze at",menatap; memandang lekat,JLPT JLPT_2
見直す,みなおす,,"to look over again, to review",meninjau,JLPT JLPT_2
見慣れる,みなれる,,"to become used to seeing, to be familiar with",ada; menjadi,JLPT JLPT_2
醜い,みにくい,,ugly,jelek,JLPT JLPT_2 Intermediate_Japanese_Ln.10 Intermediate_Japanese
実る,みのる,,"to bear fruit, to ripen",ada; menjadi,JLPT JLPT_2
身分,みぶん,,"position, status",posisi; kedudukan; status,JLPT JLPT_2
見本,みほん,,sample,sampel,JLPT JLPT_2
見舞う,みまう,,"to ask after (health), to visit",mengunjungi,JLPT JLPT_2
未満,みまん,,"less than, insufficient",kurang; lebih sedikit,JLPT JLPT_2
名字,みょうじ,,"surname, family name",keluarga,JLPT JLPT_2
ミリ (メートル),ミリ (メートル),,milli-,mili- (satuan),JLPT JLPT_2
民間,みんかん,,"private, civilian",pribadi; privat,JLPT JLPT_2
民主～,みんしゅ～,,democratic,demokratis,JLPT JLPT_2
民謡,みんよう,,"folk song, popular song",populer,JLPT JLPT_2
～向け,～むけ,,for ~,untuk; bagi,JLPT JLPT_2
無限,むげん,,infinite,tak terbatas; tak hingga; infinit,JLPT JLPT_2
無地,むじ,,plain,mudah,JLPT JLPT_2
矛盾,むじゅん,,"contradiction, inconsistency",ketidakkonsistenan,JLPT JLPT_2
無数,むすう,,"countless number, infinite number",angka; jumlah,JLPT JLPT_2
紫,むらさき,,"purple color, violet",ungu; violet,JLPT JLPT_2
群れ,むれ,,"crowd, flock, herd",kerumunan; orang banyak,JLPT JLPT_2
姪,めい,,niece,keponakan perempuan,JLPT JLPT_2 Intermediate_Japanese_Ln.8 Intermediate_Japanese
名～,めい～,,famous ~,terkenal,JLPT JLPT_2
～名,～めい,,counter for people,penghitung untuk orang,JLPT JLPT_2
名作,めいさく,,masterpiece,mahakarya,JLPT JLPT_2
名所,めいしょ,,famous place,terkenal,JLPT JLPT_2
命ずる,めいずる,,"to command, to appoint",memesan,JLPT JLPT_2
迷信,めいしん,,superstition,takhayul; kepercayaan mistis,JLPT JLPT_2
名物,めいぶつ,,"famous product, special product, speciality",spesial,JLPT JLPT_2
銘々,めいめい,,"each, individual",satu per satu; berbeda,JLPT JLPT_2
恵まれる,めぐまれる,,"to be blessed with, to be rich in",ada; menjadi,JLPT JLPT_2
巡る,めぐる,,to go around,berkeliling; mengitari,JLPT JLPT_2
目指す,めざす,,"to aim at, to have an eye on",bertujuan,JLPT JLPT_2
目覚し,めざまし,,alarm-clock,jam alarm; jam beker,JLPT JLPT_2
目下,めした,,"at present, now",di; pada; sekarang,JLPT JLPT_2
目印,めじるし,,"mark, sign, landmark",tanda,JLPT JLPT_2
目立つ,めだつ,,"to be conspicuous, to stand out",ada; menjadi,JLPT JLPT_2
めちゃくちゃ,めちゃくちゃ,,"absurd, messed up, wrecked",tidak masuk akal; berantakan; hancur,JLPT JLPT_2
めっきり,めっきり,,remarkably,secara luar biasa; sangat mencolok,JLPT JLPT_2
めでたい,めでたい,,"happy, propitious, joyous",bahagia; senang,JLPT JLPT_2
メニュー,メニュー,,menu,menu,JLPT Intermediate_Japanese JLPT_2 Intermediate_Japanese_Ln.6 Genki_Ln.2 Genki
めまい,めまい,,"dizziness, giddiness",pusing; vertigo,JLPT JLPT_2
目安,めやす,,"criterion, aim",kriteria,JLPT JLPT_2
免税,めんぜい,,tax exemption,pembebasan pajak; keringanan pajak,JLPT JLPT_2
面積,めんせき,,area,area; wilayah,JLPT JLPT_2
面倒臭い,めんどうくさい,,"bother to do, tiresome",keduanya; kedua,JLPT JLPT_2
儲かる,もうかる,,"to be profitable, to yield a profit",ada; menjadi,JLPT JLPT_2
儲ける,もうける,,"to earn, to have (bear, beget) a child",mendapatkan; menghasilkan,JLPT JLPT_2
申し訳ない,もうしわけない,,"inexcusable, I am sorry",tidak bisa dimaafkan; maaf sekali,JLPT JLPT_2
モーター,モーター,,motor,motor; mesin,JLPT JLPT_2
木材,もくざい,,"lumber, timber, wood",pohon,JLPT JLPT_2
目次,もくじ,,table of contents,daftar isi,JLPT JLPT_2
潜る,もぐる,,"to drive, to pass through; to evade, to hide",mengemudi,JLPT JLPT_2
もしかしたら,もしかしたら,,"perhaps, maybe, by some chance",mungkin,JLPT JLPT_2
もたれる,もたれる,,"to lean against, to lean on",bersandar pada; menopang,JLPT JLPT_2
モダン,モダン,,modern,modern,JLPT JLPT_2
餅,もち,,sticky rice cake,nasi,JLPT JLPT_2
～もち,～もち,,person who has ~,orang,JLPT JLPT_2
モデル,モデル,,a fashion model,sebuah; suatu,JLPT JLPT_2 Intermediate_Japanese_Ln.8 Intermediate_Japanese
元々,もともと,,"originally, by nature, from the start",pada awalnya; aslinya; oleh; dengan; dekat,JLPT JLPT_2
物置,ものおき,,storage room,kamar; ruangan,JLPT JLPT_2
物語る,ものがたる,,"to tell, to indicate",memberitahu,JLPT JLPT_2
物差し,ものさし,,"ruler, measure",langkah; ukuran,JLPT JLPT_2
物凄い,ものすごい,,"earth-shattering, staggering, to a very great extent",sangat baik,JLPT JLPT_2
モノレール,モノレール,,monorail,monorel,JLPT JLPT_2
紅葉,もみじ,,(Japanese) maple,pohon maple Jepang; kaede,JLPT JLPT_2
揉む,もむ,,"to rub, to crumple (up), to wrinkle",menggosok,JLPT JLPT_2
催し,もよおし,,"event, festivities, function",fungsi,JLPT JLPT_2
盛る,もる,,to serve (food); to fill up; to prescribe,menyajikan,JLPT JLPT_2
～問,～もん,,counter for questions,penghitung; konter,JLPT JLPT_2
問答,もんどう,,"questions and answers, dialogue",tanya jawab; dialog,JLPT JLPT_2
～夜,～や,,counter for nights,penghitung untuk malam,JLPT JLPT_2
やかましい,やかましい,,"to be fussy, to be overly critical",ada; menjadi,JLPT JLPT_2 Intermediate_Japanese Intermediate_Japanese_Ln.11
夜間,やかん,,"at night, nighttime",di; pada,JLPT JLPT_2
やかん,やかん,,kettle,ketel; ceret,JLPT JLPT_2
役者,やくしゃ,,actor,aktor,JLPT JLPT_2
役所,やくしょ,,"government office, public office",pemerintah,JLPT JLPT_2
役人,やくにん,,government official,pemerintah,JLPT JLPT_2
薬品,やくひん,,"medicine(s), chemical(s)",kimia; bahan kimia,JLPT JLPT_2
役目,やくめ,,"duty, business",kewajiban,JLPT JLPT_2
火傷,やけど,,"burn, scald",membakar,JLPT JLPT_2
夜行,やこう,,"night train, night travel",malam,JLPT JLPT_2
矢印,やじるし,,directing arrow,langsung,JLPT JLPT_2
やたらに,やたらに,,"randomly, recklessly, blindly",sembarangan; sembrono; tanpa pikir,JLPT JLPT_2
薬局,やっきょく,,"pharmacy, drugstore",apotek,JLPT JLPT_2
やっつける,やっつける,,"to attack (an enemy), to beat, to finish off",mengalahkan; memukul,JLPT JLPT_2
家主,やぬし,,landlord,pemilik tanah; tuan tanah,JLPT JLPT_2
やっぱり,やっぱり,,"after all, anyway",bagaimanapun juga; ternyata,Genki_Ln.17 JLPT JLPT_2 Genki
破く,やぶく,,to tear,merobek; air mata,JLPT JLPT_2
やむをえない,やむをえない,,"cannot be helped, unavoidable",tidak bisa dihindari; mau tidak mau,JLPT JLPT_2
軟らかい,やわらかい,,"soft, tender, limp",lembut,JLPT JLPT_2
遊園地,ゆうえんち,,amusement park,taman,JLPT JLPT_2
夕刊,ゆうかん,,evening paper,sore,JLPT JLPT_2
郵送,ゆうそう,,mailing,pengiriman surat; mailing,JLPT JLPT_2
夕立,ゆうだち,,(sudden) evening shower (rain),sore,JLPT JLPT_2
夕日,ゆうひ,,"(in) the evening sun, setting sun",sore,JLPT JLPT_2
悠々,ゆうゆう,,"quiet, calm, leisurely",tenang; sunyi,JLPT JLPT_2
有料,ゆうりょう,,"admission-paid, toll",berbayar; berbayar masuk; tol,JLPT JLPT_2
浴衣,ゆかた,,"bathrobe, informal summer kimono",musim panas,JLPT JLPT_2 Intermediate_Japanese_Ln.10 Intermediate_Japanese
行方,ゆくえ,,one's whereabouts,keberadaan seseorang; tempat tinggal,JLPT JLPT_2
湯気,ゆげ,,steam,mengukus,JLPT JLPT_2
輸血,ゆけつ,,blood transfusion,darah,JLPT JLPT_2
輸送,ゆそう,,"transport, transportation",mengangkut; transportasi,JLPT JLPT_2
油断,ゆだん,,"negligence, unpreparedness",mengabaikan,JLPT JLPT_2
湯飲み,ゆのみ,,teacup,cangkir teh,JLPT JLPT_2
緩い,ゆるい,,"loose, lenient, slow",lambat,JLPT JLPT_2
溶岩,ようがん,,lava,lava,JLPT JLPT_2
用語,ようご,,"term, terminology",periode,JLPT JLPT_2 Intermediate_Japanese_Ln.2 Intermediate_Japanese
要旨,ようし,,"gist, essentials, summary",utama; garis besar; besar,JLPT JLPT_2
幼児,ようじ,,"infant, baby, child",anak,JLPT JLPT_2
容積,ようせき,,"capacity, volume",kapasitas; volume,JLPT JLPT_2
幼稚,ようち,,"infancy, childish, infantile",sangat,JLPT JLPT_2
幼稚園,ようちえん,,kindergarten,taman kanak-kanak; TK,JLPT_2 JLPT Intermediate_Japanese_Ln.15 Intermediate_Japanese
用途,ようと,,"use, usefulness",penggunaan; menggunakan,JLPT JLPT_2
洋品店,ようひんてん,,clothes store,pakaian,JLPT JLPT_2
養分,ようぶん,,"nourishment, nutrient",gizi; nutrisi,JLPT JLPT_2
羊毛,ようもう,,wool,wol,JLPT JLPT_2
漸く,ようやく,,"at last, finally, hardly",akhirnya,JLPT JLPT_2
要領,ようりょう,,"gist, essentials, outline",garis besar; ringkasan,JLPT JLPT_2
翌～,よく～,,next ~,berikutnya; selanjutnya,JLPT JLPT_2
欲張り,よくばり,,greedy,serakah; rakus,JLPT JLPT_2
余計,よけい,,"too much, unnecessary, abundance, surplus, excess, superfluity",kelimpahan; surplus; kelebihan,JLPT JLPT_2
よこす,よこす,,"to send, to forward; to hand over (e.g., money)",mengirim,JLPT JLPT_2
余所,よそ,,"another place, somewhere else, strange parts",aneh,JLPT JLPT_2
四つ角,よつかど,,"four corners, crossroads",empat sudut; persimpangan jalan,JLPT JLPT_2
酔っ払い,よっぱらい,,drunkard,pemabuk,JLPT JLPT_2
予備,よび,,"preparation, spare",membuat,JLPT JLPT_2
呼び掛ける,よびかける,,"to call out to, to accost, to address (crowd), to appeal",memanggil; menelepon; menangani; menyapa,JLPT JLPT_2
呼び出す,よびだす,,"to summon, to call (e.g., phone)",memanggil; menelepon,JLPT JLPT_2
蘇る,よみがえる,,"to be resurrected, to be revived",ada; menjadi,JLPT JLPT_2
慶ぶ,よろこぶ,,"to be delighted, to be glad",ada; menjadi,JLPT JLPT_2
～等,～ら,,plural persons,jamak; lebih dari satu orang,JLPT JLPT_2
来日,らいにち,,"coming to Japan, visit to Japan",mengunjungi,JLPT JLPT_2
落第,らくだい,,"failure, dropping out of a class",kegagalan,JLPT JLPT_2
ラッシュアワー,ラッシュアワー,,rush hour,jam sibuk; rush hour,JLPT JLPT_2 Intermediate_Japanese_Ln.10 Intermediate_Japanese
欄,らん,,"column of text (e.g., as in a newspaper)",kolom teks; kolom koran,JLPT JLPT_2
ランチ,ランチ,,lunch,hidangan,JLPT JLPT_2
ランニング,ランニング,,running; tank top,pengoperasian (mesin),JLPT JLPT_2
乱暴,らんぼう,,"rude, violent, rough",kasar,JLPT JLPT_2
理科,りか,,science,ilmu pengetahuan,JLPT JLPT_2
利害,りがい,,"advantages and disadvantages, interest",bunga; minat,JLPT JLPT_2
段階,だんかい,,"gradation, grade, stage",tahap,JLPT JLPT_2
短期,たんき,,short term,pendek,JLPT JLPT_2
炭鉱,たんこう,,"coal mine, coal pit",batu bara,JLPT JLPT_2
短所,たんしょ,,"defect, weak point; disadvantage",lemah,JLPT JLPT_2
たんす,たんす,,chest of drawers,lemari laci; komor,JLPT JLPT_2
淡水,たんすい,,fresh water,segar; baru,JLPT JLPT_2
断水,だんすい,,water outage,air,JLPT JLPT_2
単数,たんすう,,singular (number),tunggal (tata bahasa),JLPT JLPT_2
団地,だんち,,housing complex,rumit; kompleks,JLPT JLPT_2
断定,だんてい,,"conclusion, decision",keputusan,JLPT JLPT_2
短編,たんぺん,,"short (e.g., story, film)",pendek,JLPT JLPT_2
誓う,ちかう,,"to swear, to vow",bersumpah; berjanji,JLPT JLPT_2
地下水,ちかすい,,underground water,air,JLPT JLPT_2
近々,ちかぢか,,"soon, before long",segera,JLPT JLPT_2
近付ける,ちかづける,,"to bring near, to put close, to let come near",membawa,JLPT JLPT_2
近寄る,ちかよる,,"to approach, to draw near",pendekatan,JLPT JLPT_2
力強い,ちからづよい,,"powerful, strong, vigorous",kuat,JLPT JLPT_2
ちぎる,ちぎる,,"to cut up fine, to pick (fruit)",memotong halus; memetik buah,JLPT JLPT_2
地質,ちしつ,,geological features,fitur geologis; bentang alam,JLPT JLPT_2
知人,ちじん,,"friend, acquaintance",teman; sahabat,JLPT JLPT_2 Intermediate_Japanese_Ln.1 Intermediate_Japanese
地帯,ちたい,,"area, zone",area; wilayah,JLPT JLPT_2
縮む,ちぢむ,,"to shrink, to be contracted",ada; menjadi,JLPT JLPT_2
縮める,ちぢめる,,"to shorten, to reduce, to shrink",mengurangi,JLPT JLPT_2
縮れる,ちぢれる,,"to be wavy, to be curled",ada; menjadi,JLPT JLPT_2
チップ,チップ,,"gratuity, tip; chip",tips; uang terima kasih; chip,Intermediate_Japanese_Ln.6 JLPT_2 JLPT Intermediate_Japanese
地点,ちてん,,"site, point on a map",titik; poin,JLPT JLPT_2
地名,ちめい,,place name,tempat,JLPT JLPT_2
茶色い,ちゃいろい,,brown,cokelat (warna),JLPT JLPT_2
～着,～ちゃく,,counter for clothes; finishing place,penghitung; konter,JLPT JLPT_2
着々,ちゃくちゃく,,steadily,secara stabil,JLPT JLPT_2
中間,ちゅうかん,,"middle, midway, interim",pertengahan; tengah,JLPT JLPT_2
中旬,ちゅうじゅん,,second third of a month,bulan,JLPT JLPT_2
抽象,ちゅうしょう,,abstract,abstrak,JLPT JLPT_2
中世,ちゅうせい,,"Middle Ages, medieval times",pertengahan; tengah,JLPT JLPT_2
中性,ちゅうせい,,"neuter gender, neutral",netral,JLPT JLPT_2
中途,ちゅうと,,"in the middle, half-way",di tengah,JLPT JLPT_2
中年,ちゅうねん,,middle-aged,paruh baya,JLPT JLPT_2 Intermediate_Japanese_Ln.1 Intermediate_Japanese
長～,ちょう～,,long ~,panjang,JLPT JLPT_2
～庁,～ちょう,,"office, agency",kantor,JLPT JLPT_2
～兆,～ちょう,,trillion,triliun,JLPT JLPT_2
～長,～ちょう,,"leader, head",pemimpin,JLPT JLPT_2
～帳,～ちょう,,"~ book, notebook",buku ~; buku catatan ~,JLPT JLPT_2
超過,ちょうか,,"excess, being more than",kelebihan; berlebihan,JLPT JLPT_2
彫刻,ちょうこく,,"carving, engraving, sculpture",patung; ukiran,JLPT JLPT_2
長所,ちょうしょ,,"strong point, merit; advantage",kuat,JLPT JLPT_2
長女,ちょうじょ,,eldest daughter,anak perempuan tertua; putri sulung,JLPT JLPT_2
調整,ちょうせい,,"regulation, adjustment, tuning",peraturan,JLPT JLPT_2
調節,ちょうせつ,,"regulation, adjustment, control",peraturan,JLPT JLPT_2
長短,ちょうたん,,"length, long and short, +-",panjang,JLPT JLPT_2
頂点,ちょうてん,,"top, summit",puncak; teratas,JLPT JLPT_2
長男,ちょうなん,,eldest son,anak laki-laki tertua; putra sulung,JLPT JLPT_2
長方形,ちょうほうけい,,"rectangle, oblong",persegi panjang,JLPT JLPT_2
調味料,ちょうみりょう,,"condiment, seasoning",bumbu; penyedap,JLPT JLPT_2
～丁目,～ちょうめ,,"~ district (of a town; city, block)",kota,JLPT JLPT_2
チョーク,チョーク,,chalk,kapur tulis,JLPT JLPT_2
直後,ちょくご,,immediately following,segera; langsung,JLPT JLPT_2
直線,ちょくせん,,straight line,lurus; langsung,JLPT JLPT_2
直前,ちょくぜん,,just before,sebelum,JLPT JLPT_2
直通,ちょくつう,,direct connection,koneksi; hubungan,JLPT JLPT_2
直流,ちょくりゅう,,direct current,arus,JLPT JLPT_2
貯蔵,ちょぞう,,"storage, preservation",penyimpanan,JLPT JLPT_2
直角,ちょっかく,,right angle,hak,JLPT JLPT_2
直径,ちょっけい,,diameter,diameter; garis tengah,JLPT JLPT_2
散らかす,ちらかす,,"to scatter around, to leave untidy",menyebarkan; bertebaran,JLPT JLPT_2
散らかる,ちらかる,,to be in disorder,ada; menjadi,JLPT JLPT_2
塵紙,ちりがみ,,"tissue paper, toilet paper",kertas,JLPT JLPT_2
追加,ついか,,"addition, supplement, appendix",tambahan,JLPT JLPT_2
ついで,ついで,,"opportunity, occasion",kesempatan; peluang,JLPT JLPT_2
～通,～つう,,counter for letters,penghitung; konter,JLPT JLPT_2
通ずる,つうずる,,"to lead, to run, to open",memimpin; berlari; membuka,JLPT JLPT_2
通知,つうち,,"notice, notification",pemberitahuan; perhatian,JLPT JLPT_2
通帳,つうちょう,,bankbook,buku tabungan; buku rekening,JLPT JLPT_2
通用,つうよう,,"popular use, circulation",populer,JLPT JLPT_2
通路,つうろ,,"passage, pathway",lewat; melewati,JLPT JLPT_2
～遣い,～づかい,,use of ~,menggunakan,JLPT JLPT_2
～付,～つき,,with ~,dengan; bersama,JLPT JLPT_2
突き当たり,つきあたり,,"end (e.g., of street)",akhir; ujung,JLPT JLPT_2
突き当たる,つきあたる,,"to run into, to collide with",bertemu; menabrak,JLPT JLPT_2
月日,つきひ,,"time, years, days",waktu,JLPT JLPT_2
～続く,～つづく,,"follow, continue, go on",mengikuti,JLPT JLPT_2
突っ込む,つっこむ,,"to plunge into, to stick into",menancapkan; menghujamkan,JLPT JLPT_2
務める,つとめる,,"to serve, to act",tindakan,JLPT JLPT_2
努める,つとめる,,"to try, to aim",mencoba,JLPT JLPT_2
綱,つな,,rope,tali,JLPT JLPT_2
繋がり,つながり,,"connection, link, relationship",koneksi; hubungan; tautan; hubungan; hubungan,JLPT JLPT_2
粒,つぶ,,grain,biji-bijian; butir,JLPT JLPT_2
潰す,つぶす,,"to smash, to waste",menghancurkan; memecahkan,JLPT JLPT_2
潰れる,つぶれる,,"to be smashed, to go bankrupt",ada; menjadi,JLPT JLPT_2
つまずく,つまずく,,"to stumble, to trip",tersandung; terjatuh,JLPT JLPT_2
詰まる,つまる,,"to be blocked, to be packed",ada; menjadi,JLPT JLPT_2
爪,つめ,,fingernail or toenail,kuku jari tangan atau kaki,JLPT JLPT_2
艶,つや,,"gloss, glaze",kilap,JLPT JLPT_2
強気,つよき,,"firm, strong",kuat,JLPT JLPT_2
～辛い,～づらい,,hard to do ~,melakukan,JLPT JLPT_2
釣り合う,つりあう,,"to balance, to be in harmony, to suit",menyeimbangkan,JLPT JLPT_2
吊る,つる,,to hang,menggantung; menggantungkan,JLPT JLPT_2
吊す,つるす,,to hang,menggantung; menggantungkan,JLPT JLPT_2
手洗い,てあらい,,"restroom, lavatory",mencuci,JLPT JLPT_2
低～,てい～,,low ~,rendah ~; ~kelas bawah,JLPT JLPT_2
定員,ていいん,,"fixed number of regular personnel, capacity (e.g., of boat)",kapasitas,JLPT JLPT_2
定価,ていか,,established price,harga,JLPT JLPT_2
低下,ていか,,"fall, decline",kemunduran; penurunan,JLPT JLPT_2
定期券,ていきけん,,"commuter pass, season ticket",tiket,JLPT JLPT_2
定休日,ていきゅうび,,regular holiday,teratur; rutin,JLPT JLPT_2
停止,ていし,,"suspension, interruption, stoppage",penangguhan; memecahkan; memblokir,JLPT JLPT_2
停車,ていしゃ,,"stopping (e.g., train)",berhenti (kereta),JLPT JLPT_2
出入り,でいり,,"in and out, coming and going",masuk dan keluar,JLPT JLPT_2
出入口,でいりぐち,,exit and entrance,keluar masuk; pintu keluar masuk,JLPT JLPT_2
手入れ,ていれ,,"repairs, maintenance",mendukung,JLPT JLPT_2
テーマ,テーマ,,"theme, project, topic (GER: Thema)",proyek,JLPT_2 JLPT Intermediate_Japanese_Ln.15 Intermediate_Japanese
～滴,～てき,,drop,menjatuhkan; turun,JLPT JLPT_2
出来上がり,できあがり,,"be finished, ready",selesai; sudah jadi; siap,JLPT JLPT_2
出来上がる,できあがる,,"to be finished, to be ready",ada; menjadi,JLPT JLPT_2
的確,てきかく,,"precise, accurate",akurat,JLPT JLPT_2
適確,てきかく,,"precise, accurate",akurat,JLPT JLPT_2
手首,てくび,,wrist,pergelangan tangan,JLPT JLPT_2
凸凹,でこぼこ,,"unevenness, roughness, ruggedness",ketidakkonsistenan,JLPT JLPT_2
手頃,てごろ,,"moderate, handy",sedang; moderat,JLPT JLPT_2
弟子,でし,,"pupil, disciple, apprentice",murid,JLPT JLPT_2
でたらめ,でたらめ,,"irresponsible utterance, nonsense; random",arti,JLPT JLPT_2
手帳,てちょう,,notebook,buku catatan; notebook,JLPT JLPT_2
鉄橋,てっきょう,,iron bridge,jembatan,JLPT JLPT_2
手続き,てつづき,,"procedure, (legal) process, formalities",prosedur,JLPT JLPT_2
鉄砲,てっぽう,,gun,pistol; senjata api,JLPT JLPT_2
テニスコート,テニスコート,,tennis court,pengadilan; lapangan,JLPT JLPT_2
手拭い,てぬぐい,,(hand) towel,handuk tangan,JLPT JLPT_2
手前,てまえ,,"before, this side",sebelum; di depan,JLPT JLPT_2
出迎え,でむかえ,,"meeting, reception",pertemuan; rapat,JLPT JLPT_2
照らす,てらす,,"to shine on, to illuminate",bersinar,JLPT JLPT_2
照る,てる,,to shine,bersinar,JLPT JLPT_2
～点,～てん,,counter for scores,penghitung; konter,JLPT JLPT_2
展開,てんかい,,"develop, expansion (opposite of compression)",mengembangkan,JLPT JLPT_2
伝記,でんき,,"biography, life story",kehidupan,JLPT JLPT_2
電球,でんきゅう,,light bulb,ringan,JLPT JLPT_2
点数,てんすう,,"marks, points, score",menandai,JLPT JLPT_2
伝染,でんせん,,contagion,infeksi,JLPT JLPT_2
電池,でんち,,battery,baterai,Genki_Ln.15 JLPT_2 JLPT Genki
点々,てんてん,,"here and there, little by little",kecil,JLPT JLPT_2
転々,てんてん,,from one to another,dari,JLPT JLPT_2
電柱,でんちゅう,,"telephone pole, telegraph pole, light pole",ringan,JLPT JLPT_2
天皇,てんのう,,Emperor of Japan,Kaisar Jepang,JLPT JLPT_2
作法,さほう,,"manners, etiquette, propriety",sopan santun; etiket,JLPT JLPT_2 JLPT_3
様々,さまざま,,"varied, various",berbagai,JLPT JLPT_2 JLPT_3
冷ます,さます,,"to cool, to let cool",sejuk,JLPT JLPT_2 JLPT_3
覚ます,さます,,to awaken,membangunkan; menyadarkan,JLPT JLPT_2 JLPT_3
冷める,さめる,,"to become cool, to wear off",ada; menjadi,JLPT JLPT_2 JLPT_3
覚める,さめる,,"to wake, to wake up",bangun tidur,JLPT JLPT_2 JLPT_3
左右,さゆう,,left and right; influence,pengaruh,JLPT JLPT_2 JLPT_3
皿,さら,,"plate, dish",piring; piringan,JLPT Genki_Ln.14 JLPT_3 JLPT_2 Genki
更に,さらに,,"furthermore, moreover",lebih lanjut; selain itu,JLPT JLPT_2 JLPT_3
去る,さる,,"to leave, to go away",meninggalkan,JLPT JLPT_2 JLPT_3
猿,さる,,monkey,monyet; kera,JLPT JLPT_3 JLPT_2 Genki_Ln.22 Genki
騒ぎ,さわぎ,,"uproar, disturbance",keributan; kekacauan,JLPT JLPT_2 JLPT_3
参加,さんか,,participation,partisipasi,JLPT JLPT_2 JLPT_3
参考,さんこう,,"reference, consultation",konsultasi,JLPT JLPT_2 JLPT_3
賛成,さんせい,,"approval, agreement",persetujuan; perjanjian,JLPT JLPT_2 JLPT_3
酸性,さんせい,,acidity,keasaman,JLPT JLPT_2 JLPT_3
酸素,さんそ,,oxygen,oksigen,JLPT JLPT_2 JLPT_3
氏,し,,"family name, lineage",keluarga,JLPT JLPT_2 JLPT_3
詩,し,,poem; poetry,puisi; sajak,JLPT Intermediate_Japanese JLPT_3 JLPT_2 Intermediate_Japanese_Ln.13
幸せ,しあわせ,,"happiness, blessing",manfaat,JLPT JLPT_2 JLPT_3
ジーンズ,ジーンズ,,jeans,celana jins,JLPT JLPT_3 JLPT_2 Genki_Ln.2 Genki
ジェット機,ジェットき,,jet plane,pesawat jet,JLPT JLPT_2 JLPT_3
四角,しかく,,square,persegi; kotak,JLPT JLPT_2 JLPT_3
直に,じかに,,"immediately, readily, directly",segera; langsung,JLPT JLPT_2 JLPT_3
しかも,しかも,,"moreover, furthermore, besides, plus",lebih lanjut; selain itu,JLPT Intermediate_Japanese JLPT_3 JLPT_2 Intermediate_Japanese_Ln.9 Intermediate_Japanese_Ln.2
四季,しき,,four seasons,empat musim,JLPT JLPT_2 JLPT_3
直,じき,,"immediately, soon, shortly",segera; langsung; segera,JLPT JLPT_2 JLPT_3
時期,じき,,"time, season, period",waktu; periode; masa,JLPT JLPT_2 JLPT_3
支給,しきゅう,,"payment, allowance",pasokan; pengobatan,JLPT JLPT_2 JLPT_3
至急,しきゅう,,"urgent, pressing",mendadak; darurat,JLPT JLPT_2 JLPT_3
しきりに,しきりに,,"frequently, repeatedly, eagerly",berulang kali,JLPT JLPT_2 JLPT_3
刺激,しげき,,"stimulus, impetus, incentive",insentif; imbalan,JLPT JLPT_2 JLPT_3
資源,しげん,,resources,"keadaan suatu negara (populasi, sumber daya,",JLPT JLPT_2 JLPT_3
事件,じけん,,"event, affair, incident",insiden,JLPT JLPT_2 JLPT_3
時刻,じこく,,"time, hour",waktu,JLPT JLPT_2 JLPT_3
自殺,じさつ,,suicide,bunuh diri,JLPT JLPT_2 JLPT_3
事実,じじつ,,"fact, truth, reality",kebenaran,JLPT JLPT_2 JLPT_3
支出,ししゅつ,,"expenditure, expenses",pengeluaran; belanja,JLPT JLPT_2 JLPT_3
事情,じじょう,,"circumstances, situation, reasons",situasi; keadaan,JLPT JLPT_2 JLPT_3
詩人,しじん,,poet,penyair; pujangga,JLPT JLPT_2 JLPT_3
自身,じしん,,oneself,diri sendiri; seorang diri,JLPT Intermediate_Japanese JLPT_3 JLPT_2 Intermediate_Japanese_Ln.14
沈む,しずむ,,to sink; to feel depressed,merasa,JLPT JLPT_2 JLPT_3
自然,しぜん,,"nature, spontaneous",alam,JLPT JLPT_2 JLPT_3
思想,しそう,,"thought, idea",ide; gagasan,JLPT JLPT_2 JLPT_3
舌,した,,tongue,lidah,JLPT JLPT_2 JLPT_3
次第,しだい,,order; circumstances; immediate(ly),urutan; pesanan; memesan,JLPT JLPT_2 JLPT_3
従う,したがう,,"to abide (by the rules), to obey",melindungi,JLPT JLPT_2 JLPT_3
したがって,したがって,,"therefore, consequently",oleh karena itu,JLPT JLPT_2 JLPT_3
親しい,したしい,,"intimate, close (e.g., friend)",intim; dekat (misal teman),JLPT JLPT_2 JLPT_3
質,しつ,,"quality, nature (of person)",kualitas; mutu,JLPT JLPT_2 JLPT_3
失業,しつぎょう,,unemployment,pengangguran,JLPT JLPT_2 JLPT_3
湿気,しっけ,,"moisture, humidity, dampness",kelembaban; uap air,JLPT JLPT_2 JLPT_3
実験,じっけん,,lab work; experiment,eksperimen,JLPT Intermediate_Japanese JLPT_3 JLPT_2 Intermediate_Japanese_Ln.5
実現,じつげん,,"implementation, materialization, realization",implementasi; pelaksanaan,JLPT JLPT_2 JLPT_3
実行,じっこう,,"practice, execution (e.g., program), realization",pelaksanaan; eksekusi,JLPT JLPT_2 JLPT_3
実際,じっさい,,in fact; in actuality,sebenarnya; faktanya,JLPT Intermediate_Japanese JLPT_3 JLPT_2 Intermediate_Japanese_Ln.15
実施,じっし,,"enforcement, carry out, operation",penegakan; membawa,JLPT JLPT_2 JLPT_3
湿度,しつど,,humidity,kelembaban,JLPT JLPT_2 JLPT_3
じっと,じっと,,"patiently, quietly",dengan sabar; dengan tenang,JLPT JLPT_2 JLPT_3
実に,じつに,,"indeed, truly, surely",memang; sungguh,JLPT JLPT_2 JLPT_3
実は,じつは,,actually; in fact,sebenarnya,JLPT Intermediate_Japanese JLPT_3 JLPT_2 Intermediate_Japanese_Ln.1
失望,しつぼう,,"disappointment, despair",kekecewaan,JLPT JLPT_2 JLPT_3
実力,じつりょく,,ability; force,kemampuan; kekuatan; gaya,JLPT JLPT_2 JLPT_3
支店,してん,,branch store (office),cabang toko; kantor cabang,JLPT JLPT_3 JLPT_2 Genki_Ln.20 Genki
指導,しどう,,"leadership, guidance, coaching",kepemimpinan,JLPT JLPT_2 JLPT_3
自動,じどう,,"automatic, self-motion",otomatis,JLPT JLPT_2 JLPT_3
児童,じどう,,"children, juvenile",anak-anak; remaja,JLPT JLPT_2 JLPT_3
品,しな,,"thing, article, goods",barang,JLPT JLPT_2 JLPT_3
支配,しはい,,"rule, control, direction",aturan; arah,JLPT JLPT_2 JLPT_3
芝居,しばい,,"play, drama",bermain; drama,JLPT JLPT_2 JLPT_3
しばしば,しばしば,,"often, again and again, frequently",sering,JLPT JLPT_2 JLPT_3
芝生,しばふ,,lawn,halaman rumput; lapangan rumput,JLPT JLPT_2 JLPT_3
支払,しはらい,,payment,pasokan,JLPT JLPT_2 JLPT_3
支払う,しはらう,,to pay,membayar,JLPT JLPT_2 JLPT_3
死亡,しぼう,,death,kematian,JLPT JLPT_2 JLPT_3
資本,しほん,,"funds, capital",modal; ibu kota,JLPT JLPT_2 JLPT_3
姉妹,しまい,,sisters,saudara perempuan; kakak/adik perempuan,JLPT JLPT_2 JLPT_3
しまった (かん),しまった (かん),,Damn it!,Sial!; Sialan!,JLPT JLPT_2 JLPT_3
自慢,じまん,,"pride, boast",kemakmuran,JLPT JLPT_2 JLPT_3
地味,じみ,,"quiet, plain, conservative",tenang; sunyi,JLPT JLPT_2 JLPT_3
示す,しめす,,"to show, to indicate",menunjukkan,JLPT JLPT_2 JLPT_3
占める,しめる,,to take up; to account for,mengambil alih,JLPT Intermediate_Japanese JLPT_3 JLPT_2 Intermediate_Japanese_Ln.14
湿る,しめる,,"to be wet, to be damp",ada; menjadi,JLPT JLPT_2 JLPT_3
下,しも,,"under, below, beneath",di bawah,JLPT JLPT_2 JLPT_3
霜,しも,,frost,embun beku; frost,JLPT JLPT_2 JLPT_3
借金,しゃっきん,,"debt, loan, liabilities",pinjaman,JLPT JLPT_2 JLPT_3
しゃべる,しゃべる,,"to talk, to chat, to chatter (same as 話す (はなす))",berbicara,JLPT Intermediate_Japanese JLPT_3 JLPT_2 Intermediate_Japanese_Ln.8
週,しゅう,,week,minggu,JLPT JLPT_2 JLPT_3
州,しゅう,,"state, province",kondisi; keadaan,JLPT JLPT_2 JLPT_3
銃,じゅう,,gun,pistol; senjata api,JLPT JLPT_2 JLPT_3
周囲,しゅうい,,"surroundings, circumference, environs",keliling,JLPT JLPT_2 JLPT_3
収穫,しゅうかく,,"harvest, crop, ingathering",hasil,JLPT JLPT_2 JLPT_3
宗教,しゅうきょう,,religion,agama,JLPT Intermediate_Japanese JLPT_3 JLPT_2 Intermediate_Japanese_Ln.3
重視,じゅうし,,"importance, stress",pentingnya; tekanan,JLPT JLPT_2 JLPT_3
就職,しゅうしょく,,finding employment,pekerjaan; lapangan kerja,JLPT JLPT_2 JLPT_3
ジュース,ジュース,,"juice, soft drink; deuce",lembut,JLPT Genki_Ln.12 JLPT_3 JLPT_2 Genki
修正,しゅうせい,,"amendment, correction",amandemen,JLPT JLPT_2 JLPT_3
重体,じゅうたい,,"seriously ill, critical state",kondisi; keadaan,JLPT JLPT_2 JLPT_3
渋滞,じゅうたい,,"congestion (e.g., traffic), delay",kemacetan; penundaan,JLPT JLPT_2 JLPT_3
重大,じゅうだい,,"serious, important",serius; penting,JLPT JLPT_2 JLPT_3
住宅,じゅうたく,,"resident, housing",penduduk; perumahan,JLPT JLPT_2 JLPT_3
集団,しゅうだん,,"group, mass",kelompok,JLPT JLPT_2 JLPT_3
集中,しゅうちゅう,,"concentration, focusing the mind",konsentrasi; memusatkan pikiran,JLPT JLPT_2 JLPT_3
収入,しゅうにゅう,,"income, revenue",pendapatan,JLPT Intermediate_Japanese JLPT_3 JLPT_2 Intermediate_Japanese_Ln.14
住民,じゅうみん,,"inhabitants, residents",penduduk; penghuni,JLPT JLPT_2 JLPT_3
重要,じゅうよう,,"important, essential",penting,JLPT JLPT_2 JLPT_3
修理,しゅうり,,"repairing, mending",memperbaiki; menambal,JLPT JLPT_2 JLPT_3
主義,しゅぎ,,"doctrine, cause, principle",penyebab; prinsip; asas,JLPT JLPT_2 JLPT_3
宿泊,しゅくはく,,lodging,rumah,JLPT JLPT_2 JLPT_3
手術,しゅじゅつ,,surgical operation,operasi bedah,JLPT JLPT_2 JLPT_3
首相,しゅしょう,,Prime Minister,perdana menteri,JLPT JLPT_2 JLPT_3
手段,しゅだん,,"means, way, measure",langkah; ukuran,JLPT JLPT_2 JLPT_3
主張,しゅちょう,,"claim, insistence, assertion",mengklaim,JLPT JLPT_2 JLPT_3
出場,しゅつじょう,,participation,partisipasi,JLPT JLPT_2 JLPT_3
出身,しゅっしん,,come from,datang,JLPT JLPT_2 JLPT_3
出版,しゅっぱん,,publication,isu,JLPT JLPT_2 JLPT_3
首都,しゅと,,capital city,kota,JLPT JLPT_2 JLPT_3
主婦,しゅふ,,housewife,ibu rumah tangga,JLPT Intermediate_Japanese JLPT_3 JLPT_2 Intermediate_Japanese_Ln.8 Genki_Ln.1 Genki
主要,しゅよう,,"chief, main",physician direktur medis,JLPT JLPT_2 JLPT_3
需要,じゅよう,,demand,permintaan,JLPT JLPT_2 JLPT_3
種類,しゅるい,,"variety, kind",baik hati; ramah,JLPT JLPT_2 JLPT_3
順,じゅん,,"order, turn",giliran; putaran,JLPT JLPT_2 JLPT_3
瞬間,しゅんかん,,"moment, second",momen; detik; saat,JLPT JLPT_2 JLPT_3
順調,じゅんちょう,,doing well,sumur,JLPT JLPT_2 JLPT_3
順番,じゅんばん,,"turn (in line), order of things",giliran; putaran,JLPT JLPT_2 JLPT_3
使用,しよう,,"use (same as 使うこと (つかうこと)), application, employment, utilization",menggunakan; aplikasi; penerapan,JLPT Intermediate_Japanese JLPT_3 JLPT_2 Intermediate_Japanese_Ln.11
小,しょう,,small,kecil,JLPT JLPT_2 JLPT_3
章,しょう,,"chapter, section; medal",bagian,JLPT JLPT_2 JLPT_3
賞,しょう,,"prize, award",moneter,JLPT JLPT_2 JLPT_3
上,じょう,,first volume; superior quality; governmental,pertama; pertama kali,JLPT JLPT_2 JLPT_3
障害,しょうがい,,"obstacle, impediment",hambatan; rintangan,JLPT JLPT_2 JLPT_3
奨学金,しょうがくきん,,scholarship,beasiswa,Genki_Ln.16 JLPT JLPT_3 JLPT_2 Genki
乗客,じょうきゃく,,passenger,lewat; melewati,JLPT JLPT_2 JLPT_3
上京,じょうきょう,,proceeding to the capital (Tokyo),pergi ke ibu kota (Tokyo),JLPT JLPT_2 JLPT_3
状況,じょうきょう,,"state of affairs, situation",situasi; keadaan,JLPT JLPT_2 JLPT_3
条件,じょうけん,,"conditions, terms",sikap,JLPT JLPT_2 JLPT_3
正午,しょうご,,"noon, mid-day",tengah hari,JLPT JLPT_2 JLPT_3
正直,しょうじき,,"honesty, integrity, frankness",integritas,JLPT JLPT_2 JLPT_3
常識,じょうしき,,common sense,umum; biasa,JLPT JLPT_2 JLPT_3
少女,しょうじょ,,young girl,muda,JLPT JLPT_2 JLPT_3
少々,しょうしょう,,a little; short (time) (formal for 少し (すこし)),pendek,JLPT Intermediate_Japanese JLPT_3 JLPT_2 Intermediate_Japanese_Ln.8 Genki_Ln.20 Genki
症状,しょうじょう,,"symptoms, condition",kondisi; syarat,JLPT Intermediate_Japanese JLPT_3 JLPT_2 Intermediate_Japanese_Ln.12
生じる,しょうじる,,"to occur, to arise, to be generated",terjadi,JLPT JLPT_2 JLPT_3
状態,じょうたい,,"condition, situation",kondisi; syarat; situasi; keadaan,JLPT JLPT_2 JLPT_3
上達,じょうたつ,,"improvement, advance",peningkatan; perbaikan,JLPT JLPT_2 JLPT_3
冗談,じょうだん,,a joke,sebuah; suatu,JLPT Intermediate_Japanese JLPT_3 JLPT_2 Intermediate_Japanese_Ln.10
上等,じょうとう,,"first class, very good",baik; bagus,JLPT JLPT_2 JLPT_3
衝突,しょうとつ,,"collision, conflict",konflik,JLPT JLPT_2 JLPT_3
商人,しょうにん,,"trader, shopkeeper, merchant",pedagang; trader,JLPT JLPT_2 JLPT_3
承認,しょうにん,,"recognition, approval",persetujuan,JLPT JLPT_2 JLPT_3
少年,しょうねん,,"boys, juveniles",anak laki-laki; remaja,JLPT JLPT_2 JLPT_3
商売,しょうばい,,"trade, business, commerce",perdagangan,JLPT JLPT_2 JLPT_3
消費,しょうひ,,"consumption, expenditure",konsumsi,JLPT JLPT_2 JLPT_3
商品,しょうひん,,"commodity, merchandise",komoditas,JLPT JLPT_2 JLPT_3
賞品,しょうひん,,"prize, trophy",moneter,JLPT JLPT_2 JLPT_3
消防,しょうぼう,,"fire fighting, fire department",api,JLPT JLPT_2 JLPT_3
情報,じょうほう,,"information, (military) intelligence",informasi,JLPT Intermediate_Japanese JLPT_3 JLPT_2 Intermediate_Japanese_Ln.3
証明,しょうめい,,"proof, verification",tanda; pembuktian,JLPT JLPT_2 JLPT_3
省略,しょうりゃく,,"omission, abbreviation, abridgment",singkatan,JLPT JLPT_2 JLPT_3
女王,じょおう,,queen,ratu; permaisuri,JLPT JLPT_2 JLPT_3
職,しょく,,employment,pekerjaan; lapangan kerja,JLPT JLPT_2 JLPT_3
職業,しょくぎょう,,"occupation, business",pendudukan,JLPT JLPT_2 JLPT_3
食卓,しょくたく,,dining table,meja makan,JLPT JLPT_2 JLPT_3
食品,しょくひん,,foodstuff,makanan,JLPT JLPT_2 JLPT_3
植物,しょくぶつ,,"plant, vegetation",pabrik,JLPT JLPT_2 JLPT_3
食物,しょくもつ,,"food, foodstuff",makanan,JLPT JLPT_2 JLPT_3
食欲,しょくよく,,appetite (for food),nafsu makan,JLPT Intermediate_Japanese JLPT_3 JLPT_2 Intermediate_Japanese_Ln.12
食料,しょくりょう,,food,makanan,JLPT JLPT_2 JLPT_3
食糧,しょくりょう,,"provisions, rations",peraturan,JLPT JLPT_2 JLPT_3
書斎,しょさい,,"study, den",penelitian,JLPT JLPT_2 JLPT_3
女子,じょし,,"woman, girl",wanita; perempuan,JLPT JLPT_2 JLPT_3
助手,じょしゅ,,"helper, assistant",membantu,JLPT JLPT_2 JLPT_3
徐々に,じょじょに,,"slowly, little by little",kecil,JLPT JLPT_2 JLPT_3
署名,しょめい,,signature,tanda,JLPT JLPT_2 JLPT_3
書物,しょもつ,,books,buku-buku,JLPT JLPT_2 JLPT_3
女優,じょゆう,,actress,aktris,JLPT JLPT_2 JLPT_3
処理,しょり,,"processing, treatment, disposition",pengobatan,JLPT JLPT_2 JLPT_3
書類,しょるい,,"documents, official papers",disclosure,JLPT Intermediate_Japanese JLPT_3 JLPT_2 Intermediate_Japanese_Ln.14 Genki_Ln.22 Genki
知らせ,しらせ,,notice,pemberitahuan; perhatian,JLPT JLPT_2 JLPT_3
尻,しり,,"buttocks, bottom",pantat; bokong,JLPT JLPT_2 JLPT_3
知合い,しりあい,,acquaintance,yang familiar,JLPT JLPT_2 JLPT_3
印,しるし,,mark; symbol; evidence,simbol; lambang,JLPT JLPT_2 JLPT_3
城,しろ,,castle,kastil; benteng,JLPT JLPT_2 JLPT_3
進学,しんがく,,going on to university,universitas,JLPT JLPT_2 JLPT_3
神経,しんけい,,"nerve, sensitivity",saraf,JLPT JLPT_2 JLPT_3
真剣,しんけん,,"seriousness, earnestness",kebenaran,JLPT JLPT_2 JLPT_3
信仰,しんこう,,"(religious) faith, belief",keyakinan agama; kepercayaan,JLPT JLPT_2 JLPT_3
信号,しんごう,,"traffic lights, signal, semaphore",sinyal,JLPT JLPT_3 JLPT_2 Genki_Ln.20 Genki
人工,じんこう,,"artificial, man made, human work,",buatan; sintetis,JLPT JLPT_2 JLPT_3
深刻,しんこく,,serious,serius,JLPT JLPT_2 JLPT_3
診察,しんさつ,,medical examination (of a patient),ujian,JLPT Intermediate_Japanese JLPT_3 JLPT_2 Intermediate_Japanese_Ln.12
人種,じんしゅ,,race (of people),ras; bangsa,JLPT JLPT_2 JLPT_3
信じる,しんじる,,to believe,percaya,JLPT JLPT_2 JLPT_3
人生,じんせい,,"(human) life (e.g., conception to death)",kehidupan,JLPT JLPT_2 JLPT_3
親戚,しんせき,,relative(s),kerabat; saudara-saudara,Genki_Ln.16 JLPT Intermediate_Japanese JLPT_3 JLPT_2 Intermediate_Japanese_Ln.9 Genki
新鮮,しんせん,,fresh,segar; baru,JLPT JLPT_2 JLPT_3
心臓,しんぞう,,heart,hati; jantung,JLPT JLPT_2 JLPT_3
身体,しんたい,,the body,(kata sandang),JLPT JLPT_2 JLPT_3
身長,しんちょう,,"height (of body), stature",tinggi badan; postur,JLPT JLPT_2 JLPT_3
慎重,しんちょう,,"careful, prudent, cautious",hati-hati,JLPT JLPT_2 JLPT_3
審判,しんぱん,,"umpire, referee, judgment",penilaian,JLPT JLPT_2 JLPT_3
人物,じんぶつ,,"character, personality, talented man",karakter; sifat,JLPT JLPT_2 JLPT_3
進歩,しんぽ,,"improvement, progress, development",peningkatan; perbaikan; kemajuan; progres; perkembangan,JLPT Intermediate_Japanese JLPT_3 JLPT_2 Intermediate_Japanese_Ln.13
親友,しんゆう,,"close friend, buddy",sahabat dekat; teman akrab,JLPT JLPT_2 JLPT_3
信用,しんよう,,"confidence, dependence",keyakinan,JLPT JLPT_2 JLPT_3
信頼,しんらい,,"reliance, trust, confidence",keyakinan,JLPT JLPT_2 JLPT_3
心理,しんり,,mentality,mentalitas,JLPT JLPT_2 JLPT_3
人類,じんるい,,"mankind, humanity",umat manusia; kemanusiaan,JLPT JLPT_2 JLPT_3
巣,す,,"nest, breeding place",tempat,JLPT JLPT_2 JLPT_3
酢,す,,vinegar,cuka,JLPT JLPT_2 JLPT_3
図,ず,,"figure, drawing, illustration",pembentukan tubuh,JLPT JLPT_2 JLPT_3
水準,すいじゅん,,"level, standard",tingkat; level; standar,JLPT JLPT_2 JLPT_3
推薦,すいせん,,recommendation,rekomendasi; saran,JLPT JLPT_2 JLPT_3
スイッチ,スイッチ,,switch,beralih; mengganti,JLPT Genki_Ln.18 JLPT_3 JLPT_2 Genki
睡眠,すいみん,,sleep,tidur,JLPT JLPT_2 JLPT_3
数,すう,,"number, figure",angka; jumlah,JLPT JLPT_2 JLPT_3
数字,すうじ,,"numeral, figure",pembentukan tubuh,JLPT JLPT_2 JLPT_3
スープ,スープ,,(Western) soup,sup,JLPT JLPT_2 JLPT_3
末,すえ,,"the end of, powder",(kata sandang),JLPT Intermediate_Japanese JLPT_3 JLPT_2 Intermediate_Japanese_Ln.4
姿,すがた,,"figure, shape, appearance",penampilan; tampilan,JLPT JLPT_2 JLPT_3
スキー,スキー,,ski,ski,JLPT JLPT_3 JLPT_2 Genki_Ln.9 Genki
救う,すくう,,"to rescue from, to help out of",membantu,JLPT JLPT_2 JLPT_3
すくなくとも,すくなくとも,,at least,setidaknya; paling tidak,JLPT JLPT_2 JLPT_3
優れる,すぐれる,,"to surpass, to outstrip, to excel",bertahan,JLPT JLPT_2 JLPT_3
スケート,スケート,,"skate(s), skating",seluncur; skating,JLPT JLPT_2 JLPT_3
スケジュール,スケジュール,,schedule,jadwal; rencana,JLPT JLPT_2 JLPT_3
少しも,すこしも,,"anything of, not one bit",tidak,JLPT JLPT_2 JLPT_3
過ごす,すごす,,"to pass, to spend (time)",lulus; lewat,JLPT Intermediate_Japanese JLPT_3 JLPT_2 Intermediate_Japanese_Ln.11
筋,すじ,,"muscle, string, line",otot; garis; baris; jalur,JLPT JLPT_2 JLPT_3
進める,すすめる,,"to advance, to promote, to hasten",maju; memajukan; mempromosikan,JLPT JLPT_2 JLPT_3
勧める,すすめる,,"to urge (someone) to do (something), to recommend",merekomendasikan,JLPT Intermediate_Japanese JLPT_3 JLPT_2 Intermediate_Japanese_Ln.13
スター,スター,,star,bintang,JLPT JLPT_2 JLPT_3
スタイル,スタイル,,style,gaya; cara,JLPT JLPT_2 JLPT_3
スタンド,スタンド,,stand,toko,JLPT JLPT_2 JLPT_3
頭痛,ずつう,,headache,sakit kepala,JLPT JLPT_2 JLPT_3
ずっと,ずっと,,for a long time; all the time; consecutively,panjang,JLPT Intermediate_Japanese JLPT_3 JLPT_2 Intermediate_Japanese_Ln.5 Genki_Ln.22 Genki
すっぱい,すっぱい,,"sour, acid",asam,JLPT JLPT_2 JLPT_3
すてき,すてき,,"lovely, great",sangat baik,JLPT JLPT_2 JLPT_3
既に,すでに,,already (same as もう),sudah,JLPT Intermediate_Japanese JLPT_3 JLPT_2 Intermediate_Japanese_Ln.13
すなわち,すなわち,,"that is, namely, e.g.",dengan kata lain,JLPT JLPT_2 JLPT_3
スピーチ,スピーチ,,speech,pidato; ucapan,JLPT JLPT_3 JLPT_2 Genki Genki_Ln.21
全て,すべて,,"all, the whole, entirely",semua; seluruh,JLPT JLPT_2 JLPT_3
済ませる,すませる,,to be finished,ada; menjadi,JLPT JLPT_2 JLPT_3
角,すみ,,corner,sudut; pojok,JLPT JLPT_2 JLPT_3
墨,すみ,,ink,tinta,JLPT JLPT_2 JLPT_3
すみません (かん),すみません (かん),,"sorry, excuse me",maaf; menyesal,JLPT JLPT_2 JLPT_3
澄む,すむ,,"to clear (e.g., weather), to become transparent",ada; menjadi,JLPT JLPT_2 JLPT_3
清む,すむ,,"to clear (e.g., weather), to become transparent",ada; menjadi,JLPT JLPT_2 JLPT_3
刷る,する,,to print,mencetak; memprint,JLPT JLPT_2 JLPT_3
為る,する,,"to do, to attempt",melakukan; percobaan,JLPT JLPT_2 JLPT_3
鋭い,するどい,,"pointed, sharp",tajam,JLPT JLPT_2 JLPT_3
すれ違う,すれちがう,,to pass by one another,melewati; berlalu,JLPT JLPT_2 JLPT_3
ずれる,ずれる,,"move, off the point",mati; pergi; dari,JLPT JLPT_2 JLPT_3
正,せい,,"(logical) true, regular",teratur; rutin,JLPT JLPT_2 JLPT_3
生,せい,,birth,kelahiran,JLPT JLPT_2 JLPT_3
性,せい,,"sex, gender",jenis kelamin; gender,JLPT JLPT_2 JLPT_3
姓,せい,,"surname, family name",keluarga,JLPT JLPT_2 JLPT_3
所為,せい,,"cause, reason, fault",penyebab; alasan,JLPT JLPT_2 JLPT_3
税,ぜい,,tax,pajak,JLPT JLPT_2 JLPT_3
性格,せいかく,,"character, personality",karakter; sifat,JLPT Intermediate_Japanese Genki_Ln.19 JLPT_3 JLPT_2 Genki Intermediate_Japanese_Ln.3
正確,せいかく,,"accurate, punctuality, exact",akurat,JLPT JLPT_2 JLPT_3
世紀,せいき,,century,abad,JLPT JLPT_2 JLPT_3
請求,せいきゅう,,"claim, demand, request",permintaan,JLPT JLPT_2 JLPT_3
税金,ぜいきん,,"tax, duty",pajak; kewajiban,Genki_Ln.15 JLPT JLPT_3 JLPT_2 Genki
清潔,せいけつ,,clean,bersih,JLPT JLPT_2 JLPT_3
制限,せいげん,,"restriction, restraint, limitation",pembatasan,JLPT JLPT_2 JLPT_3
成功,せいこう,,"success, hit",keberhasilan,JLPT Intermediate_Japanese JLPT_3 JLPT_2 Intermediate_Japanese_Ln.12
正式,せいしき,,"official, formal",formal,JLPT JLPT_2 JLPT_3
性質,せいしつ,,"nature, property, disposition",alam; properti; sifat,JLPT JLPT_2 JLPT_3
精神,せいしん,,"mind, soul, spirit",hati; mengemudi; memetik,JLPT JLPT_2 JLPT_3
成人,せいじん,,adult,orang dewasa,JLPT JLPT_2 JLPT_3
精々,せいぜい,,"at the most, at best",di; pada,JLPT JLPT_2 JLPT_3
成績,せいせき,,"grade (i.e., on a test), academic record",catatan; rekaman,JLPT Genki_Ln.12 Intermediate_Japanese JLPT_3 JLPT_2 Genki Intermediate_Japanese_Ln.3
製造,せいぞう,,"manufacture, production",produksi,JLPT JLPT_2 JLPT_3
贅沢,ぜいたく,,"luxury, extravagance",kemewahan berlebihan; pemborosan,JLPT JLPT_2 JLPT_3
成長,せいちょう,,growth,pertumbuhan,JLPT JLPT_2 JLPT_3
生長,せいちょう,,growth,pertumbuhan,JLPT JLPT_2 JLPT_3
制度,せいど,,"system, institution",sistem,JLPT Intermediate_Japanese JLPT_3 JLPT_2 Intermediate_Japanese_Ln.14
青年,せいねん,,"youth, young man",muda,JLPT JLPT_2 JLPT_3
生年月日,せいねんがっぴ,,birth date,kelahiran,JLPT JLPT_2 JLPT_3
製品,せいひん,,"manufactured goods, finished goods",barang,JLPT JLPT_2 JLPT_3
政府,せいふ,,"government, administration",pemerintah,JLPT Intermediate_Japanese Genki JLPT_3 JLPT_2 Intermediate_Japanese_Ln.15 Genki_Ln.21
生物,せいぶつ,,"living thing, organism",makhluk hidup; organisme,JLPT JLPT_2 JLPT_3
生命,せいめい,,life,kehidupan,JLPT JLPT_2 JLPT_3
整理,せいり,,"sorting, arrangement",pengaturan; penyusunan,JLPT JLPT_2 JLPT_3
咳,せき,,cough,batuk,JLPT Genki_Ln.12 JLPT_3 JLPT_2 Genki
石炭,せきたん,,coal,batu bara,JLPT JLPT_2 JLPT_3
責任,せきにん,,"duty, responsibility",kewajiban; tanggung jawab,JLPT JLPT_2 JLPT_3
石油,せきゆ,,"oil, petroleum, kerosene",minyak bumi,JLPT JLPT_2 JLPT_3
世間,せけん,,"world, society",masyarakat,JLPT JLPT_2 JLPT_3
説,せつ,,theory,teori,JLPT JLPT_2 JLPT_3
積極的,せっきょくてき,,"positive, active, proactive",aktif,JLPT JLPT_2 JLPT_3
設計,せっけい,,"plan, design",rencana,JLPT JLPT_2 JLPT_3
絶対,ぜったい,,"definitely, without fail, absoluteness",tentu saja; pasti,JLPT Intermediate_Japanese JLPT_3 JLPT_2 Intermediate_Japanese_Ln.7
セット,セット,,set,set; satu set,JLPT JLPT_2 JLPT_3
愛,あい,,love,sangat suka,JLPT JLPT_2 JLPT_3
相変わらず,あいかわらず,,"as ever, as usual",seperti biasa,JLPT JLPT_2 JLPT_3
愛情,あいじょう,,"love, affection",kasih sayang,JLPT JLPT_2 JLPT_3
合図,あいず,,"sign, signal",tanda; sinyal,JLPT JLPT_2 JLPT_3
アイスクリーム,アイスクリーム,,ice cream,es krim,JLPT JLPT_2 JLPT_3
愛する,あいする,,to love,mencintai,JLPT JLPT_2 JLPT_3
相手,あいて,,partner; addressee; the person you are talking to,orang,Genki Genki_Ln.22 Intermediate_Japanese Intermediate_Japanese_Ln.2 JLPT JLPT_2 JLPT_3
あいにく,あいにく,,unfortunately,Sayangnya,JLPT JLPT_2 JLPT_3
遭う,あう,,"to meet, to encounter (undesirable nuance)",bertemu,JLPT JLPT_2 JLPT_3
アウト,アウト,,out,keluar; di luar,JLPT JLPT_2 JLPT_3
明かり,あかり,,"lamplight, light (in general)",ringan,JLPT JLPT_2 JLPT_3
空き,あき,,"vacancy, opening, space",lowongan; pendirian; kamar,JLPT JLPT_2 JLPT_3
明らか,あきらか,,"obvious, clear",jelas,JLPT JLPT_2 JLPT_3
諦める,あきらめる,,"to give up, to abandon",meninggalkan,Genki Genki_Ln.14 Intermediate_Japanese Intermediate_Japanese_Ln.13 JLPT JLPT_2 JLPT_3
飽きる,あきる,,"to get tired of, to lose interest in",kelelahan; lelah,JLPT JLPT_2 JLPT_3
握手,あくしゅ,,handshake,jabat tangan,JLPT JLPT_2 JLPT_3
悪魔,あくま,,"devil, demon, evil spirit",dalam,JLPT JLPT_2 JLPT_3
明ける,あける,,"to dawn, to become daylight",ada; menjadi,JLPT JLPT_2 JLPT_3
揚げる,あげる,,"to lift, to fry",mengangkat,JLPT JLPT_2 JLPT_3
挙げる,あげる,,"to raise; to list, to cite",meningkatkan; membesarkan,JLPT JLPT_2 JLPT_3
預かる,あずかる,,to keep (something) for (someone),menjaga,Intermediate_Japanese Intermediate_Japanese_Ln.10 JLPT JLPT_2 JLPT_3
預ける,あずける,,"to give into custody, to deposit",bank,JLPT JLPT_2 JLPT_3
汗,あせ,,"sweat, perspiration","besar (hujan, keringat, air mata, dll.)",JLPT JLPT_2 JLPT_3
与える,あたえる,,to give,memberikan,Intermediate_Japanese Intermediate_Japanese_Ln.5 JLPT JLPT_2 JLPT_3
温かい,あたたかい,,warm,hangat,JLPT JLPT_2 JLPT_3
暖まる,あたたまる,,to warm up,pemanasan; menghangatkan,JLPT JLPT_2 JLPT_3
温まる,あたたまる,,"to warm oneself, to get warm",mendapatkan; menjadi,JLPT JLPT_2 JLPT_3
暖める,あたためる,,"to warm (up to someone/something), to heat (up to someone/something)",menghangatkan; dekat dengan seseorang,JLPT JLPT_2 JLPT_3
温める,あたためる,,"to warm, to heat",hangat,JLPT JLPT_2 JLPT_3
辺り,あたり,,"vicinity, nearby",area; dalam,Intermediate_Japanese Intermediate_Japanese_Ln.6 JLPT JLPT_2 JLPT_3
当たり前,あたりまえ,,"usual, common, obvious",umum; biasa,JLPT JLPT_2 JLPT_3
当たる,あたる,,"to be hit, to be successful",ada; menjadi,JLPT JLPT_2 JLPT_3
あちこち,あちこち,,here and there,di sana-sini; di berbagai tempat,JLPT JLPT_2 JLPT_3
扱う,あつかう,,"to treat, to handle, to deal with",menangani,Intermediate_Japanese Intermediate_Japanese_Ln.14 JLPT JLPT_2 JLPT_3
集まり,あつまり,,"gathering, meeting, collection",pertemuan; rapat,JLPT JLPT_2 JLPT_3
当てる,あてる,,to hit; to apply to,melamar; menerapkan,JLPT JLPT_2 JLPT_3
跡,あと,,trace; remains; scar,menandai; peninggalan,JLPT JLPT_2 JLPT_3
穴,あな,,hole,lubang,JLPT JLPT_2 JLPT_3
油,あぶら,,oil,minyak,JLPT JLPT_2 JLPT_3
脂,あぶら,,fat,lemak,JLPT JLPT_2 JLPT_3
誤り,あやまり,,error,kesalahan; galat,JLPT JLPT_2 JLPT_3
粗,あら,,"defect, flaw, fault",cacat; kekurangan,JLPT JLPT_2 JLPT_3
嵐,あらし,,storm,badai; ribut,JLPT JLPT_2 JLPT_3
争う,あらそう,,"to dispute, to argue, to fight",bertarung,JLPT JLPT_2 JLPT_3
新た,あらた,,"new, fresh",baru; segar; baru,JLPT JLPT_2 JLPT_3
あらゆる,あらゆる,,"all, every",semua; seluruh; setiap,JLPT JLPT_2 JLPT_3
表す,あらわす,,"to express, to show",mengungkapkan; menunjukkan,JLPT JLPT_2 JLPT_3
現す,あらわす,,"to show, to appear, to reveal",menunjukkan; muncul; terlihat,JLPT JLPT_2 JLPT_3
著す,あらわす,,"to write, to publish",menulis,JLPT JLPT_2 JLPT_3
現れ,あらわれ,,"expression, indication, sign",tanda,JLPT JLPT_2 JLPT_3
現れる,あらわれる,,"to appear (v.i.), to become visible; to express",mengungkapkan,JLPT Intermediate_Japanese JLPT_3 JLPT_2 Intermediate_Japanese_Ln.8
ありがとう,ありがとう,,Thank you,terima kasih,JLPT JLPT_2 JLPT_3
在る; 有る,ある,,"to live, to be, to exist",hidup; ada; eksis,JLPT JLPT_2 JLPT_3
或,ある,,"a certain..., some...",sebuah; suatu,JLPT JLPT_2 JLPT_3
あるいは,あるいは,,"or, perhaps",atau,JLPT JLPT_2 JLPT_3
アルバム,アルバム,,album,album,JLPT JLPT_2 JLPT_3
泡,あわ,,"bubble, foam",membentuk,JLPT JLPT_2 JLPT_3
合わせる,あわせる,,to combine,menggabungkan,JLPT Intermediate_Japanese JLPT_3 JLPT_2 Intermediate_Japanese_Ln.14
慌てる,あわてる,,to become confused、to panic,ada; menjadi,JLPT JLPT_2 JLPT_3
哀れ,あわれ,,"helpless, pity, pathetic",tidak berdaya; tak berdaya,JLPT JLPT_2 JLPT_3
案,あん,,"plan, scheme, proposal",rencana,JLPT JLPT_2 JLPT_3
案外,あんがい,,unexpectedly,tak terduga,JLPT JLPT_2 JLPT_3
暗記,あんき,,"memorization, learning by heart",menghafal; menghafal di luar kepala,JLPT JLPT_2 JLPT_3
安定,あんてい,,"stability, equilibrium",stabilitas; kestabilan,JLPT JLPT_2 JLPT_3
あんなに,あんなに,,"to that extent, to that degree",itu,JLPT JLPT_2 JLPT_3
あんまり,あんまり,,"not very, not much",tidak,JLPT JLPT_2 JLPT_3
胃,い,,stomach,perut; lambung,JLPT Intermediate_Japanese JLPT_3 JLPT_2 Intermediate_Japanese_Ln.12
委員,いいん,,committee member,anggota,JLPT JLPT_2 JLPT_3
意外,いがい,,"unexpected, surprising",tidak terduga,JLPT JLPT_2 JLPT_3
行き,いき,,going,pergi; berjalan,JLPT JLPT_2 JLPT_3
行き,ゆき,,going,pergi; berjalan,JLPT JLPT_2 JLPT_3
息,いき,,breath,pernapasan,JLPT JLPT_2 JLPT_3
勢い,いきおい,,"force, vigor, momentum",kekuatan; gaya,JLPT JLPT_2 JLPT_3
生き物,いきもの,,"living thing, creature",makhluk hidup,JLPT JLPT_2 JLPT_3
いけない,いけない,,"must not do, bad, wrong",buruk; jelek; salah,JLPT JLPT_2 JLPT_3
医師,いし,,"doctor, physician",dokter,JLPT JLPT_2 JLPT_3
意思,いし,,"intention, purpose",tujuan; maksud,JLPT JLPT_2 JLPT_3
意志,いし,,"will, volition",akan; kehendak,JLPT JLPT_2 JLPT_3
維持,いじ,,"maintenance, preservation",mendukung; kelestarian,JLPT JLPT_2 JLPT_3
意識,いしき,,"consciousness, senses",kesadaran; indera,JLPT JLPT_2 JLPT_3
異常,いじょう,,"strangeness, abnormality, disorder",gangguan,JLPT JLPT_2 JLPT_3
意地悪,いじわる,,"malicious, mean, unkind",ganas,JLPT JLPT_2 JLPT_3
泉,いずみ,,"spring, fountain",musim semi,JLPT JLPT_2 JLPT_3
いずれ,いずれ,,"where, which, who",yang mana,JLPT JLPT_2 JLPT_3
以前,いぜん,,in the past; before,sebelum; di depan,JLPT Intermediate_Japanese JLPT_3 JLPT_2 Intermediate_Japanese_Ln.15
板,いた,,"board, plank",dewan; papan,JLPT JLPT_2 JLPT_3
偉大,いだい,,greatness,kebesaran; kehebatan,JLPT JLPT_2 JLPT_3
抱く,いだく,,"to hold (v.t.) (written expression), to embrace, to harbor",memegang; menampung,JLPT Intermediate_Japanese JLPT_3 JLPT_2 Intermediate_Japanese_Ln.8
いたずら,いたずら,,"trick, practical joke",perangkat,JLPT JLPT_2 JLPT_3
いただきます,いただきます,,expression of gratitude before meals,ekspresi; ungkapan,JLPT JLPT_2 JLPT_3
痛み,いたみ,,"pain, ache, sore",kesusahan,JLPT JLPT_2 JLPT_3
至る,いたる,,"to come, to arrive",datang; tiba,JLPT JLPT_2 JLPT_3
市,いち,,"market, fair",pasar,JLPT_1 JLPT JLPT_2 JLPT_3
位置,いち,,"place, position",posisi; kedudukan,JLPT JLPT_2 JLPT_3
一時,いちじ,,"for a time, temporarily",jika,JLPT JLPT_2 JLPT_3
一度に,いちどに,,all at once,sekaligus,JLPT JLPT_2 JLPT_3
市場,いちば,,"market, bazaar",pasar,JLPT JLPT_2 JLPT_3
いつか,いつか,,"sometime, one day",satu; seseorang,JLPT JLPT_2 JLPT_3
一家,いっか,,"family, clan",keluarga,JLPT JLPT_2 JLPT_3
一種,いっしゅ,,"a species, a kind, a variety",sebuah; suatu,JLPT JLPT_2 JLPT_3
一瞬,いっしゅん,,"a moment, an instant",sebuah; suatu,JLPT JLPT_2 JLPT_3
一生,いっしょう,,throughout (one's) life,sepanjang hidup; seumur hidup,JLPT Intermediate_Japanese JLPT_3 JLPT_2 Intermediate_Japanese_Ln.8
一層,いっそう,,"much more, still more",banyak lagi,JLPT JLPT_2 JLPT_3
一体,いったい,,one object; body; what on earth?; generally,umumnya; pada umumnya,JLPT JLPT_2 JLPT_3
一致,いっち,,agreement; conformity,perjanjian,JLPT JLPT_2 JLPT_3
いつでも,いつでも,,"(at) any time, always",selalu,JLPT JLPT_2 JLPT_3
いつのまにか,いつのまにか,,before one knows,sebelum,JLPT JLPT_2 JLPT_3
一般,いっぱん,,"general, average",umum,JLPT JLPT_2 JLPT_3
一方,いっぽう,,on the other hand; meanwhile,di sisi lain,JLPT JLPT_2 JLPT_3
いつまでも,いつまでも,,"forever, for good, eternally",untuk selamanya,JLPT JLPT_2 JLPT_3
移動,いどう,,"migration, movement",tren,JLPT JLPT_2 JLPT_3
従兄弟,いとこ,,cousin (male),sepupu laki-laki,JLPT JLPT_2 JLPT_3
従姉妹,いとこ,,cousin (female),sepupu perempuan,JLPT JLPT_2 JLPT_3
稲,いね,,rice-plant,tanaman padi,JLPT JLPT_2 JLPT_3
居眠り,いねむり,,"dozing, nodding off",mengantuk; mengangguk-angguk,JLPT JLPT_2 JLPT_3
命,いのち,,life,kehidupan,JLPT JLPT_2 JLPT_3
違反,いはん,,"violation (of law), infringement",pelanggaran,JLPT JLPT_2 JLPT_3
衣服,いふく,,clothes,pakaian,JLPT JLPT_2 JLPT_3
居間,いま,,living room,kamar; ruangan,JLPT JLPT_2 JLPT_3
今に,いまに,,"before long, soon",segera,JLPT JLPT_2 JLPT_3
今にも,いまにも,,"at any time, soon",segera,JLPT JLPT_2 JLPT_3
イメージ,イメージ,,one's image,citra diri; imej seseorang,JLPT JLPT_2 JLPT_3
否,いや,,"no, the noes",(kata sandang),JLPT JLPT_2 JLPT_3
以来,いらい,,"since, henceforth",sejak; karena,JLPT JLPT_2 JLPT_3
依頼,いらい,,request; dependence,permintaan,JLPT Intermediate_Japanese JLPT_3 JLPT_2 Intermediate_Japanese_Ln.15
いらいら,いらいら,,"getting nervous, irritation",gugup; gelisah; kesal,JLPT JLPT_2 JLPT_3
いらっしゃい,いらっしゃい,,welcome,kembali,JLPT JLPT_2 JLPT_3
医療,いりょう,,"medical care, medical treatment",medis; kedokteran,JLPT JLPT_2 JLPT_3
岩,いわ,,rock,batu; rock (musik),JLPT JLPT_2 JLPT_3
祝い,いわい,,"celebration, festival",festival; perayaan,JLPT JLPT_2 JLPT_3
祝う,いわう,,"to congratulate, to celebrate",mengucapkan selamat; merayakan,JLPT JLPT_2 JLPT_3
言わば,いわば,,so to speak,berbicara,JLPT JLPT_2 JLPT_3
いわゆる,いわゆる,,"the so-called, so-to-speak",(kata sandang),JLPT Intermediate_Japanese JLPT_3 JLPT_2 Intermediate_Japanese_Ln.14
インク,インク,,ink,tinta,JLPT JLPT_2 JLPT_3
印刷,いんさつ,,printing,percetakan; mencetak,JLPT JLPT_2 JLPT_3
印象,いんしょう,,impression,kesan; impresi,JLPT JLPT_2 JLPT_3
引退,いんたい,,retirement,orang,JLPT JLPT_2 JLPT_3
インタビュー,インタビュー,,interview,wawancara,JLPT Intermediate_Japanese JLPT_3 JLPT_2 Intermediate_Japanese_Ln.15
引用,いんよう,,"quotation, citation",perkiraan,JLPT JLPT_2 JLPT_3
ウイスキー,ウイスキー,,whiskey,wiski,JLPT JLPT_2 JLPT_3
上,うわ,,"upper, outer, surface",permukaan,JLPT JLPT_2 JLPT_3
魚,うお,,fish,ikan,JLPT JLPT_2 JLPT_3
うがい,うがい,,gargling,seseorang,JLPT Intermediate_Japanese JLPT_3 JLPT_2 Intermediate_Japanese_Ln.12
受け取る,うけとる,,"to receive, to get, to accept",menerima,JLPT JLPT_2 JLPT_3
動かす,うごかす,,"to move, to shift",pindah,JLPT JLPT_2 JLPT_3
兎,うさぎ,,"rabbit, hare",kelinci,JLPT JLPT_2 JLPT_3
牛,うし,,"cattle, cow",ternak; sapi,JLPT Intermediate_Japanese JLPT_3 JLPT_2 Intermediate_Japanese_Ln.10
失う,うしなう,,"to lose, to part with",kalah,JLPT Intermediate_Japanese JLPT_3 JLPT_2 Intermediate_Japanese_Ln.14
疑う,うたがう,,"to doubt, to distrust",meragukan,JLPT JLPT_2 JLPT_3
宇宙,うちゅう,,"universe, cosmos, space",kamar,JLPT JLPT_2 JLPT_3
討つ,うつ,,"to attack, to avenge",menyerang,JLPT JLPT_2 JLPT_3
撃つ,うつ,,"to attack, to shoot",menyerang,JLPT JLPT_2 JLPT_3
うっかり,うっかり,,carelessly; inadvertently,dengan ceroboh; tanpa sengaja,JLPT Intermediate_Japanese JLPT_3 JLPT_2 Intermediate_Japanese_Ln.15
映す,うつす,,"to project, to reflect, to cast (shadow)",proyek,JLPT JLPT_2 JLPT_3
訴える,うったえる,,"to complain, to appeal, to sue (a person)",banding,JLPT Intermediate_Japanese JLPT_3 JLPT_2 Intermediate_Japanese_Ln.12
写る,うつる,,"to be photographed, to be projected",ada; menjadi,JLPT JLPT_2 JLPT_3
映る,うつる,,"to be reflected, to come out (photo)",ada; menjadi,JLPT JLPT_2 JLPT_3
うなる,うなる,,"to groan, to moan",mengerang,JLPT JLPT_2 JLPT_3
奪う,うばう,,"to rob, to deprive",merampok,JLPT JLPT_2 JLPT_3
馬,うま,,horse; promoted bishop (in Japanese chess known as shogi),kuda; kuda yang dipromosikan (shogi),JLPT Intermediate_Japanese JLPT_3 JLPT_2 Intermediate_Japanese_Ln.10
生まれ,うまれ,,"birth, birth-place",kelahiran,JLPT JLPT_2 JLPT_3
有無,うむ,,"yes or no, presence or absence",ya atau tidak; ada atau tidak ada,JLPT JLPT_2 JLPT_3
梅,うめ,,"plum, lowest (of a three-tier ranking system)",plum,JLPT JLPT_2 JLPT_3
埋める,うめる,,"to bury, to fill up, to fill (a seat, a vacant position)",mengubur; sebuah; suatu,JLPT JLPT_2 JLPT_3
裏切る,うらぎる,,"to betray, to turn traitor",ada; menjadi,JLPT JLPT_2 JLPT_3
羨ましい,うらやましい,,"envious, enviable",iri; pantas diiriusuri,JLPT JLPT_2 JLPT_3
売れる,うれる,,to be sold,ada; menjadi,JLPT JLPT_2 JLPT_3
噂,うわさ,,"rumor, gossip",rumor; gosip,JLPT JLPT_2 JLPT_3
運,うん,,"fortune, luck",properti,JLPT JLPT_2 JLPT_3
運転,うんてん,,"operation, driving",operasi bedah; dalam,JLPT JLPT_2 JLPT_3
柄,え,,"handle (of a sword, dagger, etc.), grip",menangani,JLPT_1 JLPT JLPT_2 JLPT_3
永遠,えいえん,,"eternity, perpetuity, immortality",keabadian; kekekalan,JLPT JLPT_2 JLPT_3
永久,えいきゅう,,"eternity, perpetuity, immortality",keabadian; kekekalan,JLPT JLPT_2 JLPT_3
影響,えいきょう,,"influence, effect",pengaruh; efek; dampak,JLPT Intermediate_Japanese JLPT_3 JLPT_2 Intermediate_Japanese_Ln.9
営業,えいぎょう,,"business, trade, management",perdagangan,JLPT JLPT_2 JLPT_3
衛星,えいせい,,satellite,"peluncuran (roket, satelit, dll.)",JLPT_1 JLPT JLPT_2 JLPT_3
栄養,えいよう,,"nutrition, nourishment",nutrisi; gizi,JLPT JLPT_2 JLPT_3
笑顔,えがお,,smile (on one's face),senyum,JLPT Intermediate_Japanese JLPT_3 JLPT_2 Intermediate_Japanese_Ln.11
描く,えがく,,"to draw, to depict, to describe",menggambar,JLPT JLPT_2 JLPT_3
餌,えさ,,"feed, bait",pakan; umpan,JLPT JLPT_2 JLPT_3
エネルギー,エネルギー,,energy (GER: energie),energi,JLPT JLPT_2 JLPT_3
得る,える,,"to get, to gain, to win, to learn",menang,JLPT Intermediate_Japanese JLPT_3 JLPT_2 Intermediate_Japanese_Ln.11
得る,うる,,"to get, to gain, to win",menang,JLPT JLPT_2 JLPT_3
円,えん,,"circle, yen",lingkaran,JLPT JLPT_2 JLPT_3
延期,えんき,,"postponement, adjournment",menunda (melakukan),JLPT JLPT_2 JLPT_3
演技,えんぎ,,"acting, performance",tunjukkan,JLPT JLPT_2 JLPT_3
援助,えんじょ,,"assistance, aid, support",mendukung,JLPT JLPT_2 JLPT_3
エンジン,エンジン,,engine,organisasi,JLPT JLPT_2 JLPT_3
演説,えんぜつ,,"speech, address",pidato; ucapan,JLPT JLPT_2 JLPT_3
演奏,えんそう,,musical performance,musikal; pertunjukan musik,JLPT JLPT_2 JLPT_3
老い,おい,,"old age, the aged",(kata sandang),JLPT JLPT_2 JLPT_3
追い付く,おいつく,,"to overtake, to catch up (with)",untuk lewat (mobil); untuk mengejar ketinggalan (dengan),JLPT JLPT_2 JLPT_3
王,おう,,king,raja,JLPT JLPT_2 JLPT_3
追う,おう,,"to chase, to run after",untuk mengejar,JLPT JLPT_2 JLPT_3
応援,おうえん,,"aid, assistance, help",membantu,JLPT JLPT_2 JLPT_3
王様,おうさま,,king,raja,JLPT JLPT_2 JLPT_3
王子,おうじ,,prince,pangeran,JLPT JLPT_2 JLPT_3
応じる,おうじる,,"to adapt, to respond, to comply with",beradaptasi; menyesuaikan,JLPT Intermediate_Japanese JLPT_3 JLPT_2 Intermediate_Japanese_Ln.14
横断,おうだん,,crossing,penyeberangan; persimpangan,JLPT JLPT_2 JLPT_3
終える,おえる,,to finish,menyelesaikan,JLPT JLPT_2 JLPT_3
大いに,おおいに,,"much, considerably (same as 大変 (たいへん)), greatly",banyak; sangat,JLPT Intermediate_Japanese JLPT_3 JLPT_2 Intermediate_Japanese_Ln.13
覆う,おおう,,"to cover, to hide, to conceal",menyembunyikan,JLPT JLPT_2 JLPT_3
大家,おおや,,landlord,pemilik tanah; tuan tanah,JLPT JLPT_2 JLPT_3
丘,おか,,"hill, height",kecil,JLPT JLPT_2 JLPT_3
沖,おき,,open sea,membuka,JLPT JLPT_2 JLPT_3
奥,おく,,"interior, inner part",bagian,JLPT JLPT_2 JLPT_3
贈る,おくる,,"to present, to give to, to award to",masa kini,JLPT JLPT_2 JLPT_3
起こる,おこる,,"to occur, to happen",terjadi,JLPT JLPT_2 JLPT_3
押える,おさえる,,"to stop, to restrain, to press down",berhenti,JLPT JLPT_2 JLPT_3
幼い,おさない,,"very young, childish",sangat,JLPT JLPT_2 JLPT_3
収める,おさめる,,"to store to pay, to supply",pasokan,JLPT JLPT_2 JLPT_3
納める,おさめる,,"to store to pay, to supply",pasokan,JLPT JLPT_2 JLPT_3
治める,おさめる,,"to govern, to manage; to subdue",mengelola,JLPT JLPT_2 JLPT_3
お辞儀,おじぎ,,bow,busur panah; membungkuk,JLPT JLPT_2 JLPT_3
お洒落,おしゃれ,,"smartly dressed, fashion-conscious",berpakaian rapi; modis,JLPT JLPT_2 JLPT_3
お喋り,おしゃべり,,"chattering, talk",pertunjukan,JLPT JLPT_2 JLPT_3
汚染,おせん,,"pollution, contamination",polusi; pencemaran,JLPT JLPT_2 JLPT_3
恐らく,おそらく,,perhaps,mungkin,JLPT JLPT_2 JLPT_3
恐れる,おそれる,,"to fear, to be afraid of",ada; menjadi,JLPT JLPT_2 JLPT_3
恐ろしい,おそろしい,,"terrible, dreadful",mengerikan,JLPT JLPT_2 JLPT_3
教わる,おそわる,,to be taught,ada; menjadi,JLPT JLPT_2 JLPT_3
お互い,おたがい,,"mutual, reciprocal, each other",saling; timbal balik; timbal balik,JLPT Intermediate_Japanese JLPT_3 JLPT_2 Intermediate_Japanese_Ln.1
穏やか,おだやか,,"calm, gentle, quiet",lembut; tenang; sunyi,JLPT JLPT_2 JLPT_3
男の人,おとこのひと,,man,pria; laki-laki,JLPT JLPT_3 JLPT_2 Genki_Ln.7 Genki
大人しい,おとなしい,,"obedient, docile, quiet",tenang; sunyi,JLPT JLPT_2 JLPT_3
劣る,おとる,,"to fall behind, to be inferior to",jatuh,JLPT JLPT_2 JLPT_3
鬼,おに,,"ogre, demon, 'it' (e.g.,in a game of tag)",dalam; di,JLPT JLPT_2 JLPT_3
帯,おび,,"band, sash",band; pita; tali,JLPT JLPT_2 JLPT_3
お昼,おひる,,"lunch, noon",hidangan,JLPT JLPT_2 JLPT_3
オフィス,オフィス,,office,kantor,JLPT JLPT_2 JLPT_3
溺れる,おぼれる,,"to be drowned, to indulge in",ada; menjadi,JLPT JLPT_2 JLPT_3
お前,おまえ,,"you (sing), presence (of a high personage)",kamu; Anda,JLPT JLPT_2 JLPT_3
おめでとう,おめでとう,,"Congratulations!, an auspicious occasion!",sebuah; suatu,JLPT JLPT_2 JLPT_3
お目に掛かる,おめにかかる,,"meet ~, see ~",bertemu,JLPT JLPT_2 JLPT_3
思い付く,おもいつく,,"to think of, to hit upon",untuk memikirkan,JLPT JLPT_2 JLPT_3
思い出,おもいで,,"memories, recollections, reminiscence",kenangan; ingatan; nostalgia,JLPT JLPT_3 JLPT_2 Genki_Ln.23 Genki
主に,おもに,,"mainly, primarily",terutama; sebagian besar,JLPT JLPT_2 JLPT_3
思わず,おもわず,,"unintentional, spontaneous",alam,JLPT JLPT_2 JLPT_3
泳ぎ,およぎ,,swimming,berenang; renang,JLPT JLPT_2 JLPT_3
およそ,およそ,,"about, roughly, approximately",tentang; sekitar; kira-kira; kasar,JLPT JLPT_2 JLPT_3
及ぼす,およぼす,,"to exert, to cause, to exercise",menyebabkan,JLPT JLPT_2 JLPT_3
下す,おろす,,"to lower, to let go down",menurunkan; merendahkan,JLPT JLPT_2 JLPT_3
降ろす,おろす,,"to take down, to launch, to drop",meluncurkan,JLPT JLPT_2 JLPT_3
卸す,おろす,,"to sell wholesale, grated (vegetables)",menjual,JLPT JLPT_2 JLPT_3
音,おん,,"sound, note",stabil,JLPT JLPT_2 JLPT_3
恩,おん,,"favor, obligation, debt of gratitude",kewajiban,JLPT JLPT_2 JLPT_3
温暖,おんだん,,warmth,kehangatan,JLPT JLPT_2 JLPT_3
温度,おんど,,temperature,suhu,JLPT JLPT_2 JLPT_3
可,か,,passable,lewat; melewati,JLPT JLPT_2 JLPT_3
蚊,か,,mosquito,nyamuk,JLPT JLPT_3 JLPT_2 Genki Genki_Ln.21
課,か,,"department, division",divisi; pembagian,JLPT JLPT_2 JLPT_3
カー,カー,,car,mobil,JLPT JLPT_2 JLPT_3
カード,カード,,"card, curd",kartu; dadih,JLPT JLPT_2 JLPT_3
貝,かい,,"shell, shellfish",cangkang,JLPT JLPT_2 JLPT_3
害,がい,,"harm, damage",menyakiti; merusak; merusak,JLPT JLPT_2 JLPT_3
会員,かいいん,,"member, the membership",anggota,JLPT JLPT_2 JLPT_3
絵画,かいが,,"picture, painting",gambar; lukisan,JLPT JLPT_2 JLPT_3
海外,かいがい,,"foreign, abroad, overseas",asing; luar negeri,JLPT JLPT_2 JLPT_3
会計,かいけい,,"account, finance",ekonomi,JLPT JLPT_2 JLPT_3
解決,かいけつ,,"settlement, solution, resolution",solusi,JLPT JLPT_2 JLPT_3
会合,かいごう,,"meeting, assembly",pertemuan; rapat,JLPT JLPT_2 JLPT_3
外交,がいこう,,diplomacy,diplomasi,JLPT JLPT_2 JLPT_3
開始,かいし,,"start, commencement, beginning",permulaan; awal,JLPT JLPT_2 JLPT_3
解釈,かいしゃく,,"explanation, interpretation",penjelasan,JLPT JLPT_2 JLPT_3
外出,がいしゅつ,,"outing, going out",keluar; pergi keluar,JLPT JLPT_2 JLPT_3
改善,かいぜん,,"betterment, improvement",peningkatan; perbaikan,JLPT JLPT_2 JLPT_3
快適,かいてき,,"pleasant, agreeable",menyenangkan; menyenangkan; dapat disetujui,JLPT JLPT_2 JLPT_3
回復,かいふく,,"recovery (from illness), rehabilitation, restoration",rehabilitasi; pemulihan; restorasi,JLPT JLPT_2 JLPT_3
飼う,かう,,to keep; to own (a pet); to raise; to feed,menjaga; meningkatkan; membesarkan,JLPT Genki_Ln.11 JLPT_3 JLPT_2 Genki
帰す,かえす,,to send back,untuk mengirim kembali,JLPT JLPT_2 JLPT_3
代える,かえる,,"to exchange, to interchange, to substitute",pertukaran,JLPT JLPT_2 JLPT_3
替える,かえる,,"to exchange, to interchange, to substitute",pertukaran,JLPT JLPT_2 JLPT_3
換える,かえる,,"to exchange, to interchange, to substitute",pertukaran,JLPT JLPT_3 JLPT_2 Genki_Ln.23 Genki
反る,かえる,,"to warp, to be warped, to curve",melengkung; melintir,JLPT JLPT_2 JLPT_3
香り,かおり,,"aroma, fragrance",aroma; keharuman; wangi,JLPT JLPT_2 JLPT_3
画家,がか,,painter,pelukis; tukang cat,JLPT JLPT_2 JLPT_3
抱える,かかえる,,to hold or carry under or in the arms,memegang; menampung,JLPT JLPT_2 JLPT_3
価格,かかく,,"price, value",harga; nilai,JLPT JLPT_2 JLPT_3
化学,かがく,,chemistry,ilmu pengetahuan,JLPT JLPT_2 JLPT_3
輝く,かがやく,,"to shine, to glitter, to sparkle",bersinar,JLPT JLPT_2 JLPT_3
係,かかり,,person in charge,orang,JLPT JLPT_2 JLPT_3
罹る,かかる,,to suffer from,menderita; mengalami,JLPT JLPT_2 JLPT_3
限る,かぎる,,"to restrict, to limit, to confine",batas,JLPT JLPT_2 JLPT_3
掻く,かく,,to scratch,menggaruk; menggores,JLPT JLPT_2 JLPT_3
描く,かく,,"to draw, to depict, to describe",menggambar,JLPT JLPT_2 JLPT_3
嗅ぐ,かぐ,,"to sniff, to smell",menghirup; mencium,JLPT JLPT_2 JLPT_3
家具,かぐ,,furniture,furnitur; perabotan,Genki_Ln.15 JLPT JLPT_3 JLPT_2 Genki
学,がく,,"learning, knowledge",pengetahuan,JLPT JLPT_2 JLPT_3
額,がく,,amount; frame,jumlah,JLPT JLPT_2 JLPT_3
覚悟,かくご,,"resolution, resignation, readiness",tekad; rekonsiliasi; kesiapan,JLPT JLPT_2 JLPT_3
確実,かくじつ,,"certainty, reliability, soundness",kesehatan,JLPT JLPT_2 JLPT_3
学者,がくしゃ,,scholar,sarjana; cendekiawan,JLPT JLPT_2 JLPT_3
学習,がくしゅう,,"study, learning",penelitian; pengetahuan,JLPT JLPT_2 JLPT_3
隠す,かくす,,"to hide, to conceal",menyembunyikan,JLPT JLPT_2 JLPT_3
拡大,かくだい,,"magnification, enlargement",perbesaran; pembesaran,JLPT JLPT_2 JLPT_3
確認,かくにん,,"affirmation, confirmation",pembuktian,JLPT JLPT_2 JLPT_3
学問,がくもん,,"scholarship, study, learning",beasiswa,JLPT JLPT_2 JLPT_3
隠れる,かくれる,,"to hide, to be hidden",menyembunyikan,JLPT JLPT_2 JLPT_3
影,かげ,,"shade, shadow, other side",menaungi; membayangi,JLPT JLPT_2 JLPT_3
陰,かげ,,"shade, shadow, other side",menaungi; membayangi,JLPT JLPT_2 JLPT_3
欠ける,かける,,to be lacking,ada; menjadi,JLPT JLPT_2 JLPT_3
加減,かげん,,adjustment; addition and subtraction,peraturan,JLPT JLPT_2 JLPT_3
過去,かこ,,past,masa lalu,JLPT Intermediate_Japanese JLPT_3 JLPT_2 Intermediate_Japanese_Ln.13
籠,かご,,"basket, cage",tas; pena,JLPT JLPT_2 JLPT_3
囲む,かこむ,,"to surround, to encircle",untuk melampirkan,JLPT JLPT_2 JLPT_3
火災,かさい,,"conflagration, fire",api,JLPT JLPT_2 JLPT_3
重なる,かさなる,,"to be piled up, lie on top of one another",ada; menjadi,JLPT JLPT_2 JLPT_3
重ねる,かさねる,,"to pile up, to put something on another, to heap up",menumpuk,JLPT JLPT_2 JLPT_3
飾り,かざり,,decoration,memesan,JLPT JLPT_2 JLPT_3
貸し,かし,,"loan, lending",pinjaman,JLPT JLPT_2 JLPT_3
菓子,かし,,"confectionery, sweet",manis,JLPT JLPT_2 JLPT_3
家事,かじ,,household matters; housework (same as 家の仕事 (いえのしごと)),rumah tangga; keluarga,JLPT Intermediate_Japanese JLPT_3 JLPT_2 Intermediate_Japanese_Ln.14 Genki_Ln.22 Genki
賢い,かしこい,,"wise, clever, smart",cerdas,JLPT JLPT_2 JLPT_3
歌手,かしゅ,,singer,penyanyi,JLPT Genki_Ln.11 JLPT_3 JLPT_2 Genki
数,かず,,"number, figure, amount",angka; jumlah; jumlah,JLPT Intermediate_Japanese JLPT_3 JLPT_2 Intermediate_Japanese_Ln.3
稼ぐ,かせぐ,,"to earn income, to labor",pekerjaan,JLPT JLPT_2 JLPT_3
数える,かぞえる,,to count,menghitung; menghitung,JLPT JLPT_2 JLPT_3
型,かた,,"mold, model, style",model,JLPT JLPT_2 JLPT_3
肩,かた,,shoulder,bahu,JLPT JLPT_2 JLPT_3
堅い,かたい,,"hard, firm, solid",keras; sulit,JLPT JLPT_2 JLPT_3
硬い,かたい,,"hard, firm, solid",keras; sulit,JLPT JLPT_2 JLPT_3
方々,かたがた,,persons,orang-orang; pribadi,JLPT JLPT_2 JLPT_3
片付く,かたづく,,"to put in order, to solve",memecahkan,JLPT JLPT_2 JLPT_3
刀,かたな,,"sword, saber",pedang; samurai,JLPT JLPT_2 JLPT_3
語る,かたる,,"to talk, to tell, to recite",berbicara; memberitahu,JLPT JLPT_2 JLPT_3
勝ち,かち,,"win, victory",kemenangan,JLPT JLPT_2 JLPT_3
価値,かち,,"value, worth, merit",nilai,JLPT JLPT_2 JLPT_3
がっかり,がっかり,,"feel disappointed, be dejected, lose heart",merasa,JLPT JLPT_2 JLPT_3
活気,かっき,,vigor; liveliness; vitality; energy,energi,JLPT Intermediate_Japanese JLPT_1 JLPT_3 JLPT_2 Intermediate_Japanese_Ln.10
楽器,がっき,,musical instrument,alat musik,JLPT Genki_Ln.13 JLPT_3 JLPT_2 Genki
学期,がっき,,term (school),semester; caturwulan (sekolah),JLPT JLPT_2 JLPT_3
活動,かつどう,,"action, activity",tindakan; kecepatan,JLPT JLPT_2 JLPT_3
活躍,かつやく,,activity,kecepatan,JLPT JLPT_2 JLPT_3
活用,かつよう,,conjugation; practical use,praktis,JLPT JLPT_2 JLPT_3
仮定,かてい,,"assumption, supposition, hypothesis",hipotesis,JLPT JLPT_2 JLPT_3
過程,かてい,,process,proses,JLPT JLPT_2 JLPT_3
課程,かてい,,"course, curriculum",kurikulum,JLPT JLPT_2 JLPT_3
悲しむ,かなしむ,,"to be sad, to mourn for, to regret",ada; menjadi,JLPT JLPT_2 JLPT_3
必ずしも,かならずしも,,"(not) always, (not) necessarily",seluruhnya,JLPT JLPT_2 JLPT_3
かなり,かなり,,"considerably, fairly, quite",secara adil; sangat,JLPT Intermediate_Japanese JLPT_3 JLPT_2 Intermediate_Japanese_Ln.7
金,かね,,"gold, metal; money",uang,JLPT JLPT_2 JLPT_3
鐘,かね,,"bell, chime",berdenting,JLPT JLPT_2 JLPT_3
可能,かのう,,"possible, practicable, feasible",mungkin,JLPT JLPT_2 JLPT_3
株,かぶ,,stock; stump (of tree),saham; stok,JLPT JLPT_2 JLPT_3
被る,かぶる,,to wear; to be covered with,memakai,JLPT JLPT_2 JLPT_3
我慢,がまん,,"patience, endurance, perseverance",energi,JLPT JLPT_2 JLPT_3
上,かみ,,first volume; superior quality; governmental,pertama; pertama kali,JLPT JLPT_2 JLPT_3
神,かみ,,god,tuhan; dewa,JLPT JLPT_2 JLPT_3
雷,かみなり,,thunder,guntur; petir,JLPT JLPT_2 JLPT_3
髪の毛,かみのけ,,hair (head),rambut,JLPT JLPT_2 JLPT_3
科目,かもく,,"(school) subject, curriculum, course",kurikulum,JLPT JLPT_2 JLPT_3
かもしれない,かもしれない,,"maybe, perhaps",mungkin,JLPT JLPT_2 JLPT_3
かゆい,かゆい,,"itchy, itching",gatal; terasa gatal,JLPT JLPT_2 JLPT_3
歌謡,かよう,,"song, ballad",bernyanyi,JLPT JLPT_2 JLPT_3
空,から,,empty,kosong,JLPT JLPT_2 JLPT_3
殻,から,,"shell, husk, hull",cangkang,JLPT JLPT_2 JLPT_3
柄,がら,,pattern; build; character,pola; karakter; sifat,JLPT JLPT_2 JLPT_3
刈る,かる,,"to cut (hair), to mow (grass), to harvest",hasil,JLPT JLPT_2 JLPT_3
河,かわ,,"river, stream",sungai,JLPT JLPT_2 JLPT_3
皮,かわ,,"skin, hide, leather",kulit,JLPT JLPT_2 JLPT_3
革,かわ,,leather,kulit; kulit hewan,JLPT JLPT_2 JLPT_3
可愛そう,かわいそう,,"poor, pitiable, pathetic",miskin,JLPT JLPT_2 JLPT_3
可愛らしい,かわいらしい,,"lovely, sweet",tercinta; manis,JLPT JLPT_2 JLPT_3
乾かす,かわかす,,to dry,udara,JLPT JLPT_2 JLPT_3
渇く,かわく,,to be thirsty,ada; menjadi,JLPT JLPT_2 JLPT_3
代る,かわる,,"to take the place of, to relieve, to be substituted for",ada; menjadi,JLPT JLPT_2 JLPT_3
缶,かん,,"can, tin",kaleng; tin,JLPT_1 JLPT JLPT_2 JLPT_3
勘,かん,,"perception, intuition, the sixth sense",(kata sandang),JLPT JLPT_2 JLPT_3
考え,かんがえ,,"thinking, thought, ideas",ide,JLPT JLPT_2 JLPT_3
感覚,かんかく,,"sense, sensation",perasaan,JLPT JLPT_2 JLPT_3
間隔,かんかく,,"space, interval, SPC",kamar,JLPT JLPT_2 JLPT_3
観客,かんきゃく,,"audience, spectator(s)",penonton; pendengar; hadirin,JLPT Intermediate_Japanese JLPT_3 JLPT_2 Intermediate_Japanese_Ln.7
環境,かんきょう,,"environment, circumstance",lingkungan,JLPT JLPT_3 JLPT_2 Genki Genki_Ln.21
歓迎,かんげい,,"welcome, reception",kembali; keramahtamahan,JLPT Intermediate_Japanese JLPT_3 JLPT_2 Intermediate_Japanese_Ln.5
観光,かんこう,,sightseeing,wisata; tamasya; sightseeing,Genki_Ln.15 JLPT JLPT_3 JLPT_2 Genki
観察,かんさつ,,"observation, survey",observasi; pengamatan,JLPT JLPT_2 JLPT_3
感じ,かんじ,,"feeling, sense, impression",perasaan; rasa,JLPT JLPT_2 JLPT_3
感謝,かんしゃ,,"thanks, gratitude",rasa syukur; terima kasih,JLPT JLPT_2 JLPT_3
患者,かんじゃ,,patient,sabar,JLPT Intermediate_Japanese JLPT_3 JLPT_2 Intermediate_Japanese_Ln.12
勘定,かんじょう,,"calculation, counting, consideration",perhitungan,JLPT JLPT_2 JLPT_3
感情,かんじょう,,"emotion(s), feeling(s), sentiment",sentimen,JLPT JLPT_2 JLPT_3
感じる,かんじる,,"to feel, to sense",merasa,JLPT JLPT_2 JLPT_3
感心,かんしん,,admiration,kekaguman,JLPT JLPT_2 JLPT_3
関心,かんしん,,"concern, interest",bunga; minat,JLPT JLPT_2 JLPT_3
関する,かんする,,"to concern, to be related",berkaitan,JLPT JLPT_2 JLPT_3
完成,かんせい,,"complete, completion; perfection",menyelesaikan,JLPT JLPT_2 JLPT_3
完全,かんぜん,,"perfection, completeness",kesempurnaan,JLPT JLPT_2 JLPT_3
乾燥,かんそう,,"dry, arid, dehydrated",kering,JLPT JLPT_2 JLPT_3
感想,かんそう,,"(one's) impressions, (one's) thoughts",kesan; pikiran seseorang,JLPT Intermediate_Japanese JLPT_3 JLPT_2 Intermediate_Japanese_Ln.11
感動,かんどう,,"being deeply moved, excitement",keberadaan; makhluk,JLPT JLPT_2 JLPT_3
監督,かんとく,,"supervision, control, (movie) director",mengendalikan,JLPT Intermediate_Japanese JLPT_3 JLPT_2 Intermediate_Japanese_Ln.7
管理,かんり,,"control, management (e.g., of a business)",mengendalikan,JLPT JLPT_2 JLPT_3
完了,かんりょう,,"completion, conclusion",menyelesaikan; kesimpulan,JLPT JLPT_2 JLPT_3
関連,かんれん,,"relation, connection, relevance",koneksi; hubungan,JLPT JLPT_2 JLPT_3
議員,ぎいん,,"member of the Diet, congress, or parliament",anggota,JLPT JLPT_2 JLPT_3
記憶,きおく,,"memory, recollection, remembrance",ingatan; kenangan,JLPT JLPT_2 JLPT_3
気温,きおん,,temperature (weather - not used for things),suhu,JLPT Genki_Ln.12 JLPT_3 JLPT_2 Genki
機械,きかい,,"machine, machinery",mesin; permesinan,JLPT Intermediate_Japanese JLPT_3 JLPT_2 Intermediate_Japanese_Ln.14
器械,きかい,,instrument,alat musik; instrumen,JLPT JLPT_2 JLPT_3
議会,ぎかい,,"Diet, congress, parliament",parlemen,JLPT JLPT_2 JLPT_3
期間,きかん,,"period, term",periode; masa,JLPT JLPT_2 JLPT_3
機関,きかん,,"engine; institution, organization",organisasi,JLPT JLPT_2 JLPT_3
企業,きぎょう,,"industry, business, undertaking",industri,JLPT Intermediate_Japanese JLPT_3 JLPT_2 Intermediate_Japanese_Ln.14
効く,きく,,to be effective,ada; menjadi,JLPT JLPT_2 JLPT_3
期限,きげん,,"deadline, term",periode,JLPT JLPT_2 JLPT_3
機嫌,きげん,,"humor, temper, mood",disposisi; perasaan,JLPT JLPT_2 JLPT_3
気候,きこう,,climate,alami,JLPT JLPT_2 JLPT_3
岸,きし,,"bank, coast, shore",bank; tepi sungai,JLPT JLPT_2 JLPT_3
生地,きじ,,fabric; dough,kain,JLPT JLPT_2 JLPT_3
記事,きじ,,"article, news story",barang,JLPT JLPT_2 JLPT_3
技師,ぎし,,"engineer, technician",technician insinyur,JLPT JLPT_2 JLPT_3
記者,きしゃ,,reporter,reporter; wartawan,JLPT Intermediate_Japanese JLPT_3 JLPT_2 Intermediate_Japanese_Ln.15
傷,きず,,"wound, injury, hurt",luka,JLPT JLPT_2 JLPT_3
期待,きたい,,"expectation, anticipation, hope",harapan,JLPT JLPT_2 JLPT_3
気体,きたい,,"vapor, gas",mengukus,JLPT JLPT_2 JLPT_3
帰宅,きたく,,returning home,rumah; rumah asal,JLPT JLPT_2 JLPT_3
貴重,きちょう,,"precious, valuable",berharga; istimewa; berharga,JLPT JLPT_2 JLPT_3
議長,ぎちょう,,chairman,ketua; pemimpin sidang,JLPT JLPT_2 JLPT_3
きちんと,きちんと,,"precisely, accurately",dengan tepat,JLPT JLPT_2 JLPT_3
きつい,きつい,,"tight, close, intense",sempit; menutup; kuat,JLPT JLPT_2 JLPT_3
気付く,きづく,,"to notice, to recognize, to become aware of",mengenali; mengakui,JLPT JLPT_2 JLPT_3
気に入る,きにいる,,"to like, to be please",suka,JLPT JLPT_2 JLPT_3
記入,きにゅう,,"entry, filling in of forms",pendaftaran,JLPT JLPT_2 JLPT_3
記念,きねん,,"commemoration, memory",ingatan; kenangan,JLPT JLPT_2 JLPT_3
機能,きのう,,"function, faculty",fungsi,JLPT JLPT_2 JLPT_3
気の毒,きのどく,,"pitiful, a pity",sebuah; suatu,JLPT JLPT_2 JLPT_3
寄付,きふ,,"contribution, donation",kontribusi,JLPT JLPT_2 JLPT_3
希望,きぼう,,"hope, wish, aspiration",harapan,JLPT Intermediate_Japanese JLPT_3 JLPT_2 Intermediate_Japanese_Ln.3
基本,きほん,,"basic, basis",dasar; basis,JLPT Intermediate_Japanese JLPT_3 JLPT_2 Intermediate_Japanese_Ln.15
決まり,きまり,,"settlement, conclusion, rule",aturan,JLPT JLPT_2 JLPT_3
気味,きみ,,"-like, -looking, -looked",-seperti; -tampak; terlihat seperti,JLPT JLPT_2 JLPT_3
奇妙,きみょう,,"strange, queer, curious",aneh,JLPT JLPT_2 JLPT_3
義務,ぎむ,,"duty, obligation, responsibility",kewajiban; tanggung jawab,JLPT JLPT_2 JLPT_3
疑問,ぎもん,,"question, problem, doubt",masalah,JLPT JLPT_2 JLPT_3
逆,ぎゃく,,"reverse, opposite",membalikkan; sebaliknya,JLPT JLPT_2 JLPT_3
キャプテン,キャプテン,,captain,kapten; nakhoda,JLPT JLPT_2 JLPT_3
キャンプ,キャンプ,,camp,kemah; kamp,JLPT Genki_Ln.11 JLPT_3 JLPT_2 Genki
旧,きゅう,,ex-,mantan-; eks-; bekas,JLPT JLPT_2 JLPT_3
級,きゅう,,"class, grade, rank",kelas,JLPT JLPT_2 JLPT_3
球,きゅう,,"globe, sphere, ball",bidang,JLPT JLPT_2 JLPT_3
休暇,きゅうか,,"vacation, holiday, day off",hari; siang,JLPT Intermediate_Japanese JLPT_3 JLPT_2 Intermediate_Japanese_Ln.1
休憩,きゅうけい,,"rest, break, intermission",memecahkan,JLPT JLPT_2 JLPT_3
急激,きゅうげき,,"sudden, precipitous, radical",mendadak; tiba-tiba; radikal,JLPT JLPT_2 JLPT_3
吸収,きゅうしゅう,,"absorption, suction",penyerapan,JLPT JLPT_2 JLPT_3
救助,きゅうじょ,,"relief, aid, rescue",bantuan; kelegaan,JLPT JLPT_2 JLPT_3
急速,きゅうそく,,"rapid (e.g., progress)",cepat; pesat,JLPT JLPT_2 JLPT_3
休息,きゅうそく,,"rest, relief, relaxation",bantuan; kelegaan,JLPT JLPT_2 JLPT_3
急に,きゅうに,,suddenly,tiba-tiba,JLPT JLPT_2 JLPT_3
給料,きゅうりょう,,"salary, wages",gaji,Genki_Ln.17 JLPT JLPT_3 JLPT_2 Genki
器用,きよう,,"skillful, handy",terampil; nyaman,JLPT JLPT_2 JLPT_3
教科書,きょうかしょ,,textbook,buku teks; buku pelajaran,JLPT Intermediate_Japanese JLPT_3 JLPT_2 Genki_Ln.6 Intermediate_Japanese_Ln.13 Genki
競技,きょうぎ,,"game, match, contest",pertempuran; kompetisi; perbandingan,JLPT JLPT_2 JLPT_3
行儀,ぎょうぎ,,manners,sopan santun; etiket,JLPT JLPT_2 JLPT_3
供給,きょうきゅう,,"supply, provision",pasokan,JLPT JLPT_2 JLPT_3
教授,きょうじゅ,,"teaching, instruction; professor",pengarahan; jabatan,JLPT JLPT_2 JLPT_3
強調,きょうちょう,,"emphasis, stress, stressed point",pentingnya; tekanan,JLPT JLPT_2 JLPT_3
共通,きょうつう,,"commonness, mutual",saling; timbal balik,JLPT JLPT_2 JLPT_3
共同,きょうどう,,"cooperation, association, collaboration",kerja sama; asosiasi; perkumpulan; kolaborasi,JLPT JLPT_2 JLPT_3
恐怖,きょうふ,,"fear, terror",kecemasan,JLPT JLPT_2 JLPT_3
協力,きょうりょく,,"cooperation, collaboration",kerja sama; kolaborasi,JLPT JLPT_2 JLPT_3
強力,きょうりょく,,"powerful, strong",kuat,JLPT JLPT_2 JLPT_3
許可,きょか,,"permission, approval",izin; persetujuan,JLPT Intermediate_Japanese JLPT_3 JLPT_2 Intermediate_Japanese_Ln.4
局,きょく,,"office, bureau, station(TV, radio)",kantor,JLPT JLPT_2 JLPT_3
巨大,きょだい,,"huge, gigantic, enormous",sangat besar,JLPT JLPT_2 JLPT_3
嫌う,きらう,,"to hate, to dislike, to loathe",membenci; tidak suka,JLPT JLPT_2 JLPT_3
霧,きり,,"fog, mist",kabut; embun,JLPT JLPT_2 JLPT_3
切れ,きれ,,"cloth, piece, cut",memotong,JLPT JLPT_2 JLPT_3
切れる,きれる,,"to cut well, to be sharp; to break (off)",memecahkan,JLPT JLPT_2 JLPT_3
記録,きろく,,"record, minutes, document",catatan; rekaman,JLPT JLPT_2 JLPT_3
議論,ぎろん,,"argument, discussion, dispute",diskusi; pembahasan,JLPT JLPT_2 JLPT_3
金,きん,,"gold, metal; money",uang,JLPT JLPT_2 JLPT_3
銀,ぎん,,silver,perak (logam),JLPT JLPT_2 JLPT_3
禁煙,きんえん,,No Smoking,Dilarang Merokok,JLPT JLPT_2 JLPT_3
金額,きんがく,,amount of money,jumlah,JLPT JLPT_2 JLPT_3
金庫,きんこ,,"safe, vault",aman,JLPT JLPT_2 JLPT_3
禁止,きんし,,"prohibition, ban",larangan,JLPT JLPT_2 JLPT_3
金銭,きんせん,,"money, cash",uang,JLPT JLPT_2 JLPT_3
金属,きんぞく,,metal,uang,JLPT JLPT_2 JLPT_3
近代,きんだい,,modern times,modern,JLPT JLPT_2 JLPT_3
緊張,きんちょう,,"tension, mental strain, nervousness",ketegangan; berlebihan,JLPT JLPT_2 JLPT_3
筋肉,きんにく,,"muscle, sinews",otot,JLPT JLPT_2 JLPT_3
金融,きんゆう,,"finance, money and banking",uang,JLPT JLPT_2 JLPT_3
句,く,,phrase,frasa; ungkapan,JLPT JLPT_2 JLPT_3
食う,くう,,(male) (vulg.) to eat,makan,JLPT JLPT_2 JLPT_3
偶然,ぐうぜん,,"(by) chance, unexpectedly",tak terduga,JLPT Intermediate_Japanese JLPT_3 JLPT_2 Intermediate_Japanese_Ln.4
臭い,くさい,,"stinky, smelly, bad-smelling",bau; busuk; berbau tidak sedap,JLPT JLPT_2 JLPT_3
鎖,くさり,,chain,rantai,JLPT JLPT_2 JLPT_3
腐る,くさる,,"to rot, to go bad",busuk; rusak; membusuk,JLPT JLPT_2 JLPT_3
癖,くせ,,"a habit (often a bad habit), peculiarity",kebiasaan,JLPT JLPT_2 JLPT_3
管,くだ,,"pipe, tube",pipa; seruling,JLPT JLPT_2 JLPT_3
具体,ぐたい,,"concrete, tangible, material",material; bahan,JLPT JLPT_2 JLPT_3
下り,くだり,,down-train (going away from Tokyo),jauh; pergi,JLPT JLPT_2 JLPT_3
下る,くだる,,"to get down, to descend",mendapatkan; menjadi,JLPT JLPT_2 JLPT_3
苦痛,くつう,,"pain, agony",kesusahan,JLPT JLPT_2 JLPT_3
ぐっすり,ぐっすり,,"sound asleep, fast asleep",cepat,JLPT JLPT_2 JLPT_3
区別,くべつ,,"distinction, differentiation, classification",klasifikasi,JLPT JLPT_2 JLPT_3
組,くみ,,"class, team, set",kelas; tim,JLPT JLPT_2 JLPT_3
組合,くみあい,,"association, union",asosiasi; perkumpulan,JLPT JLPT_2 JLPT_3
組む,くむ,,to put together,menggabungkan,JLPT JLPT_2 JLPT_3
汲む,くむ,,"to draw, to scoop, to pump",menggambar,JLPT JLPT_2 JLPT_3
酌む,くむ,,to serve sake,menyajikan,JLPT JLPT_2 JLPT_3
悔しい,くやしい,,"regrettable, mortifying, vexing",tidak memuaskan,JLPT JLPT_2 JLPT_3
位,くらい,,"grade, rank, about",memberi peringkat; peringkat; tentang; sekitar,JLPT JLPT_2 JLPT_3
暮らし,くらし,,living; life style,kehidupan,JLPT Intermediate_Japanese JLPT_3 JLPT_2 Intermediate_Japanese_Ln.13
クラシック,クラシック,,classic(s),klasik; karya klasik,JLPT JLPT_2 JLPT_3
暮らす,くらす,,"to live, to get along",hidup,JLPT Intermediate_Japanese JLPT_3 JLPT_2 Intermediate_Japanese_Ln.11
グラス,グラス,,glass; grass,rumput,JLPT JLPT_2 JLPT_3
グランド,グランド,,"gland, grand, (electrical) ground",kelenjar; grand; grounding listrik,JLPT JLPT_2 JLPT_3
クリーム,クリーム,,cream,krim,JLPT JLPT_2 JLPT_3
繰り返す,くりかえす,,"to repeat, to do something over again",pengulangan,JLPT JLPT_2 JLPT_3
クリスマス,クリスマス,,Christmas,Natal; Hari Natal,JLPT Genki_Ln.14 JLPT_3 JLPT_2 Genki
狂う,くるう,,"to go mad, to get out of order",mendapatkan; menjadi,JLPT JLPT_2 JLPT_3
グループ,グループ,,group,kelompok,JLPT JLPT_2 JLPT_3
苦しい,くるしい,,tough; physically strenuous,secara fisik,JLPT Intermediate_Japanese JLPT_3 JLPT_2 Intermediate_Japanese_Ln.15
苦しむ,くるしむ,,"to suffer, to groan, to be worried",ada; menjadi,JLPT JLPT_2 JLPT_3
暮れ,くれ,,"year end,",tahun,JLPT JLPT_2 JLPT_3
苦労,くろう,,hardship; suffering,penderitaan,JLPT Intermediate_Japanese JLPT_3 JLPT_2 Intermediate_Japanese_Ln.14
加える,くわえる,,"to append, to sum up, to add (up)",menambahkan,JLPT JLPT_2 JLPT_3
咥える,くわえる,,to hold something in the mouth,memegang; menampung,JLPT JLPT_2 JLPT_3
詳しい,くわしい,,detailed; full; accurate,terperinci; penuh; akurat,JLPT Intermediate_Japanese JLPT_3 JLPT_2 Intermediate_Japanese_Ln.8
加わる,くわわる,,"to join in, to accede to",bergabung,JLPT JLPT_2 JLPT_3
訓,くん,,native Japanese reading of a Chinese character,karakter; sifat,JLPT JLPT_2 JLPT_3
軍,ぐん,,"army, force, troops",kekuatan; gaya,JLPT JLPT_2 JLPT_3
郡,ぐん,,"country, district",negara; distrik; kecamatan,JLPT JLPT_2 JLPT_3
軍隊,ぐんたい,,"army, troops",kekuatan,JLPT JLPT_2 JLPT_3
訓練,くんれん,,"practice, training",latihan; praktik,JLPT JLPT_2 JLPT_3
下,げ,,"under, below, beneath",di bawah,JLPT JLPT_2 JLPT_3
計,けい,,"plan; sum, total",rencana,JLPT JLPT_2 JLPT_3
敬意,けいい,,"respect, honor",kehormatan,JLPT JLPT_2 JLPT_3
経営,けいえい,,"management, administration",manajemen; pengelolaan; administrasi,JLPT JLPT_2 JLPT_3
景気,けいき,,"condition, state, business (condition)",kondisi; syarat; kondisi; keadaan,JLPT JLPT_2 JLPT_3
傾向,けいこう,,"tendency, trend, inclination",kecenderungan; tren,JLPT JLPT_2 JLPT_3
警告,けいこく,,warning,peringatan,JLPT JLPT_2 JLPT_3
計算,けいさん,,"calculation, reckoning",perhitungan,JLPT JLPT_2 JLPT_3
掲示,けいじ,,"notice, bulletin",pemberitahuan; perhatian,JLPT JLPT_2 JLPT_3
刑事,けいじ,,"criminal case, (police) detective",kriminal; penjahat,JLPT JLPT_2 JLPT_3
芸術,げいじゅつ,,"(fine) art, the arts",(kata sandang),JLPT Intermediate_Japanese JLPT_3 JLPT_2 Intermediate_Japanese_Ln.10
契約,けいやく,,"contract, compact, agreement",kontrak; perjanjian,JLPT JLPT_2 JLPT_3
経由,けいゆ,,"go by the way, via",lewat; melalui,JLPT JLPT_2 JLPT_3
ケース,ケース,,case,kasus; perkara; kotak,JLPT_1 JLPT JLPT_2 JLPT_3
ゲーム,ゲーム,,game,pertempuran,JLPT JLPT_2 JLPT_3
劇,げき,,"drama, play",bermain; drama,JLPT JLPT_2 JLPT_3
劇場,げきじょう,,"theater, playhouse",teater; gedung pertunjukan,JLPT JLPT_2 JLPT_3
化粧,けしょう,,make-up (cosmetic),make-up; riasan,JLPT JLPT_2 JLPT_3
けち,けち,,"stinginess, miser",kikir; pelit; orang kikir,JLPT JLPT_2 JLPT_3
血液,けつえき,,blood,darah,JLPT JLPT_2 JLPT_3
結果,けっか,,"result, consequence",hasil,JLPT Intermediate_Japanese JLPT_3 JLPT_2 Intermediate_Japanese_Ln.5
欠陥,けっかん,,"defect, fault, deficiency",kekurangan; defisiensi,JLPT JLPT_2 JLPT_3
結局,けっきょく,,"after all, eventually",bagaimanapun juga; ternyata,JLPT JLPT_2 JLPT_3
決心,けっしん,,"determination, resolution",tekad; determinasi,JLPT JLPT_2 JLPT_3
欠席,けっせき,,"absence, non-attendance",tidak ambil bagian,JLPT JLPT_2 JLPT_3
決定,けってい,,"decision, determination",keputusan,JLPT JLPT_2 JLPT_3
欠点,けってん,,"faults, defect, weakness",cacat; kekurangan,JLPT JLPT_2 JLPT_3
結論,けつろん,,conclusion,kesimpulan,JLPT JLPT_2 JLPT_3
煙,けむり,,"smoke, fumes",asap,JLPT JLPT_2 JLPT_3
蹴る,ける,,to kick,menendang,JLPT JLPT_3 JLPT_2 Genki Genki_Ln.21
券,けん,,"ticket, certificate",tiket; sertifikat,JLPT JLPT_2 JLPT_3
県,けん,,prefecture,prefektur,JLPT Intermediate_Japanese JLPT_3 JLPT_2 Intermediate_Japanese_Ln.7
見解,けんかい,,"opinion, point of view",pendapat; sudut pandang,JLPT JLPT_2 JLPT_3
限界,げんかい,,"limit, bound",batas,JLPT JLPT_2 JLPT_3
現金,げんきん,,cash,uang,JLPT Intermediate_Japanese JLPT_3 JLPT_2 Intermediate_Japanese_Ln.9
言語,げんご,,language,bahasa,JLPT JLPT_2 JLPT_3
健康,けんこう,,health(y),sehat; kesehatan,JLPT JLPT_2 JLPT_3
検査,けんさ,,"inspection, examination",ujian,JLPT JLPT_2 JLPT_3
現在,げんざい,,"now (same as 今 (いま)), present, current",masa kini,JLPT Intermediate_Japanese JLPT_3 JLPT_2 Intermediate_Japanese_Ln.12
現実,げんじつ,,reality,kebenaran,JLPT JLPT_2 JLPT_3
現象,げんしょう,,phenomenon,fenomena; gejala,JLPT JLPT_2 JLPT_3
現状,げんじょう,,"present condition, status quo",masa kini,JLPT JLPT_2 JLPT_3
建設,けんせつ,,"construction, foundation",fondasi; dasar; yayasan,JLPT JLPT_2 JLPT_3
現代,げんだい,,"today, present-day",hari ini,JLPT JLPT_2 JLPT_3
建築,けんちく,,"construction, architecture",bangunan,JLPT JLPT_2 JLPT_3
見当,けんとう,,"estimate, guess",memperkirakan; estimasi,JLPT JLPT_2 JLPT_3
検討,けんとう,,"consideration, examination, investigation",ujian,JLPT JLPT_2 JLPT_3
現場,げんば,,"actual spot, scene, field",bidang,JLPT JLPT_2 JLPT_3
憲法,けんぽう,,constitution,konstitusi,JLPT JLPT_2 JLPT_3
権利,けんり,,"right, privilege",hak,JLPT JLPT_2 JLPT_3
後,ご,,"afterwards, since then",setelahnya; sejak saat itu,JLPT JLPT_2 JLPT_3
碁,ご,,Go (board game of capturing territory),Go (permainan papan strategi),JLPT JLPT_2 JLPT_3
恋,こい,,"love, tender passion",sangat suka,JLPT JLPT_2 JLPT_3
濃い,こい,,"thick (as of color, liquid), dense, strong",kuat,JLPT JLPT_2 JLPT_3
恋人,こいびと,,lover; sweetheart; girlfriend,nyonya,JLPT Intermediate_Japanese JLPT_3 JLPT_2 Intermediate_Japanese_Ln.9
幸運,こううん,,"good luck, fortune",baik; bagus,JLPT JLPT_2 JLPT_3
講演,こうえん,,"lecture, talk",meeting (event with one or more lectures); pertunjukan,JLPT Intermediate_Japanese JLPT_3 JLPT_2 Intermediate_Japanese_Ln.15
効果,こうか,,"effect, result",efek; dampak; hasil,JLPT JLPT_2 JLPT_3
硬貨,こうか,,coin,koin; uang logam,JLPT JLPT_2 JLPT_3
高価,こうか,,high price,harga,JLPT JLPT_2 JLPT_3
豪華,ごうか,,"luxurious, gorgeous, extravagance",mencolok,JLPT JLPT_2 JLPT_3
合格,ごうかく,,"success, passing (e.g., exam)",keberhasilan,JLPT JLPT_2 JLPT_3
交換,こうかん,,"exchange, swap",pertukaran,JLPT JLPT_2 JLPT_3
航空,こうくう,,"aviation, flying",penerbangan; terbang,JLPT JLPT_2 JLPT_3
光景,こうけい,,"scene, spectacle",bidang,JLPT JLPT_2 JLPT_3
合計,ごうけい,,"sum total, total amount",jumlah,JLPT JLPT_2 JLPT_3
攻撃,こうげき,,"attack, strike, offensive",menyerang; menyerang; memukul,JLPT JLPT_2 JLPT_3
貢献,こうけん,,"contribution, services",kontribusi,JLPT JLPT_2 JLPT_3
広告,こうこく,,advertisement,iklan; reklame,JLPT Genki_Ln.13 Intermediate_Japanese JLPT_3 JLPT_2 Intermediate_Japanese_Ln.15 Genki
交際,こうさい,,"friendship, association, acquaintance",asosiasi; perkumpulan,JLPT JLPT_2 JLPT_3
校舎,こうしゃ,,school building,sekolah,JLPT JLPT_2 JLPT_3
後者,こうしゃ,,the latter,(kata sandang),JLPT JLPT_2 JLPT_3
工場,こうば,,"factory, plant",pabrik,JLPT JLPT_2 JLPT_3
公正,こうせい,,"justice, fairness, impartiality",keadilan,JLPT JLPT_2 JLPT_3
構成,こうせい,,"organization, composition",organisasi,JLPT JLPT_2 JLPT_3
高速,こうそく,,"high speed, high gear",tinggi,JLPT JLPT_2 JLPT_3
行動,こうどう,,"action, conduct, behavior",perilaku,JLPT JLPT_2 JLPT_3
強盗,ごうとう,,"robbery, burglary",perampokan,JLPT JLPT_2 JLPT_3
後輩,こうはい,,junior members of a group,kelompok,JLPT JLPT_3 JLPT_2 Genki_Ln.22 Genki
幸福,こうふく,,"happiness, blessedness",kebahagiaan; keberkahan,JLPT JLPT_2 JLPT_3
公平,こうへい,,"fairness, impartial, justice",keadilan,JLPT JLPT_2 JLPT_3
候補,こうほ,,candidacy,pencalonan; kandidat,JLPT JLPT_2 JLPT_3
考慮,こうりょ,,"consideration, taking into account",pertimbangan,JLPT JLPT_2 JLPT_3
越える,こえる,,"to exceed, to cross over, to cross",melampaui,JLPT JLPT_2 JLPT_3
超える,こえる,,"to exceed, to cross over, to cross",melampaui,JLPT JLPT_2 JLPT_3
コーチ,コーチ,,coach,pelatih; coach,JLPT JLPT_2 JLPT_3
コード,コード,,code; cord; chord,kode,JLPT JLPT_2 JLPT_3
氷,こおり,,"ice, hail",es; hujan es,JLPT JLPT_2 JLPT_3
凍る,こおる,,"to freeze, to be frozen over, to congeal",ada; menjadi,JLPT JLPT_2 JLPT_3
ゴール,ゴール,,goal,tujuan; sasaran,JLPT JLPT_2 JLPT_3
誤解,ごかい,,misunderstanding,salah,JLPT Intermediate_Japanese JLPT_3 JLPT_2 Intermediate_Japanese_Ln.15
語学,ごがく,,language study,bahasa,JLPT Intermediate_Japanese JLPT_3 JLPT_2 Intermediate_Japanese_Ln.8
呼吸,こきゅう,,"breath, respiration",pernapasan,JLPT JLPT_2 JLPT_3
故郷,こきょう,,hometown,pedesaan,JLPT JLPT_2 JLPT_3
極,ごく,,"quite, very",sangat,JLPT JLPT_2 JLPT_3
国語,こくご,,national language,nasional,JLPT JLPT_2 JLPT_3
国籍,こくせき,,nationality,nasional,JLPT JLPT_2 JLPT_3
黒板,こくばん,,blackboard,papan tulis hitam,JLPT Intermediate_Japanese JLPT_3 JLPT_2 Intermediate_Japanese_Ln.13
克服,こくふく,,"conquest, overcome",mengatasi,JLPT JLPT_2 JLPT_3
国民,こくみん,,"national, people, citizen",nasional,JLPT JLPT_2 JLPT_3
穀物,こくもつ,,"grain, cereal, corn",biji-bijian; sereal; jagung,JLPT JLPT_2 JLPT_3
腰,こし,,"hip, waist",pinggul; pinggang,JLPT JLPT_2 JLPT_3
胡椒,こしょう,,pepper,merica; lada; paprika,JLPT JLPT_2 JLPT_3
個人,こじん,,"individual, private person",pribadi; privat,JLPT Intermediate_Japanese JLPT_3 JLPT_2 Intermediate_Japanese_Ln.14
越す,こす,,"to go over (e.g., with audience)",melewati; memeriksa kembali,JLPT JLPT_2 JLPT_3
超す,こす,,"to cross, to pass, to tide over",lulus; lewat,JLPT JLPT_2 JLPT_3
国家,こっか,,"state, country, nation",kondisi; keadaan; negara,JLPT JLPT_2 JLPT_3
国会,こっかい,,"National Diet, parliament, congress",nasional,JLPT JLPT_2 JLPT_3
国境,こっきょう,,national or state border,nasional,JLPT JLPT_2 JLPT_3
骨折,こっせつ,,bone fracture,patah tulang; fraktur,JLPT JLPT_2 JLPT_3
小包,こづつみ,,"parcel, package",paket; bungkusan,JLPT JLPT_2 JLPT_3
琴,こと,,Japanese harp,Jepang,JLPT JLPT_2 JLPT_3
異なる,ことなる,,"to differ, to vary",salah,JLPT JLPT_2 JLPT_3
諺,ことわざ,,"proverb, saying",peribahasa; pepatah,JLPT JLPT_2 JLPT_3
断る,ことわる,,"to refuse, to decline, to dismiss",menolak,JLPT JLPT_2 JLPT_3
粉,こな,,"flour, powder",(kata sandang),JLPT JLPT_2 JLPT_3
好み,このみ,,"liking, taste, choice",pilihan,JLPT JLPT_2 JLPT_3
好む,このむ,,"to like, to prefer",suka,JLPT JLPT_2 JLPT_3
こぼす,こぼす,,to spill,tumpah; menumpahkan,JLPT JLPT_2 JLPT_3
こぼれる,こぼれる,,"to overflow, to spill",meluap; meluber; tumpah; menumpahkan,JLPT JLPT_2 JLPT_3
塵,ごみ,,"garbage, litter",sampah; limbah,JLPT JLPT_2 JLPT_3
小麦,こむぎ,,wheat,gandum,JLPT JLPT_2 JLPT_3
ごめんなさい,ごめんなさい,,"I beg your pardon, excuse me, I'm sorry",maaf,JLPT JLPT_3 JLPT_2 Genki_Ln.4 Genki
小屋,こや,,"hut, cabin, shed",gubuk; kabin; kandang,JLPT JLPT_2 JLPT_3
これら,これら,,these,ini (jamak),JLPT JLPT_2 JLPT_3
殺す,ころす,,to kill,membunuh,JLPT JLPT_2 JLPT_3
転ぶ,ころぶ,,"to fall down, to fall over",jatuh,JLPT Genki_Ln.18 JLPT_3 JLPT_2 Genki
今回,こんかい,,"now, this time, lately",sekarang; ini,JLPT JLPT_2 JLPT_3
今後,こんご,,"from now on, hereafter",mulai sekarang,JLPT JLPT_2 JLPT_3
混雑,こんざつ,,"confusion, congestion",merger,JLPT JLPT_2 JLPT_3
こんなに,こんなに,,"so, like this, in this way",dalam; di,JLPT JLPT_2 JLPT_3
困難,こんなん,,"difficulty, distress",kesulitan,JLPT JLPT_2 JLPT_3
今日,こんにち,,"today, this day",hari ini,JLPT JLPT_2 JLPT_3
こんにちは,こんにちは,,"hello, good day (daytime greeting)",baik; bagus,JLPT JLPT_2 JLPT_3
婚約,こんやく,,"engagement, betrothal",keterlibatan; pertunangan,JLPT JLPT_2 JLPT_3
混乱,こんらん,,"chaos, confusion, mayhem",kekacauan; merger,JLPT JLPT_2 JLPT_3
差,さ,,"difference, variation",perbedaan,JLPT JLPT_2 JLPT_3
サービス,サービス,,"service, support system; goods or services without charge",layanan,JLPT JLPT_2 JLPT_3
際,さい,,"on the occasion of, circumstances",urutan,JLPT JLPT_2 JLPT_3
最高,さいこう,,"highest, supreme, the most",(kata sandang),JLPT JLPT_2 JLPT_3
財産,ざいさん,,"property, fortune, assets",properti; sifat,JLPT JLPT_2 JLPT_3
最終,さいしゅう,,"last, closing",akhir; dilakukan untuk,JLPT JLPT_2 JLPT_3
最中,さいちゅう,,in the middle of,dalam; di,JLPT JLPT_2 JLPT_3
最低,さいてい,,"least, lowest, worst",sedikit; terendah,Genki_Ln.17 JLPT JLPT_3 JLPT_2 Genki
才能,さいのう,,"talent, ability",kemampuan,JLPT JLPT_2 JLPT_3
裁判,さいばん,,"trial, judgment",percobaan,JLPT JLPT_2 JLPT_3
材料,ざいりょう,,"ingredients, material",material; bahan,JLPT JLPT_2 JLPT_3
幸い,さいわい,,fortunately; luckily,untungnya,JLPT Intermediate_Japanese JLPT_3 JLPT_2 Intermediate_Japanese_Ln.8
サイン,サイン,,autograph; sign; sine,tanda,JLPT JLPT_2 JLPT_3
境,さかい,,"border, boundary, mental state",kondisi; keadaan,JLPT JLPT_2 JLPT_3
逆らう,さからう,,"to go against, to oppose, to disobey",bertentangan,JLPT JLPT_2 JLPT_3
盛り,さかり,,"helping, serving",membantu; melayani; sajian,JLPT JLPT_2 JLPT_3
作業,さぎょう,,"work, operation, manufacturing",pekerjaan; karya; manufaktur,JLPT JLPT_2 JLPT_3
裂く,さく,,"to tear, to split",merobek; air mata; membagi; terbelah,JLPT JLPT_2 JLPT_3
昨,さく,,"last (year), yesterday",kemarin,JLPT JLPT_2 JLPT_3
作品,さくひん,,"work, opus, production",produksi,JLPT JLPT_2 JLPT_3
作物,さくもつ,,"produce (e.g., agricultural), crops",menghasilkan,JLPT JLPT_2 JLPT_3
桜,さくら,,"cherry blossom, cherry tree",pohon,JLPT JLPT_2 JLPT_3
酒,さけ,,"alcohol, sake",untuk,JLPT JLPT_2 JLPT_3
叫ぶ,さけぶ,,"to shout, to cry",berteriak; menangis,JLPT JLPT_2 JLPT_3
避ける,さける,,"to avoid (physical contact); to ward off, to avert",menghindari,JLPT Intermediate_Japanese JLPT_3 JLPT_2 Intermediate_Japanese_Ln.15
支える,ささえる,,"support, hold, sustain",mendukung,JLPT JLPT_2 JLPT_3
刺さる,ささる,,"to stick, to be stuck",ada; menjadi,JLPT JLPT_2 JLPT_3
刺す,さす,,"to sting, to bite (e.g., bug), to prick, to stab",menyengat; menggigit; menusuk,JLPT JLPT_3 JLPT_2 Genki Genki_Ln.21
指す,さす,,"to point,",titik; poin,JLPT JLPT_2 JLPT_3
挿す,さす,,"to insert, to put in, to graft",untuk memasukkan,JLPT JLPT_2 JLPT_3
注す,さす,,"to pour (drink), to serve (drinks)",menuangkan; deras,JLPT JLPT_2 JLPT_3
射す,さす,,"to shine, to strike",bersinar; menyerang; memukul,JLPT JLPT_2 JLPT_3
座席,ざせき,,seat,kursi; tempat duduk,JLPT Intermediate_Japanese JLPT_3 JLPT_2 Intermediate_Japanese_Ln.10
誘う,さそう,,"to invite (someone to do something with you); to tempt, to lure",mengajak; menggoda; merayu,Genki_Ln.15 Intermediate_Japanese JLPT JLPT_3 JLPT_2 Intermediate_Japanese_Ln.7 Genki
札,さつ,,"bill, note",tagihan; uang kertas,JLPT JLPT_2 JLPT_3
作家,さっか,,"author, writer, novelist",gaya,JLPT JLPT_2 JLPT_3
作曲,さっきょく,,composition (of music),komposisi musik,JLPT JLPT_2 JLPT_3
ざっと,ざっと,,"roughly, in round numbers",kira-kira; kasar; dalam; di,JLPT JLPT_2 JLPT_3
さっぱり,さっぱり,,"feeling refreshed, neat",segar kembali; rapi; bersih,JLPT JLPT_2 JLPT_3
さて,さて,,"well; now (typically used when switching to a new, usually more important topic)",penting,JLPT Intermediate_Japanese JLPT_3 JLPT_2 Intermediate_Japanese_Ln.12
砂漠,さばく,,desert,gurun,JLPT JLPT_2 JLPT_3
差別,さべつ,,"discrimination, differentiation",diskriminasi,JLPT JLPT_2 JLPT_3
ママ,ママ,,Mama,Mama; Ibu,JLPT JLPT_2 JLPT_3
豆,まめ,,"beans, peas",kacang-kacangan,JLPT JLPT_2 JLPT_3
守る,まもる,,to protect; to abide (by the rules),melindungi,JLPT JLPT_2 JLPT_3
迷う,まよう,,"to be puzzled, to be perplexed, to lose one's way",ada; menjadi,JLPT JLPT_2 JLPT_3
丸,まる,,"circle, full (month)",penuh,JLPT JLPT_2 JLPT_3
円,まる,,circle,lingkaran,JLPT JLPT_2 JLPT_3
まるで,まるで,,just like,baru saja; tepat,JLPT JLPT_2 JLPT_3
万一,まんいち,,"by some chance, if by any chance",oleh; dengan; dekat; jika; apabila,JLPT JLPT_2 JLPT_3
満足,まんぞく,,satisfaction,kesesuaian,JLPT JLPT_2 JLPT_3
身,み,,"body, main part",tubuh; badan,JLPT JLPT_2 JLPT_3
実,み,,"fruit, seed, good result",buah,JLPT JLPT_2 JLPT_3
見送り,みおくり,,seeing one off,mengantar kepergian; melepas,JLPT JLPT_2 JLPT_3
味方,みかた,,"ally, supporter",sekutu; pendukung,JLPT JLPT_2 JLPT_3
見事,みごと,,"splendid, magnificent",denda; cemerlang,JLPT JLPT_2 JLPT_3
ミス,ミス,,"miss (mistake, error, failure), Miss",merindukan; melewatkan,JLPT_1 JLPT JLPT_2 JLPT_3
満ちる,みちる,,"to be full, to mature",ada; menjadi,JLPT JLPT_2 JLPT_3
密,みつ,,"thick, close",tebal,JLPT JLPT_2 JLPT_3
認める,みとめる,,"to recognize, to notice; to approve",mengenali; mengakui; menyetujui,JLPT Intermediate_Japanese JLPT_3 JLPT_2 Intermediate_Japanese_Ln.13 Intermediate_Japanese_Ln.3
見舞い,みまい,,"expression of sympathy, expression of concern",ekspresi; ungkapan,JLPT JLPT_2 JLPT_3
土産,みやげ,,souvenir,suvenir; oleh-oleh,JLPT JLPT_2 JLPT_3
都,みやこ,,city; capital,kota,JLPT Intermediate_Japanese JLPT_3 JLPT_2 Intermediate_Japanese_Ln.10
妙,みょう,,"strange, unusual",aneh,JLPT JLPT_2 JLPT_3
明後日,みょうごにち,,day after tomorrow,besok,JLPT JLPT_2 JLPT_3
未来,みらい,,future (life tense),masa depan,JLPT JLPT_2 JLPT_3
魅力,みりょく,,"charm, fascination, appeal",pesona; daya tarik,JLPT JLPT_2 JLPT_3
診る,みる,,to examine (a patient),memeriksa (pasien); mendiagnosis,JLPT Intermediate_Japanese JLPT_3 JLPT_2 Intermediate_Japanese_Ln.12
ミルク,ミルク,,milk,susu,JLPT JLPT_2 JLPT_3
無,む,,"nothing, naught, zero",tidak ada; nihil,JLPT JLPT_2 JLPT_3
向かい,むかい,,"facing, opposite, across",menghadapi; sebaliknya; seberang,JLPT JLPT_2 JLPT_3
迎え,むかえ,,"meeting, person sent to pick up an arrival",orang,JLPT JLPT_2 JLPT_3
向く,むく,,to face,wajah; menghadapi,JLPT JLPT_2 JLPT_3
剥く,むく,,"to peel, to skin",mengupas,JLPT JLPT_2 JLPT_3
向ける,むける,,"to turn towards, to point",titik; poin,JLPT JLPT_2 JLPT_3
無視,むし,,"disregard, ignore",mengabaikan,JLPT JLPT_2 JLPT_3
蒸し暑い,むしあつい,,"humid, sultry",lembab; pengap; gerah,JLPT JLPT_2 JLPT_3
虫歯,むしば,,"cavity, tooth decay",berongga,JLPT JLPT_2 JLPT_3
寧ろ,むしろ,,"rather, better, instead",lebih baik; agak,JLPT JLPT_2 JLPT_3
蒸す,むす,,"to steam, to poultice, to be sultry",ada; menjadi,JLPT JLPT_2 JLPT_3
結ぶ,むすぶ,,"to tie, to bind, to link",tautan; hubungan,JLPT JLPT_2 JLPT_3
無駄,むだ,,"futility, uselessness",sia-sia; tidak berguna,JLPT JLPT_2 JLPT_3
夢中,むちゅう,,"crush, crazy, be hooked on",menghancurkan; meremukkan,JLPT JLPT_2 JLPT_3
胸,むね,,"breast, chest",dada; buah dada,JLPT JLPT_2 JLPT_3
無料,むりょう,,"free, no charge",biaya; dakwaan; mengisi daya,JLPT JLPT_2 JLPT_3
芽,め,,sprout,kecambah; tunas,JLPT JLPT_2 JLPT_3
明確,めいかく,,"clear, definite",jelas,JLPT JLPT_2 JLPT_3
名刺,めいし,,(name) card; business card,kartu nama; kartu bisnis,JLPT Intermediate_Japanese JLPT_3 JLPT_2 Intermediate_Japanese_Ln.1
名詞,めいし,,noun,kata benda,JLPT JLPT_2 JLPT_3
命じる,めいじる,,"to order, to command, to appoint",memesan,JLPT JLPT_2 JLPT_3
名人,めいじん,,"master, expert",menguasai,JLPT JLPT_2 JLPT_3
命令,めいれい,,"order, command, decree",urutan; pesanan; memesan,JLPT JLPT_2 JLPT_3
迷惑,めいわく,,"trouble, bother, annoyance",masalah; kesulitan,JLPT JLPT_2 JLPT_3
目上,めうえ,,person of higher status; one's senior,orang,JLPT Intermediate_Japanese JLPT_3 JLPT_2 Intermediate_Japanese_Ln.2
飯,めし,,"meals, food",makanan,JLPT JLPT_2 JLPT_3
滅多に,めったに,,"rarely (with neg. verb), seldom",jarang,JLPT JLPT_2 JLPT_3
メモ,メモ,,"memorandum, note",catatan,JLPT JLPT_2 JLPT_3
面,めん,,"face, mug, surface, side or facet, corner, page",wajah; menghadapi; permukaan; sisi; samping,JLPT JLPT_2 JLPT_3
綿,めん,,cotton,kapas; katun,JLPT JLPT_2 JLPT_3
免許,めんきょ,,"license, permit, certificate",sertifikat,JLPT JLPT_3 JLPT_2 Genki_Ln.22 Genki
面接,めんせつ,,interview,wawancara,JLPT Intermediate_Japanese JLPT_3 JLPT_2 Genki Genki_Ln.23 Intermediate_Japanese_Ln.3
面倒,めんどう,,"trouble, attention",masalah; kesulitan,JLPT JLPT_2 JLPT_3
メンバー,メンバー,,member,anggota,JLPT JLPT_2 JLPT_3
申し込む,もうしこむ,,"to apply for, to make an application",melamar; menerapkan,JLPT Intermediate_Japanese JLPT_3 JLPT_2 Intermediate_Japanese_Ln.3
申し訳,もうしわけ,,"apology, excuse","permintaan maaf, dll); penjelasan",JLPT JLPT_2 JLPT_3
毛布,もうふ,,blanket,selimut,JLPT JLPT_2 JLPT_3
燃える,もえる,,to burn,membakar,JLPT JLPT_2 JLPT_3
目的,もくてき,,"purpose, goal, aim",tujuan; maksud; tujuan; sasaran,JLPT Intermediate_Japanese JLPT_3 JLPT_2 Intermediate_Japanese_Ln.3
目標,もくひょう,,"mark, objective, target",tujuan; objektif; target; sasaran,JLPT JLPT_2 JLPT_3
文字,もじ,,"letter (of alphabet), character",karakter; sifat,JLPT JLPT_2 JLPT_3
文字,もんじ,,"letter (of alphabet), character",karakter; sifat,JLPT JLPT_2 JLPT_3
もしかすると,もしかすると,,"perhaps, maybe, by some chance",mungkin,JLPT JLPT_2 JLPT_3
もしも,もしも,,if,jika; apabila,JLPT JLPT_2 JLPT_3
持ち上げる,もちあげる,,"to raise, to lift up, to flatter",meningkatkan; membesarkan,JLPT JLPT_2 JLPT_3
用いる,もちいる,,"to use, to make use of",menggunakan,JLPT JLPT_2 JLPT_3
もったいない,もったいない,,"wasteful; more than one deserves, unworthy of",lebih; lebih banyak,JLPT JLPT_2 JLPT_3
尤も,もっとも,,"quite right, plausible, natural",alami,JLPT JLPT_2 JLPT_3
元,もと,,"origin, original; former",asal; asal usul,JLPT JLPT_2 JLPT_3
基,もと,,basis,dasar; basis,JLPT JLPT_2 JLPT_3
素,もと,,prime,utama,JLPT JLPT_2 JLPT_3
戻す,もどす,,"to restore, to put back, to return",kembali,JLPT JLPT_2 JLPT_3
基づく,もとづく,,"to be grounded on, to be based on",ada; menjadi; didasarkan pada,JLPT JLPT_2 JLPT_3
求める,もとめる,,"to request, to ask for; to seek, to search for",permintaan; mencari,JLPT Intermediate_Japanese JLPT_3 JLPT_2 Intermediate_Japanese_Ln.4
者,もの,,person (same as 人 (ひと)),orang,JLPT Intermediate_Japanese JLPT_3 JLPT_2 Intermediate_Japanese_Ln.3
物音,ものおと,,sounds,suara-suara; bunyi-bunyian,JLPT JLPT_2 JLPT_3
物語,ものがたり,,"tale, story, legend",bertingkat; tradisi,JLPT JLPT_2 JLPT_3
物事,ものごと,,"things, everything",hal-hal; benda-benda,JLPT JLPT_2 JLPT_3
燃やす,もやす,,to burn,membakar,JLPT JLPT_2 JLPT_3
模様,もよう,,"pattern, figure, design",pola,JLPT JLPT_2 JLPT_3
文句,もんく,,a complaint,sebuah; suatu,JLPT Intermediate_Japanese Genki JLPT_3 JLPT_2 Intermediate_Japanese_Ln.14 Genki_Ln.21 Intermediate_Japanese_Ln.11
やがて,やがて,,"before long, soon, at length",segera,JLPT Intermediate_Japanese JLPT_3 JLPT_2 Intermediate_Japanese_Ln.8
役,やく,,"role, position",peran; posisi; kedudukan,JLPT JLPT_2 JLPT_3
約,やく,,"approximately, about, some",tentang; sekitar,JLPT Intermediate_Japanese JLPT_3 JLPT_2 Intermediate_Japanese_Ln.11
訳,やく,,translation,terjemahan; alih bahasa,JLPT JLPT_2 JLPT_3
訳す,やくす,,to translate,menerjemahkan,JLPT Intermediate_Japanese JLPT_3 JLPT_2 Intermediate_Japanese_Ln.2
役割,やくわり,,"assigning (allotment of) parts, role, duties",peran,JLPT JLPT_2 JLPT_3
家賃,やちん,,rent,sewa,JLPT Genki_Ln.18 JLPT_3 JLPT_2 Genki
厄介,やっかい,,"trouble, burden, care",masalah; kesulitan,JLPT JLPT_2 JLPT_3
宿,やど,,"inn, lodging",rumah,JLPT JLPT_2 JLPT_3
雇う,やとう,,"to employ, to hire",mempekerjakan; menyewa; merekrut,JLPT Intermediate_Japanese JLPT_3 JLPT_2 Intermediate_Japanese_Ln.8
屋根,やね,,roof,atap,JLPT JLPT_2 JLPT_3
破る,やぶる,,to tear; to violate; to defeat,mengalahkan,JLPT JLPT_2 JLPT_3
破れる,やぶれる,,"to get torn, to wear out",mendapatkan; menjadi,JLPT JLPT_2 JLPT_3
辞める,やめる,,to retire,pensiun,JLPT JLPT_2 JLPT_3
やや,やや,,"a little, partially, somewhat",sebagian; agak,JLPT JLPT_2 JLPT_3
唯一,ゆいいつ,,"only, sole, unique",unik,JLPT JLPT_2 JLPT_3
勇気,ゆうき,,"courage, bravery, boldness",keberanian; ketegasan,JLPT JLPT_2 JLPT_3
友好,ゆうこう,,friendship,keintiman,JLPT JLPT_2 JLPT_3
有効,ゆうこう,,"valid, effectual",valid; sah,JLPT Intermediate_Japanese JLPT_3 JLPT_2 Intermediate_Japanese_Ln.10
優秀,ゆうしゅう,,"superiority, excellence",keunggulan; keistimewaan,JLPT JLPT_2 JLPT_3
優勝,ゆうしょう,,"overall victory, championship",kemenangan keseluruhan; juara,JLPT Intermediate_Japanese JLPT_3 JLPT_2 Intermediate_Japanese_Ln.7
友情,ゆうじょう,,"friendship, fellowship",keintiman,JLPT JLPT_2 JLPT_3
友人,ゆうじん,,friend (formal),teman; sahabat,JLPT Intermediate_Japanese JLPT_3 JLPT_2 Intermediate_Japanese_Ln.15 Intermediate_Japanese_Ln.2
有能,ゆうのう,,"able, capable, efficient",efisien,JLPT JLPT_2 JLPT_3
郵便,ゆうびん,,"mail, postal service",layanan,JLPT JLPT_2 JLPT_3
ユーモア,ユーモア,,humor,humor; kelucuan,JLPT JLPT_2 JLPT_3
有利,ゆうり,,"advantageous, better",lebih baik,JLPT JLPT_2 JLPT_3
床,ゆか,,floor,lantai,JLPT JLPT_2 JLPT_3
愉快,ゆかい,,"pleasant, happy",bahagia; senang,JLPT JLPT_2 JLPT_3
譲る,ゆずる,,"to turn over, to assign, to hand over",menugaskan,JLPT JLPT_2 JLPT_3
豊か,ゆたか,,"abundant, wealthy, plentiful, rich",kaya,JLPT JLPT_2 JLPT_3
茹でる,ゆでる,,to boil,merebus,JLPT JLPT_2 JLPT_3
許す,ゆるす,,"to permit, to allow, to approve",mengizinkan,JLPT Intermediate_Japanese JLPT_3 JLPT_2 Intermediate_Japanese_Ln.8
夜,よ,,"evening, night",sore; malam,JLPT JLPT_2 JLPT_3
夜明け,よあけ,,"dawn, daybreak",permulaan,JLPT JLPT_2 JLPT_3
酔う,よう,,to get drunk,mabuk,JLPT JLPT_2 JLPT_3
容易,ようい,,"easy, simple, plain",mudah; sederhana,JLPT JLPT_2 JLPT_3
容器,ようき,,"container, vessel",pembuluh,JLPT JLPT_2 JLPT_3
陽気,ようき,,"season, weather, cheerfulness",membumbui,JLPT JLPT_2 JLPT_3
要求,ようきゅう,,"request, demand",permintaan,JLPT JLPT_2 JLPT_3
用心,ようじん,,"care, precaution, caution",kehati-hatian; peringatan,JLPT JLPT_2 JLPT_3
様子,ようす,,"aspect, state, appearance",aspek; sisi; kondisi; keadaan,JLPT JLPT_2 JLPT_3
要するに,ようするに,,"in a word, after all, in short …",pendek,JLPT JLPT_2 JLPT_3
要素,ようそ,,element,elemen; unsur,JLPT JLPT_2 JLPT_3
要点,ようてん,,"gist, main point",titik; poin,JLPT JLPT_2 JLPT_3
曜日,ようび,,day of the week,minggu,JLPT JLPT_2 JLPT_3
ヨーロッパ,ヨーロッパ,,Europe,Eropa,JLPT JLPT_2 JLPT_3
予期,よき,,"expectation, forecast",ramalan; prakiraan,JLPT JLPT_2 JLPT_3
横切る,よこぎる,,"to cross (e.g., arms), to traverse",menyilangkan; menyeberangi,JLPT JLPT_2 JLPT_3
汚す,よごす,,"to pollute, to make dirty",mencemari; mengotori,JLPT JLPT_2 JLPT_3
予算,よさん,,"estimate, budget",anggaran,JLPT JLPT_2 JLPT_3
止す,よす,,"to cease, to give up",berhenti; menghentikan,JLPT JLPT_2 JLPT_3
寄せる,よせる,,"to collect, to gather, to put aside",mengumpulkan; berkumpul,JLPT JLPT_2 JLPT_3
予測,よそく,,"prediction, estimation",prediksi; perkiraan; perkiraan; estimasi,JLPT JLPT_2 JLPT_3
ヨット,ヨット,,yacht,kapal layar; yacht,JLPT JLPT_2 JLPT_3
夜中,よなか,,"midnight, dead of night",malam,JLPT JLPT_2 JLPT_3
世の中,よのなか,,"society, the world",masyarakat,JLPT Intermediate_Japanese JLPT_3 JLPT_2 Intermediate_Japanese_Ln.14
余分,よぶん,,"extra, excess, surplus",surplus,JLPT JLPT_2 JLPT_3
予報,よほう,,"forecast, prediction",ramalan; prakiraan; prediksi; perkiraan,JLPT JLPT_2 JLPT_3
予防,よぼう,,"prevention, protection against",memeriksa,JLPT JLPT_2 JLPT_3
読み,よみ,,reading,bacaan; pembacaan,JLPT JLPT_2 JLPT_3
嫁,よめ,,"bride, daughter-in-law",pengantin wanita; menantu perempuan,JLPT JLPT_2 JLPT_3
余裕,よゆう,,excess; surplus,surplus,JLPT Intermediate_Japanese JLPT_3 JLPT_2 Intermediate_Japanese_Ln.15
より,より,,"twist, ply",memelintir; memuntir,JLPT JLPT_2 JLPT_3
因る,よる,,to come from,datang,JLPT JLPT_2 JLPT_3
喜び,よろこび,,"joy, pleasure, rejoicing",kesenangan; kenikmatan,JLPT JLPT_2 JLPT_3
よろしく (かん),よろしく (かん),,"best regards, please remember me",mohon; silakan,JLPT JLPT_2 JLPT_3
四,よん,,four,empat,JLPT JLPT_2 JLPT_3
来,らい～,,next ~,berikutnya; selanjutnya,JLPT JLPT_2 JLPT_3
ライター,ライター,,lighter; writer,korek api; penulis,JLPT JLPT_2 JLPT_3
楽,らく,,"comfort, ease",kemudahan; kenyamanan,JLPT JLPT_2 JLPT_3
ラケット,ラケット,,racket,raket (olahraga),JLPT JLPT_2 JLPT_3
利益,りえき,,"profits, gains",keuntungan; laba,JLPT JLPT_2 JLPT_3
理解,りかい,,"understanding, comprehension",pengakuan,JLPT JLPT_2 JLPT_3
陸,りく,,"land, shore",bank,JLPT JLPT_2 JLPT_3
利口,りこう,,"clever, shrewd, bright",cerdas; cerah; terang,JLPT JLPT_2 JLPT_3
離婚,りこん,,divorce,perceraian; cerai,JLPT JLPT_2 JLPT_3
理想,りそう,,ideal,yang terbaik,JLPT JLPT_3 JLPT_2 Genki_Ln.23 Genki
率,りつ,,"rate, ratio, percentage",tingkat; tarif; rasio,JLPT JLPT_2 JLPT_3
留学,りゅうがく,,studying abroad,belajar di luar negeri; kuliah di luar negeri,JLPT JLPT_2 JLPT_3
流行,りゅうこう,,"fashionable, fad, prevailing",modis; tren; sedang populer,JLPT JLPT_2 JLPT_3
量,りょう,,"quantity, amount",jumlah; kuantitas; jumlah,JLPT JLPT_2 JLPT_3
寮,りょう,,"hostel, dormitory",asrama,Genki_Ln.17 JLPT Intermediate_Japanese JLPT_3 JLPT_2 Intermediate_Japanese_Ln.2 Genki
両替,りょうがえ,,"change, money exchange",perubahan,JLPT JLPT_2 JLPT_3
料金,りょうきん,,"fee, charge, fare",biaya; dakwaan; mengisi daya,JLPT Intermediate_Japanese JLPT_3 JLPT_2 Intermediate_Japanese_Ln.10
例,れい,,"instance, example, case",kasus; perkara; kotak,JLPT Intermediate_Japanese JLPT_3 JLPT_2 Intermediate_Japanese_Ln.2
礼,れい,,expression of gratitude; bow,ekspresi; ungkapan,JLPT JLPT_2 JLPT_3
例外,れいがい,,exception,pengecualian,JLPT JLPT_2 JLPT_3
礼儀,れいぎ,,"manners, courtesy, etiquette",sopan santun; etiket,JLPT JLPT_2 JLPT_3
冷静,れいせい,,"calm, coolness",tersusun,JLPT JLPT_2 JLPT_3
列,れつ,,"queue, line, row",garis; baris; jalur,JLPT JLPT_2 JLPT_3
列車,れっしゃ,,train (ordinary),kereta,JLPT JLPT_2 JLPT_3
レベル,レベル,,level,tingkat; level,JLPT Intermediate_Japanese JLPT_3 JLPT_2 Intermediate_Japanese_Ln.5
連想,れんそう,,"association (of ideas), suggestion",asosiasi; perkumpulan,JLPT JLPT_2 JLPT_3
連続,れんぞく,,"consecutive, continuity, continuing",berturut-turut,JLPT JLPT_2 JLPT_3
老人,ろうじん,,"the aged, old person",orang,JLPT JLPT_2 JLPT_3
労働,ろうどう,,"labor, work",pekerjaan; karya,JLPT JLPT_2 JLPT_3
ロケット,ロケット,,"locket, rocket",lokat; roket,JLPT JLPT_2 JLPT_3
論じる,ろんじる,,"to argue, to discuss",mendiskusikan,JLPT JLPT_2 JLPT_3
論争,ろんそう,,"controversy, dispute",sengketa; perselisihan,JLPT JLPT_2 JLPT_3
論文,ろんぶん,,"thesis, paper",kertas,JLPT JLPT_2 JLPT_3
輪,わ,,"ring, hoop, circle",membunyikan; berdering,JLPT JLPT_2 JLPT_3
ワイン,ワイン,,wine,wine; anggur (minuman),JLPT Intermediate_Japanese JLPT_3 JLPT_2 Intermediate_Japanese_Ln.9
わがまま,わがまま,,"selfishness, egoism, willfulness",egois; keras kepala; mau menang sendiri,JLPT JLPT_2 JLPT_3
別れ,わかれ,,"parting, separation, farewell",pemisahan; perpisahan,JLPT JLPT_2 JLPT_3
分かれる,わかれる,,"to branch off, to diverge from",bercabang; menyimpang dari,JLPT JLPT_2 JLPT_3
脇,わき,,side,sisi; samping,JLPT JLPT_2 JLPT_3
湧く,わく,,"to boil, to grow hot",tumbuh,JLPT JLPT_2 JLPT_3
分ける,わける,,"to divide, to separate",membagi; memisahkan,JLPT JLPT_2 JLPT_3
わざと,わざと,,on purpose,tujuan; maksud,JLPT JLPT_2 JLPT_3
僅か,わずか,,"only, merely, a little",kecil,JLPT JLPT_2 JLPT_3
綿,わた,,cotton,kapas; katun,JLPT JLPT_2 JLPT_3
話題,わだい,,"topic, subject",topik; mata pelajaran; topik,JLPT JLPT_2 JLPT_3
笑い,わらい,,"laugh, laughter, smile",senyum,JLPT JLPT_2 JLPT_3
割る,わる,,"to divide, to break",membagi; memecahkan,JLPT JLPT_2 JLPT_3
悪口,わるくち,,"abuse, insult",buruk,JLPT JLPT_2 JLPT_3
我々,われわれ,,we,kami; kita,JLPT JLPT_2 JLPT_3
湾,わん,,"bay, gulf, inlet",teluk; teluk besar,JLPT JLPT_2 JLPT_3
椀,わん,,bowl,pembuluh,JLPT JLPT_2 JLPT_3
碗,わん,,bowl,pembuluh,JLPT JLPT_2 JLPT_3
悪,あく,,"evil, vice",keburukan,JLPT_1 JLPT JLPT_3
当り,あたり,,"hit, success, reaching the mark",keberhasilan,JLPT_1 JLPT JLPT_3
アップ,アップ,,up,atas; ke atas,JLPT_1 JLPT JLPT_3
宛てる,あてる,,"to address, to put",meletakkan,JLPT_1 JLPT JLPT_3
アンケート,アンケート,,"questionnaire (FRE: enquete), survey",observasi,JLPT_1 JLPT JLPT_3
異,い,,objection,keberatan,JLPT_1 JLPT JLPT_3
意,い,,will,akan; kehendak,JLPT_1 JLPT JLPT_3
医院,いいん,,"doctor's office (surgery), clinic",kantor,JLPT_1 JLPT JLPT_3
怒り,いかり,,anger,kemarahan; amarah,JLPT_1 JLPT JLPT_3
粋,いき,,"chic, style, purity",gaya; cara,JLPT_1 JLPT JLPT_3
意地,いじ,,"disposition, spirit, obstinacy, appetite",disposisi; memetik,JLPT_1 JLPT JLPT_3
依然,いぜん,,"still, as yet",seperti yang lama,JLPT_1 JLPT JLPT_3
傷める,いためる,,"to damage, to impair, to spoil",merusak,JLPT_1 JLPT JLPT_3
炒める,いためる,,to stir-fry,menumis; menggoreng cepat,JLPT_1 JLPT JLPT_3
一帯,いったい,,"a region, the whole place",sebuah; suatu; (kata sandang),JLPT_1 JLPT JLPT_3
異動,いどう,,"a change, transfer",mentransfer; memindahkan,JLPT_1 JLPT JLPT_3
衣料,いりょう,,clothing,pakaian,JLPT_1 JLPT JLPT_3
渦,うず,,swirl,pusaran; berputar,JLPT_1 JLPT JLPT_3
埋まる,うまる,,"to be buried, to be filled",ada; menjadi; terisi; dipenuhi,JLPT_1 JLPT JLPT_3
産む,うむ,,"to give birth (v.t.), to deliver, to produce",menghasilkan; memproduksi,JLPT Intermediate_Japanese JLPT_1 JLPT_3 Intermediate_Japanese_Ln.14
縁,えん,,"chance, tie, relationship",hubungan,JLPT_1 JLPT JLPT_3
尾,お,,"tail, ridge",sulit,JLPT_1 JLPT JLPT_3
負う,おう,,"to bear, to owe",ada; menjadi,JLPT_1 JLPT JLPT_3
遅れ,おくれ,,"delay, lag",penundaan; keterlambatan,JLPT Intermediate_Japanese JLPT_1 JLPT_3 Intermediate_Japanese_Ln.14
教え,おしえ,,"teachings, doctrine",penyebab,JLPT_1 JLPT JLPT_3
驚き,おどろき,,"surprise, astonishment, wonder",sesuatu yang tidak terduga; keheranan; keajaiban,JLPT_1 JLPT JLPT_3
織る,おる,,to weave,menenun,JLPT_1 JLPT JLPT_3
欠く,かく,,"to lack, to crack",kurang; kekurangan,JLPT_1 JLPT JLPT_3
角,かく,,angle,sudut,JLPT_1 JLPT JLPT_3
核,かく,,"nucleus, kernel",andalan,JLPT_1 JLPT JLPT_3
格,かく,,"status, character, case",status; karakter; sifat,JLPT_1 JLPT JLPT_3
学歴,がくれき,,academic background,latar belakang akademik,JLPT_1 JLPT JLPT_3
駆ける,かける,,to run,berlari,JLPT_1 JLPT JLPT_3
賭ける,かける,,"to bet, to risk, to gamble",risiko,JLPT_1 JLPT JLPT_3
課題,かだい,,"subject, theme, task",mata pelajaran; topik,JLPT_1 JLPT JLPT_3
片付け,かたづけ,,"tidying up, finishing",merapikan,JLPT_1 JLPT JLPT_3
加味,かみ,,"seasoning, flavoring",bumbu; penyedap rasa,JLPT_1 JLPT JLPT_3
借り,かり,,"borrowing, debt, loan",pinjaman,JLPT_1 JLPT JLPT_3
狩り,かり,,hunting,berburu; perburuan,JLPT_1 JLPT JLPT_3
管,かん,,"pipe, tube",pipa; seruling,JLPT_1 JLPT JLPT_3
～観,かん,,"feeling, view",perasaan; rasa,JLPT_1 JLPT JLPT_3
癌,がん,,cancer,kanker,JLPT_1 JLPT JLPT_3
刊行,かんこう,,"publication, issue",isu; masalah,JLPT_1 JLPT JLPT_3
慣行,かんこう,,"customary practice, habit, traditional event",kebiasaan,JLPT_1 JLPT JLPT_3
歓声,かんせい,,"cheer, shout of joy",sorak-sorai; teriakan gembira,JLPT_1 JLPT JLPT_3
官僚,かんりょう,,"bureaucrat, bureaucracy",birokrasi,JLPT_1 JLPT JLPT_3
器官,きかん,,"organ (of body, instrument)",organ,JLPT_1 JLPT JLPT_3
季刊,きかん,,"quarterly (e.g., magazine)",triwulan; terbitan tiga bulan sekali,JLPT_1 JLPT JLPT_3
起源,きげん,,"origin, beginning, rise",asal; asal usul,JLPT_1 JLPT JLPT_3
機構,きこう,,"mechanism, organization",organisasi,JLPT_1 JLPT JLPT_3
築く,きずく,,"to build, to establish",membangun,JLPT_1 JLPT JLPT_3
規制,きせい,,regulation,peraturan,JLPT_1 JLPT JLPT_3
丘陵,きゅうりょう,,hill,kecil,JLPT_1 JLPT JLPT_3
協議,きょうぎ,,"conference, discussion, negotiation",konferensi; rapat; diskusi; pembahasan; negosiasi,JLPT_1 JLPT JLPT_3
享受,きょうじゅ,,"enjoyment, being given",keberadaan; makhluk,JLPT_1 JLPT JLPT_3
協調,きょうちょう,,"co-operation, conciliation, harmony",harmoni; keselarasan,JLPT_1 JLPT JLPT_3
切り,きり,,"limits, place to leave off",meninggalkan,JLPT_1 JLPT JLPT_3
菌,きん,,"germ, bacterium",kuman; bakteri; bakteri,JLPT_1 JLPT JLPT_3
近視,きんし,,nearsightedness,rabun jauh,JLPT_1 JLPT JLPT_3
苦,く,,"trouble, worry, difficulty",kesulitan,JLPT_1 JLPT JLPT_3
群,ぐん,,group,kelompok,JLPT_1 JLPT JLPT_3
刑,けい,,"penalty, sentence, punishment",denda; hukuman; hukuman,JLPT_1 JLPT JLPT_3
経緯,けいい,,"sequence of events, course",atau laut),JLPT_1 JLPT JLPT_3
計器,けいき,,"meter, gauge",meter; alat ukur; indikator,JLPT_1 JLPT JLPT_3
契機,けいき,,"opportunity, chance",kesempatan; peluang,JLPT_1 JLPT JLPT_3
携帯,けいたい,,carrying something; mobile telephone,membawa,JLPT_1 JLPT JLPT_3
形態,けいたい,,"form, shape, figure",membentuk,JLPT_1 JLPT JLPT_3
血管,けっかん,,blood vessel,darah,JLPT_1 JLPT JLPT_3
決行,けっこう,,"doing (with resolve), carrying out (e.g., a plan)",sebuah; suatu,JLPT_1 JLPT JLPT_3
件,けん,,"matter, case, item",kasus; perkara; kotak,JLPT_1 JLPT JLPT_3
減少,げんしょう,,"decrease, reduction, decline",kemunduran; penurunan,JLPT_1 JLPT JLPT_3
公演,こうえん,,public performance,umum; publik,JLPT_1 JLPT JLPT_3
後悔,こうかい,,"regret, repentance",pertobatan,JLPT_1 JLPT JLPT_3
航海,こうかい,,"sail, voyage",berlayar,JLPT_1 JLPT JLPT_3
拘束,こうそく,,"restriction, restraint",pembatasan,JLPT_1 JLPT JLPT_3
荒廃,こうはい,,ruin,keruntuhan,JLPT_1 JLPT JLPT_3
降伏,こうふく,,"capitulation, surrender, submission",menyerah,JLPT_1 JLPT JLPT_3
興奮,こうふん,,"excitement, stimulation",stimulasi; rangsangan,JLPT_1 JLPT JLPT_3
語句,ごく,,"words, phrases",pidato,JLPT_1 JLPT JLPT_3
個々,ここ,,"individual, one by one",satu per satu,JLPT_1 JLPT JLPT_3
故人,こじん,,the deceased,(kata sandang),JLPT_1 JLPT JLPT_3
小銭,こぜに,,"coins, small change",perubahan,JLPT_1 JLPT JLPT_3
ことによると,ことによると,,(depending on the circumstances),tergantung keadaan; bergantung situasi,JLPT_1 JLPT JLPT_3
コンテスト,コンテスト,,contest,perbandingan,JLPT_1 JLPT JLPT_3
採集,さいしゅう,,"collecting, gathering",memilih; pertemuan,JLPT_1 JLPT JLPT_3
作,さく,,"a work, a harvest",sebuah; suatu,JLPT_1 JLPT JLPT_3
策,さく,,"plan, policy",rencana; kebijakan,JLPT_1 JLPT JLPT_3
設備,せつび,,"equipment, device, facilities",perangkat; alat,JLPT JLPT_2 JLPT_3
絶滅,ぜつめつ,,"destruction, extinction",kepunahan,JLPT JLPT_2 JLPT_3
節約,せつやく,,"economizing, saving",berhemat; menabung,JLPT JLPT_2 JLPT_3
攻める,せめる,,"to attack, to assault",menyerang,JLPT JLPT_2 JLPT_3
責める,せめる,,"to condemn, to blame, to criticize",menyalahkan,JLPT JLPT_2 JLPT_3
善,ぜん,,"good, virtue",baik; bagus,JLPT JLPT_2 JLPT_3
全,ぜん,,"all, whole, entire",semua; seluruh,JLPT JLPT_2 JLPT_3
全員,ぜんいん,,all members,semua; seluruh,JLPT JLPT_2 JLPT_3
専攻,せんこう,,"major subject, special study",spesial,JLPT JLPT_2 JLPT_3
全国,ぜんこく,,"the entire nation, country-wide, nation-wide",(kata sandang),JLPT Intermediate_Japanese JLPT_3 JLPT_2 Intermediate_Japanese_Ln.7
洗剤,せんざい,,detergent,deterjen,JLPT JLPT_2 JLPT_3
先日,せんじつ,,"the other day, a few days ago",(kata sandang); sebuah; suatu,JLPT Intermediate_Japanese JLPT_3 JLPT_2 Intermediate_Japanese_Ln.2
前者,ぜんしゃ,,the former,(kata sandang),JLPT JLPT_2 JLPT_3
選手,せんしゅ,,player selected for a team (usually athletic),tim,JLPT Intermediate_Japanese JLPT_3 JLPT_2 Intermediate_Japanese_Ln.7
全身,ぜんしん,,"the whole body, full-length (portrait)",(kata sandang),JLPT JLPT_2 JLPT_3
前進,ぜんしん,,"advance, drive, progress",kemajuan; progres,JLPT JLPT_2 JLPT_3
センター,センター,,center,pertengahan,JLPT JLPT_2 JLPT_3
全体,ぜんたい,,"whole, entirety, whatever (is the matter)",semua,JLPT JLPT_2 JLPT_3
選択,せんたく,,"selection, choice",pilihan,JLPT JLPT_2 JLPT_3
宣伝,せんでん,,"advertisement, publicity",iklan; publisitas,JLPT JLPT_2 JLPT_3
象,ぞう,,elephant,gajah,JLPT Genki_Ln.13 JLPT_3 JLPT_2 Genki
騒音,そうおん,,noise,kebisingan,JLPT JLPT_2 JLPT_3
増加,ぞうか,,"increase, addition",meningkat,JLPT JLPT_2 JLPT_3
操作,そうさ,,"operation, management, processing",manajemen; pengelolaan,JLPT JLPT_2 JLPT_3
想像,そうぞう,,"imagination, guess",anggapan,JLPT JLPT_2 JLPT_3
相続,そうぞく,,"succession, inheritance",warisan,JLPT JLPT_2 JLPT_3
装置,そうち,,"equipment, installation, apparatus",perangkat,JLPT JLPT_2 JLPT_3
相当,そうとう,,"considerably, fairly; worth ~",secara adil,JLPT JLPT_2 JLPT_3
速度,そくど,,"speed, velocity, rate",kecepatan; tingkat; tarif,JLPT JLPT_2 JLPT_3
底,そこ,,"bottom, sole",unik,JLPT JLPT_2 JLPT_3
そこで,そこで,,"so (conj.), accordingly",jadi; oleh karena itu; maka,JLPT JLPT_2 JLPT_3
組織,そしき,,organization; structure; tissue,organisasi,JLPT JLPT_2 JLPT_3
そして,そして,,and then,dan,JLPT Genki_Ln.11 JLPT_3 JLPT_2 Genki
注ぐ,そそぐ,,to pour (into),menuangkan; deras,JLPT JLPT_2 JLPT_3
育つ,そだつ,,"to be brought up, to grow (up)",tumbuh,JLPT JLPT_2 JLPT_3
そっくり,そっくり,,the splitting image of; entirely,(kata sandang),JLPT JLPT_2 JLPT_3
そっと,そっと,,"softly, gently",dengan lembut; pelan-pelan,JLPT JLPT_2 JLPT_3
袖,そで,,sleeve,lengan baju,JLPT JLPT_2 JLPT_3
備える,そなえる,,"to prepare, to furnish, to store",mempersiapkan,JLPT JLPT_2 JLPT_3
具える,そなえる,,to be furnished with,ada; menjadi,JLPT JLPT_2 JLPT_3
そのうえ,そのうえ,,"in addition, furthermore",selain itu; lebih lanjut; selain itu,JLPT JLPT_2 JLPT_3
そのうち,そのうち,,"before long, eventually, sooner or later",sebelum; cepat atau lambat,JLPT Intermediate_Japanese JLPT_3 JLPT_2 Intermediate_Japanese_Ln.1
そのまま,そのまま,,"without change, as it is (e.g., now)",tanpa perubahan; apa adanya,JLPT JLPT_2 JLPT_3
蕎麦,そば,,soba (buckwheat noodles),soba; mi soba,JLPT JLPT_2 JLPT_3
ソファー,ソファー,,"sofa, couch",sofa; kursi santai,JLPT Intermediate_Japanese JLPT_3 JLPT_2 Intermediate_Japanese_Ln.12
粗末,そまつ,,"humble, miserable, crude",rendah hati,JLPT JLPT_2 JLPT_3
それぞれ,それぞれ,,"each, every, respectively",setiap,JLPT JLPT_2 JLPT_3
それでも,それでも,,"but (still), and yet, nevertheless",dan,JLPT JLPT_2 JLPT_3
それと,それと,,and,dan,JLPT JLPT_2 JLPT_3
それとも,それとも,,"or, or else",atau,JLPT JLPT_2 JLPT_3
揃う,そろう,,"to become complete, to be equal",ada; menjadi,JLPT JLPT_2 JLPT_3
揃える,そろえる,,"to put things in order, to arrange",mengatur,JLPT JLPT_2 JLPT_3
損,そん,,"loss, disadvantage",kerugian,JLPT JLPT_2 JLPT_3
損害,そんがい,,"damage, loss",kerugian,JLPT JLPT_2 JLPT_3
尊敬,そんけい,,"respect, reverence, honor",kehormatan,JLPT JLPT_2 JLPT_3
存在,そんざい,,"existence, being",keberadaan; makhluk,JLPT JLPT_2 JLPT_3
尊重,そんちょう,,"respect, esteem, regard",rasa hormat; penghargaan,JLPT JLPT_2 JLPT_3
田,た,,rice field,bidang,JLPT JLPT_2 JLPT_3
他,た,,other (esp. places and things),lain-lain (terutama tempat dan benda),JLPT JLPT_2 JLPT_3
対,たい,,"pair, couple, set",pasangan; sepasang,JLPT JLPT_2 JLPT_3
大,だい,,"big, great",besar; sangat baik,JLPT JLPT_2 JLPT_3
題,だい,,"title, subject, theme",mata pelajaran; topik,JLPT JLPT_2 JLPT_3
体育,たいいく,,"physical education, gymnastics, athletics",fisik,JLPT JLPT_2 JLPT_3
体温,たいおん,,temperature (body),suhu,JLPT JLPT_2 JLPT_3
大会,たいかい,,"convention, (big) tournament, mass meeting",tradisi,JLPT Intermediate_Japanese JLPT_3 JLPT_2 Intermediate_Japanese_Ln.7
大気,たいき,,atmosphere,udara,JLPT JLPT_2 JLPT_3
代金,だいきん,,"price, cost",harga; biaya,JLPT JLPT_2 JLPT_3
退屈,たいくつ,,"tedium, boring",membosankan,JLPT JLPT_2 JLPT_3
滞在,たいざい,,"stay, sojourn",tinggal; menginap; persinggahan,JLPT JLPT_2 JLPT_3
大使,たいし,,ambassador,duta besar,JLPT JLPT_2 JLPT_3
大した,たいした,,"significant, great, considerable",sangat baik,JLPT Intermediate_Japanese JLPT_3 JLPT_2 Intermediate_Japanese_Ln.13
体重,たいじゅう,,(body) weight,berat,JLPT Intermediate_Japanese JLPT_3 JLPT_2 Intermediate_Japanese_Ln.4
対象,たいしょう,,"target; object (of worship, study, etc.); subject (i.e., of taxation)",target; sasaran,JLPT Intermediate_Japanese JLPT_3 JLPT_2 Intermediate_Japanese_Ln.8
対照,たいしょう,,"contrast, antithesis, comparison",perbandingan,JLPT JLPT_2 JLPT_3
大臣,だいじん,,cabinet minister,kabinet,JLPT JLPT_2 JLPT_3
対する,たいする,,"to face, to confront, to oppose",wajah; menghadapi,JLPT JLPT_2 JLPT_3
大戦,たいせん,,"great war, great battle",sangat baik,JLPT JLPT_2 JLPT_3
態度,たいど,,"attitude, manner",sikap,JLPT Intermediate_Japanese JLPT_3 JLPT_2 Intermediate_Japanese_Ln.3
大統領,だいとうりょう,,president,presiden; direktur utama,JLPT JLPT_2 JLPT_3
大半,たいはん,,"most of, majority, mostly",sebagian besar,JLPT Intermediate_Japanese JLPT_3 JLPT_2 Intermediate_Japanese_Ln.13
代表,だいひょう,,"representative, delegation",perwakilan; delegasi,JLPT Intermediate_Japanese JLPT_3 JLPT_2 Intermediate_Japanese_Ln.7
大部分,だいぶぶん,,"most part, majority",baik; orang dewasa,JLPT JLPT_2 JLPT_3
タイプライター,タイプライター,,typewriter,"keyboard (piano, mesin tik, dll.)",JLPT JLPT_2 JLPT_3
逮捕,たいほ,,"arrest, apprehension, capture",menangkap,JLPT JLPT_2 JLPT_3
題名,だいめい,,title,mata pelajaran,JLPT JLPT_2 JLPT_3
ダイヤ,ダイヤ,,(railway) schedule; diamond,jadwal kereta; jadwal berlian,JLPT JLPT_2 JLPT_3
太陽,たいよう,,sun,matahari,JLPT JLPT_2 JLPT_3
平ら,たいら,,"flatness, level, smooth",tingkat; level; halus,JLPT JLPT_2 JLPT_3
代理,だいり,,"representation, proxy, deputy",menggantikan,JLPT JLPT_2 JLPT_3
大陸,たいりく,,continent,benua,JLPT Intermediate_Japanese JLPT_3 JLPT_2 Intermediate_Japanese_Ln.8
倒す,たおす,,"to throw down, to beat",mengalahkan; memukul,JLPT JLPT_2 JLPT_3
タオル,タオル,,(hand) towel,handuk tangan,JLPT Genki_Ln.18 JLPT_3 JLPT_2 Genki
だが,だが,,"but, however",namun; bagaimanapun,JLPT JLPT_2 JLPT_3
互い,たがい,,"mutual, each other",saling; timbal balik,JLPT JLPT_2 JLPT_3
高める,たかめる,,"to raise, to lift, to boost",mengangkat,JLPT JLPT_2 JLPT_3
宝,たから,,treasure,harta; harta karun,JLPT JLPT_2 JLPT_3
宅,たく,,"house, home",rumah,JLPT JLPT_2 JLPT_3
炊く,たく,,"to boil, to cook",memasak,JLPT JLPT_2 JLPT_3
焚く,たく,,"to burn, to kindle, to build a fire",membakar; membangun,JLPT JLPT_2 JLPT_3
抱く,だく,,"to embrace, to hug",memegang,JLPT JLPT_2 JLPT_3
だけど,だけど,,however,namun; bagaimanapun,JLPT JLPT_2 JLPT_3
たしか,たしか,,"certain, sure, if I remember correctly",jika; apabila,JLPT JLPT_2 JLPT_3
確かめる,たしかめる,,"to ascertain, to make sure",memastikan,JLPT JLPT_2 JLPT_3
多少,たしょう,,a little (same as 少し (すこし)),kecil,JLPT Intermediate_Japanese JLPT_3 JLPT_2 Intermediate_Japanese_Ln.13
助かる,たすかる,,to be saved; (something) helps (v.i.),ada; menjadi,JLPT Intermediate_Japanese Genki_Ln.18 JLPT_3 JLPT_2 Intermediate_Japanese_Ln.4 Genki
助ける,たすける,,"to help (v.t.), to save, to rescue",menabung; menyelamatkan,JLPT Intermediate_Japanese JLPT_3 JLPT_2 Genki Genki_Ln.22 Intermediate_Japanese_Ln.3
ただ,ただ,,free of charge; just (~); only (~),baru saja; tepat; hanya,JLPT Intermediate_Japanese JLPT_3 JLPT_2 Intermediate_Japanese_Ln.9 Genki_Ln.23 Genki
只,ただ,,"free of charge, mere, only",sederhana; kecil,JLPT JLPT_2 JLPT_3
唯,ただ,,"mere, sole, plain",sederhana; unik; mudah,JLPT JLPT_2 JLPT_3
戦い,たたかい,,"battle, fight",perang; pertempuran,JLPT JLPT_2 JLPT_3
戦う,たたかう,,"to fight, to compete, to battle",bertarung; berkompetisi,JLPT Intermediate_Japanese JLPT_3 JLPT_2 Intermediate_Japanese_Ln.7
叩く,たたく,,"to strike, to beat",mengalahkan; memukul,JLPT JLPT_2 JLPT_3
直ちに,ただちに,,"at once, immediately",segera; langsung,JLPT JLPT_2 JLPT_3
畳む,たたむ,,to fold (clothes),melipat,JLPT JLPT_2 JLPT_3
立ち上がる,たちあがる,,to stand up,berdiri; membela,JLPT JLPT_2 JLPT_3
立場,たちば,,"standpoint, position, situation",posisi; kedudukan; situasi; keadaan,JLPT JLPT_2 JLPT_3
建つ,たつ,,"to stand; to be built (v.i.), to erect, to be erected",berdiri,JLPT Intermediate_Japanese JLPT_3 JLPT_2 Intermediate_Japanese_Ln.10
経つ,たつ,,(time) passes,waktu berlalu; berlalunya waktu,JLPT Intermediate_Japanese JLPT_3 JLPT_2 Intermediate_Japanese_Ln.4
達する,たっする,,"to reach, to get to",mendapatkan; menjadi,JLPT JLPT_2 JLPT_3
唯,たった,,"only, just",kecil; hak,JLPT JLPT_2 JLPT_3
だって,だって,,"but, because, even",kemampuan),JLPT JLPT_2 JLPT_3
たっぷり,たっぷり,,"full, in plenty, ample",penuh,JLPT JLPT_2 JLPT_3
たとえ,たとえ,,"even if, no matter, though",itu; namun,JLPT JLPT_2 JLPT_3
谷,たに,,valley,aliran gunung,JLPT JLPT_2 JLPT_3
他人,たにん,,"unrelated person, stranger",orang asing; bukan saudara,JLPT JLPT_2 JLPT_3
種,たね,,seed; material; cause,material; bahan; penyebab,JLPT JLPT_2 JLPT_3
束,たば,,"bunch, bundle",seikat; setumpuk; sekelompok,JLPT JLPT_2 JLPT_3
足袋,たび,,Japanese socks (with split toe),Jepang,JLPT JLPT_2 JLPT_3
度,たび,,counter for occurrences,penghitung untuk kejadian,JLPT JLPT_2 JLPT_3
旅,たび,,"travel, trip, journey",perjalanan,JLPT JLPT_2 JLPT_3
たびたび,たびたび,,"often, repeatedly, frequently",sering,JLPT JLPT_2 JLPT_3
玉,たま,,"ball, sphere, coin",bidang,JLPT JLPT_2 JLPT_3
球,たま,,"globe, sphere, ball",bidang,JLPT JLPT_2 JLPT_3
弾,たま,,"bullet, shot",peluru; tembakan,JLPT JLPT_2 JLPT_3
偶,たま,,"even number, couple, friend",teman; sahabat,JLPT JLPT_2 JLPT_3
騙す,だます,,"to trick, to cheat, to deceive",menipu,JLPT JLPT_2 JLPT_3
偶々,たまたま,,"unexpectedly, accidentally, by chance",tak terduga,JLPT JLPT_2 JLPT_3
たまらない,たまらない,,"intolerable, unbearable, unendurable",tidak tertahankan; tidak tahan,JLPT JLPT_2 JLPT_3
溜まる,たまる,,"to collect, to gather, to accumulate",mengumpulkan; berkumpul,JLPT JLPT_2 JLPT_3
黙る,だまる,,to be silent,ada; menjadi,JLPT JLPT_2 JLPT_3
試し,ためし,,"trial, test",percobaan; tes; ujian,JLPT JLPT_2 JLPT_3
試す,ためす,,"to attempt, to test",percobaan; tes; ujian,JLPT JLPT_2 JLPT_3
溜める,ためる,,"to accumulate, to collect",mengumpulkan,JLPT JLPT_2 JLPT_3
便り,たより,,"news, correspondence, letter",komunikasi; karakter,JLPT JLPT_2 JLPT_3
頼る,たよる,,"to rely on, to have recourse to, to depend on",bergantung,JLPT JLPT_2 JLPT_3
段,だん,,"step, stair, grade",langkah; tahap,JLPT JLPT_2 JLPT_3
単位,たんい,,"credit (for a course in school); unit, denomination",kredit,JLPT Intermediate_Japanese JLPT_3 JLPT_2 Intermediate_Japanese_Ln.3
単語,たんご,,word; vocabulary,kosakata,JLPT JLPT_3 JLPT_2 Genki_Ln.9 Genki
男子,だんし,,young man,muda,JLPT JLPT_2 JLPT_3
単純,たんじゅん,,simplicity,kesederhanaan,JLPT JLPT_2 JLPT_3
誕生,たんじょう,,birth,kelahiran,JLPT JLPT_2 JLPT_3
ダンス,ダンス,,dance,tarian; menari,JLPT JLPT_2 JLPT_3
団体,だんたい,,"organization, association",organisasi; asosiasi; perkumpulan,JLPT JLPT_2 JLPT_3
担当,たんとう,,(in) charge,biaya; dakwaan; mengisi daya,JLPT JLPT_2 JLPT_3
単なる,たんなる,,"mere, simple, sheer",sederhana,JLPT Intermediate_Japanese JLPT_3 JLPT_2 Intermediate_Japanese_Ln.15
単に,たんに,,"simply, merely",kecil,JLPT JLPT_2 JLPT_3
地,ち,,earth,bumi; tanah,JLPT JLPT_2 JLPT_3
地位,ちい,,"(social) position, status",status,JLPT JLPT_2 JLPT_3
地域,ちいき,,"area, region",area; wilayah; wilayah; daerah,JLPT JLPT_2 JLPT_3
チーズ,チーズ,,cheese,keju,JLPT Intermediate_Japanese JLPT_3 JLPT_2 Intermediate_Japanese_Ln.9
チーム,チーム,,team,tim,JLPT Intermediate_Japanese JLPT_3 JLPT_2 Intermediate_Japanese_Ln.7
知恵,ちえ,,"wisdom, wit, intelligence",kebijaksanaan; kecerdasan,JLPT JLPT_2 JLPT_3
地下,ちか,,"basement, underground",ruang bawah tanah; lantai bawah,JLPT JLPT_2 JLPT_3
違い,ちがい,,"difference, discrepancy",perbedaan,Genki_Ln.17 JLPT JLPT_3 JLPT_2 Genki
違いない,ちがいない,,"(phrase) sure, no mistaking it, for certain",pasti; tidak salah lagi,JLPT JLPT_2 JLPT_3
近頃,ちかごろ,,"lately, recently, nowadays",baru-baru ini,JLPT JLPT_2 JLPT_3
地球,ちきゅう,,the earth,bumi; tanah,JLPT JLPT_2 JLPT_3
地区,ちく,,"district, section",distrik; kecamatan,JLPT JLPT_2 JLPT_3
遅刻,ちこく,,"lateness, late coming",keterlambatan; datang terlambat,JLPT JLPT_2 JLPT_3
知事,ちじ,,prefectural governor,prefektural; tingkat prefektur,JLPT Intermediate_Japanese JLPT_3 JLPT_2 Intermediate_Japanese_Ln.4
知識,ちしき,,"knowledge, information",pengetahuan; informasi,JLPT Intermediate_Japanese JLPT_3 JLPT_2 Intermediate_Japanese_Ln.1
父親,ちちおや,,father,ayah,JLPT JLPT_2 JLPT_3
知能,ちのう,,"intelligence, brains",kecerdasan,JLPT JLPT_2 JLPT_3
地平線,ちへいせん,,horizon,cakrawala; horizon,JLPT JLPT_2 JLPT_3
地方,ちほう,,"area, locality, region",area; wilayah; wilayah; daerah,JLPT JLPT_2 JLPT_3
茶,ちゃ,,tea,teh,JLPT JLPT_2 JLPT_3
チャンス,チャンス,,"chance, opportunity",kesempatan; peluang,JLPT JLPT_2 JLPT_3
ちゃんと,ちゃんと,,"perfectly, properly, exactly",tepat; persis,JLPT JLPT_2 JLPT_3
中,ちゅう,,"inside, middle, among",pertengahan; tengah,JLPT JLPT_2 JLPT_3
注,ちゅう,,"annotation, explanatory note",anotasi; catatan penjelasan,JLPT JLPT_2 JLPT_3
中央,ちゅうおう,,"central, center, middle",pertengahan; tengah,JLPT JLPT_2 JLPT_3
中学,ちゅうがく,,"middle school, junior high school",sekolah,JLPT Intermediate_Japanese JLPT_3 JLPT_2 Intermediate_Japanese_Ln.1
中古,ちゅうこ,,"used, second-hand",bekas; barang bekas,JLPT JLPT_2 JLPT_3
中止,ちゅうし,,"suspension, stoppage, discontinuance",penangguhan; memblokir,JLPT JLPT_2 JLPT_3
駐車,ちゅうしゃ,,"parking (e.g., car)",parkir (misalnya mobil),JLPT JLPT_2 JLPT_3
昼食,ちゅうしょく,,lunch (same as 昼ご飯 (ひるごはん)),makan siang,JLPT Intermediate_Japanese JLPT_3 JLPT_2 Intermediate_Japanese_Ln.6
中心,ちゅうしん,,"center, core",pertengahan; hati,JLPT Intermediate_Japanese JLPT_3 JLPT_2 Intermediate_Japanese_Ln.10
注目,ちゅうもく,,"notice, attention, observation",observasi; pengamatan,JLPT JLPT_2 JLPT_3
注文,ちゅうもん,,"order, request",urutan; pesanan; memesan,JLPT JLPT_2 JLPT_3
長期,ちょうき,,long time period,periode; masa,JLPT JLPT_2 JLPT_3
調査,ちょうさ,,survey; investigation,observasi,JLPT Intermediate_Japanese JLPT_3 JLPT_2 Intermediate_Japanese_Ln.5
調子,ちょうし,,"condition, state, tune, tone",kondisi; syarat; kondisi; keadaan,JLPT Intermediate_Japanese JLPT_3 JLPT_2 Intermediate_Japanese_Ln.5
頂上,ちょうじょう,,"top, summit, peak",puncak; teratas,JLPT JLPT_2 JLPT_3
ちょうだい,ちょうだい,,-- colloquial form of ください; typically used by children or women --,biasanya; secara tipikal,JLPT Intermediate_Japanese JLPT_3 JLPT_2 Intermediate_Japanese_Ln.11
貯金,ちょきん,,(bank) savings,tabungan bank,JLPT JLPT_2 JLPT_3
直接,ちょくせつ,,"direct, immediate, firsthand",lurus,JLPT JLPT_2 JLPT_3
著者,ちょしゃ,,"author, writer",gaya,JLPT JLPT_2 JLPT_3
散らす,ちらす,,"to scatter, to disperse, to distribute",mendistribusikan,JLPT JLPT_2 JLPT_3
散る,ちる,,"to fall, to scatter (e.g., blossoms)",jatuh,JLPT JLPT_2 JLPT_3
遂に,ついに,,"finally, at last",akhirnya,JLPT JLPT_2 JLPT_3
通過,つうか,,"passage through, passing",lewat; melewati,JLPT JLPT_2 JLPT_3
通貨,つうか,,currency,uang,JLPT JLPT_2 JLPT_3
通学,つうがく,,commuting to school,sekolah,JLPT JLPT_2 JLPT_3
通勤,つうきん,,commuting to work,bekerja,JLPT JLPT_2 JLPT_3
通行,つうこう,,"passage, passing",lewat; melewati,JLPT JLPT_2 JLPT_3
通じる,つうじる,,"to run to, to lead to, to communicate",berkomunikasi,JLPT JLPT_2 JLPT_3
通信,つうしん,,"correspondence, communications",korespondensi; komunikasi,JLPT JLPT_2 JLPT_3
通訳,つうやく,,interpretation; interpreter,penjelasan,JLPT Intermediate_Japanese JLPT_3 JLPT_2 Intermediate_Japanese_Ln.8
捕まる,つかまる,,to be arrested; to be caught,ada; menjadi,JLPT JLPT_3 JLPT_2 Genki Genki_Ln.21
掴む,つかむ,,"to seize, to catch, to grasp",menangkap,JLPT JLPT_2 JLPT_3
疲れ,つかれ,,"tiredness, fatigue",kelelahan; rasa lelah,JLPT JLPT_2 JLPT_3
付き合い,つきあい,,socialization; friendship; association,asosiasi; perkumpulan,JLPT Intermediate_Japanese JLPT_3 JLPT_2 Intermediate_Japanese_Ln.5
付合う,つきあう,,"to associate with, to keep company with, to get on with",menjaga,JLPT JLPT_2 JLPT_3
次々,つぎつぎ,,"in succession, one by one",dalam; di; satu per satu,JLPT JLPT_2 JLPT_3
付く,つく,,"to adjoin, to be attached, to adhere",ada; menjadi,JLPT JLPT_2 JLPT_3
就く,つく,,"to settle in (place), to take (seat position), to study (under teacher)",menyelesaikan; menetap,JLPT JLPT_2 JLPT_3
突く,つく,,"to thrust, to strike; to poke",menyerang; memukul,JLPT JLPT_2 JLPT_3
次ぐ,つぐ,,"to rank next to, to come after",memberi peringkat; peringkat,JLPT JLPT_2 JLPT_3
注ぐ,つぐ,,to pour (into),menuangkan; deras,JLPT JLPT_2 JLPT_3
付ける,つける,,"to attach, to join, to add",melampirkan; bergabung; menambahkan,JLPT JLPT_2 JLPT_3
着ける,つける,,"to put on, to wear; to draw up",memakai,JLPT JLPT_2 JLPT_3
伝わる,つたわる,,"to be handed down, to be transmitted",ada; menjadi,JLPT JLPT_2 JLPT_3
土,つち,,"earth, soil",bumi; tanah,JLPT JLPT_2 JLPT_3
続き,つづき,,"sequel, continuation",sekuel; lanjutan,JLPT JLPT_2 JLPT_3
包み,つつみ,,"bundle, package",bundel; paket,JLPT JLPT_2 JLPT_3
勤め,つとめ,,"work, employment",pekerjaan; karya,JLPT JLPT_2 JLPT_3
務め,つとめ,,duty,kewajiban,JLPT JLPT_2 JLPT_3
繋がる,つながる,,"to be connected to, to be related to",terhubung; berkaitan,JLPT JLPT_2 JLPT_3
繋ぐ,つなぐ,,"to tie, to fasten, to connect",menghubungkan,JLPT JLPT_2 JLPT_3
繋げる,つなげる,,to connect,menghubungkan,JLPT JLPT_2 JLPT_3
常に,つねに,,always (same as いつも) (written expression),selalu,JLPT Intermediate_Japanese JLPT_3 JLPT_2 Intermediate_Japanese_Ln.11
翼,つばさ,,wings,sayap-sayap,JLPT JLPT_2 JLPT_3
つまり,つまり,,namely; in other words; in short,dengan kata lain,JLPT Intermediate_Japanese JLPT_3 JLPT_2 Intermediate_Japanese_Ln.2
罪,つみ,,"crime, fault, indiscretion",kekurangan,JLPT JLPT_2 JLPT_3
積む,つむ,,"to pile up, to stack",menumpuk; menumpuk; menyusun,JLPT JLPT_2 JLPT_3
詰める,つめる,,"to pack, to shorten, to work out (details)",bekerja,JLPT JLPT_2 JLPT_3
積もる,つもる,,to pile up,menumpuk,JLPT JLPT_2 JLPT_3
梅雨,つゆ,,rainy season,membumbui,JLPT JLPT_2 JLPT_3
辛い,つらい,,"painful, heart-breaking",sedih,JLPT JLPT_2 JLPT_3
釣,つり,,fishing,perikanan,JLPT JLPT_2 JLPT_3
連れ,つれ,,"companion, company",perusahaan,JLPT JLPT_2 JLPT_3
出,で,,"outflow, coming (going) out, graduate (of)",arus keluar; lulusan; keluaran,JLPT JLPT_2 JLPT_3
出会い,であい,,"meeting, rendezvous, encounter",pertemuan; rapat,JLPT JLPT_2 JLPT_3
出合い,であい,,an encounter,sebuah; suatu,JLPT JLPT_2 JLPT_3
出会う,であう,,"to meet by chance, to come across, to happen to encounter",bertemu,JLPT JLPT_2 JLPT_3
提案,ていあん,,"proposal, proposition, suggestion",usulan; gerakan,JLPT JLPT_2 JLPT_3
定期,ていき,,fixed term,tetap; ditetapkan,JLPT JLPT_2 JLPT_3
抵抗,ていこう,,"resistance, opposition",perlawanan; resistensi,JLPT JLPT_2 JLPT_3
提出,ていしゅつ,,"presentation, submission, filing",ekspresi; menyerah,JLPT JLPT_2 JLPT_3
停電,ていでん,,failure of electricity,kegagalan,JLPT JLPT_2 JLPT_3
程度,ていど,,"degree, amount, level",gelar; derajat; tingkat; jumlah; tingkat; level,JLPT JLPT_2 JLPT_3
停留所,ていりゅうじょ,,bus or tram stop,halte bus; halte trem,JLPT JLPT_2 JLPT_3
デート,デート,,date (in the sense of 'social engagement' only),tanggal; kencan,JLPT Intermediate_Japanese JLPT_3 JLPT_2 Intermediate_Japanese_Ln.5 Genki_Ln.3 Genki
敵,てき,,"enemy, rival",musuh; saingan; rival,JLPT JLPT_2 JLPT_3
出来事,できごと,,"incident happening, event",insiden,JLPT JLPT_2 JLPT_3
適する,てきする,,"to fit, to suit",seragam,JLPT JLPT_2 JLPT_3
適切,てきせつ,,"appropriate, adequate, relevance",relevansi,JLPT JLPT_2 JLPT_3
適度,てきど,,moderate,sedang; moderat,JLPT JLPT_2 JLPT_3
適用,てきよう,,applying,melamar; mendaftar; menerapkan,JLPT JLPT_2 JLPT_3
できれば,できれば,,if possible…,jika; apabila,JLPT JLPT_2 JLPT_3
手品,てじな,,"conjuring trick, magic",sulap; trik sihir,JLPT JLPT_2 JLPT_3
ですから,ですから,,therefore,oleh karena itu,JLPT JLPT_2 JLPT_3
鉄,てつ,,iron,besi; menyetrika,JLPT JLPT_2 JLPT_3
哲学,てつがく,,philosophy,filsafat; filosofi,JLPT JLPT_2 JLPT_3
手伝い,てつだい,,"help, helper, assistant",membantu,JLPT JLPT_2 JLPT_3
徹底,てってい,,"thoroughness, completeness",kesempurnaan; kelengkapan,JLPT JLPT_2 JLPT_3
鉄道,てつどう,,railway; railroad,kereta api; rel kereta,JLPT Intermediate_Japanese JLPT_3 JLPT_2 Intermediate_Japanese_Ln.10
徹夜,てつや,,"staying up all night, sleepless night",malam,JLPT Intermediate_Japanese JLPT_3 JLPT_2 Intermediate_Japanese_Ln.7
手間,てま,,"time, labor",waktu,JLPT JLPT_2 JLPT_3
デモ,デモ,,"demo, demonstration",pameran,JLPT JLPT_2 JLPT_3
典型,てんけい,,"type, pattern, archetypal",jenis; tipe; pola,JLPT JLPT_2 JLPT_3
天候,てんこう,,weather,tampilan langit,JLPT JLPT_2 JLPT_3
電子,でんし,,electron; electronic,elektron,JLPT JLPT_2 JLPT_3
テント,テント,,tent,tenda,JLPT JLPT_2 JLPT_3
伝統,でんとう,,"tradition, convention",tradisi,JLPT JLPT_2 JLPT_3
天然,てんねん,,"nature, spontaneity",alam,JLPT JLPT_2 JLPT_3
問い,とい,,"question, query",pertanyaan,JLPT JLPT_2 JLPT_3
党,とう,,party (political),partai politik,JLPT JLPT_2 JLPT_3
塔,とう,,"tower, pagoda",menara; pagoda,JLPT JLPT_2 JLPT_3
答案,とうあん,,"examination paper, examination script",ujian,JLPT JLPT_2 JLPT_3
同一,どういつ,,"identity, sameness, similarity",kemiripan,JLPT JLPT_2 JLPT_3
銅貨,どうか,,copper coin,uang tembaga; koin tembaga,JLPT JLPT_2 JLPT_3
当時,とうじ,,"at that time, in those days (same as そのころ)",di; pada; dalam; di,JLPT Intermediate_Japanese JLPT_3 JLPT_2 Intermediate_Japanese_Ln.13
動詞,どうし,,verb,kata kerja,JLPT JLPT_2 JLPT_3
同時,どうじ,,"simultaneous(ly), same time",sama,JLPT JLPT_2 JLPT_3
どうしても,どうしても,,"at any cost, no matter what, no matter how hard one tries",keras; sulit,JLPT Intermediate_Japanese JLPT_3 JLPT_2 Intermediate_Japanese_Ln.11
どうぞよろしく,どうぞよろしく,,pleased to meet you,bertemu,JLPT JLPT_2 JLPT_3
到着,とうちゃく,,arrival,penampilan,JLPT JLPT_2 JLPT_3
道徳,どうとく,,morals,moral; akhlak,JLPT JLPT_2 JLPT_3
投票,とうひょう,,"voting, poll",pemungutan suara; polling,JLPT JLPT_2 JLPT_3
東洋,とうよう,,Orient,Timur (Asia),JLPT JLPT_2 JLPT_3
同様,どうよう,,"identical, same (kind), like",sama,JLPT JLPT_2 JLPT_3
童謡,どうよう,,"children's song, nursery rhyme",lagu anak-anak; nyanyian anak,JLPT JLPT_2 JLPT_3
同僚,どうりょう,,colleague; co-worker,rekan kerja; kolega,JLPT Intermediate_Japanese JLPT_3 JLPT_2 Intermediate_Japanese_Ln.6 Genki Genki_Ln.21
道路,どうろ,,road,jalan,JLPT JLPT_2 JLPT_3
通す,とおす,,"to let pass, to overlook, to continue",melanjutkan,JLPT JLPT_2 JLPT_3
通り過ぎる,とおりすぎる,,"to pass, to pass through",lulus; lewat,JLPT JLPT_2 JLPT_3
都会,とかい,,city,kota,JLPT JLPT_2 JLPT_3
溶く,とく,,to dissolve (paint),melarutkan (cat),JLPT JLPT_2 JLPT_3
解く,とく,,"to unfasten; answer, solve",memecahkan,JLPT JLPT_2 JLPT_3
退く,どく,,"to retreat, to recede, to withdraw",mundur; berundur; menarik kembali; mundur,JLPT JLPT_2 JLPT_3
毒,どく,,"poison, toxicant",racun,JLPT JLPT_2 JLPT_3
得意,とくい,,"pride, triumph, prosperity",kemakmuran; kejayaan,JLPT JLPT_2 JLPT_3
読書,どくしょ,,reading,bacaan; pembacaan,JLPT JLPT_2 JLPT_3
独身,どくしん,,"single, unmarried",sederhana; sendiri,JLPT Intermediate_Japanese JLPT_3 JLPT_2 Intermediate_Japanese_Ln.14
特徴,とくちょう,,characteristic(s); feature(s); trait(s),karakteristik; ciri khas; sifat,JLPT Intermediate_Japanese JLPT_3 JLPT_2 Intermediate_Japanese_Ln.10
特長,とくちょう,,"forte, merit",kuat,JLPT JLPT_2 JLPT_3
独特,どくとく,,"peculiarity, uniqueness, characteristic",karakteristik; ciri,JLPT JLPT_2 JLPT_3
独立,どくりつ,,"independence (e.g., Ind. Day), self-support",kemerdekaan; kemandirian,JLPT JLPT_2 JLPT_3
溶ける,とける,,"to melt, to thaw, to dissolve",ada,JLPT JLPT_2 JLPT_3
解ける,とける,,"to come untied, to come apart",terurai; lepas; terpisah,JLPT JLPT_2 JLPT_3
どこか,どこか,,"somewhere, anywhere",di suatu tempat,JLPT JLPT_2 JLPT_3
ところが,ところが,,"however, while, even if",namun; bagaimanapun,JLPT JLPT_2 JLPT_3
ところで,ところで,,by the way; even if,oleh; dengan; dekat,JLPT Intermediate_Japanese JLPT_3 JLPT_2 Intermediate_Japanese_Ln.1
登山,とざん,,mountain-climbing,mendaki gunung; panjat gunung,JLPT JLPT_2 JLPT_3
都市,とし,,"town, city, urban",kota,JLPT JLPT_2 JLPT_3
年月,としつき,,months and years,berbulan-bulan dan bertahun-tahun; waktu yang lama,JLPT JLPT_2 JLPT_3
図書,としょ,,books,buku-buku,JLPT JLPT_2 JLPT_3
年寄,としより,,"old people, the aged",(kata sandang),JLPT JLPT_2 JLPT_3
閉じる,とじる,,"to close (e.g., book, eyes), to shut",buku,JLPT JLPT_2 JLPT_3
途端,とたん,,"just (now, at the moment, etc.)",di; pada,JLPT JLPT_2 JLPT_3
土地,とち,,"plot of land, lot, soil",bumi,JLPT JLPT_2 JLPT_3
突然,とつぜん,,"abruptly, suddenly, unexpectedly",tiba-tiba; tak terduga,JLPT JLPT_2 JLPT_3
トップ,トップ,,top,puncak; teratas,JLPT JLPT_2 JLPT_3
届く,とどく,,to reach,mencapai,JLPT JLPT_2 JLPT_3
とにかく,とにかく,,"anyhow, at any rate, anyway",bagaimanapun juga,JLPT JLPT_3 JLPT_2 Genki Genki_Ln.21
飛ばす,とばす,,"to skip over, to omit",menghilangkan; menghapus,JLPT JLPT_2 JLPT_3
飛び出す,とびだす,,"to jump out, to rush out, to fly out",melompat,JLPT JLPT_2 JLPT_3
留める,とめる,,"to fasten, to turn off, to detain",mengencangkan; mengaitkan,JLPT JLPT_2 JLPT_3
泊める,とめる,,to have someone stay (over night) (v.t.),menginap; menyuruh menginap,JLPT Intermediate_Japanese JLPT_3 JLPT_2 Intermediate_Japanese_Ln.1
友,とも,,"friend, companion, pal",teman; sahabat,JLPT JLPT_2 JLPT_3
共に,ともに,,"sharing with, participate in",berpartisipasi,JLPT JLPT_2 JLPT_3
虎,とら,,tiger,harimau; macan,JLPT JLPT_2 JLPT_3
ドライブ,ドライブ,,"drive, driving",mengemudi; dalam,JLPT Genki_Ln.11 JLPT_3 JLPT_2 Genki
トラック,トラック,,truck; (running) track,truk; trek berlari,JLPT JLPT_2 JLPT_3
ドラマ,ドラマ,,drama,bermain,JLPT JLPT_2 JLPT_3
トランプ,トランプ,,playing cards (lit: trump),kartu remi; trump,JLPT JLPT_2 JLPT_3
取り上げる,とりあげる,,"to take up, to pick up; to confiscate",mengambil alih,JLPT JLPT_2 JLPT_3
努力,どりょく,,"great effort, exertion, endeavor",sangat baik,JLPT Intermediate_Japanese JLPT_3 JLPT_2 Intermediate_Japanese_Ln.14
トレーニング,トレーニング,,training,latihan,JLPT JLPT_2 JLPT_3
ドレス,ドレス,,dress,gaun; pakaian,JLPT JLPT_2 JLPT_3
取れる,とれる,,"to come off, to be taken off",ada; menjadi,JLPT JLPT_2 JLPT_3
泥,どろ,,mud,lumpur,JLPT JLPT_2 JLPT_3
トン,トン,,ton (1000 lbs.),ton,JLPT JLPT_2 JLPT_3
とんでもない,とんでもない,,"outrageous, No way!",keterlaluan; tidak mungkin!,JLPT JLPT_2 JLPT_3
どんなに,どんなに,,"how, how much",bagaimana; cara,JLPT JLPT_2 JLPT_3
トンネル,トンネル,,tunnel,terowongan; tunnel,JLPT JLPT_2 JLPT_3
名,な,,"name, reputation",nama,JLPT JLPT_2 JLPT_3
内容,ないよう,,"subject, contents, detail",mata pelajaran; topik,JLPT JLPT_2 JLPT_3
なお,なお,,"still, yet",belum; namun,JLPT JLPT_2 JLPT_3
仲,なか,,"relation, relationship",hubungan,JLPT JLPT_2 JLPT_3
流す,ながす,,"to drain, to float, to shed (e.g., blood, tears)",menguras; mengalirkan; mengapung; melayang; darah,JLPT JLPT_2 JLPT_3
半ば,なかば,,"middle, halfway",pertengahan; tengah,JLPT JLPT_2 JLPT_3
仲間,なかま,,"company, fellow, colleague, associate",perusahaan,JLPT JLPT_2 JLPT_3
中身,なかみ,,content(s); substance,material,JLPT Intermediate_Japanese JLPT_3 JLPT_2 Intermediate_Japanese_Ln.13
中味,なかみ,,"contents, interior, filling",mata pelajaran; pedalaman,JLPT JLPT_2 JLPT_3
眺め,ながめ,,scene; view; prospect; outlook,bidang; pendapat,JLPT Intermediate_Japanese JLPT_3 JLPT_2 Intermediate_Japanese_Ln.10
眺める,ながめる,,"to view, to gaze at",pendapat,JLPT JLPT_2 JLPT_3
流れ,ながれ,,"stream, current",arus,JLPT JLPT_2 JLPT_3
流れる,ながれる,,"to flow, to be washed away",ada; menjadi,JLPT JLPT_2 JLPT_3
亡くす,なくす,,to lose someone,kehilangan; kalah,JLPT JLPT_2 JLPT_3
殴る,なぐる,,to strike; to hit; to punch,menyerang; memukul; memukul; meninju,JLPT JLPT_3 JLPT_2 Genki Genki_Ln.21
無し,なし,,without,tanpa; tidak ada,JLPT JLPT_2 JLPT_3
なぜなら,なぜなら,,because,karena; sebab,JLPT JLPT_2 JLPT_3
謎,なぞ,,"riddle, puzzle, enigma",teka-teki; enigma,JLPT JLPT_2 JLPT_3
納得,なっとく,,"consent, assent, understanding",persetujuan; pengakuan,JLPT JLPT_2 JLPT_3
何か,なにか,,something,sesuatu,JLPT JLPT_3 JLPT_2 Genki_Ln.8 Genki
なにも,なにも,,nothing,tidak ada; nihil,JLPT JLPT_2 JLPT_3
鍋,なべ,,"saucepan, pot",panci; wajan,JLPT JLPT_2 JLPT_3
生,なま,,"raw, unprocessed",mentah,JLPT JLPT_2 JLPT_3
怠ける,なまける,,"to be idle, to neglect",ada; menjadi,JLPT JLPT_2 JLPT_3
波,なみ,,wave,gelombang; ombak,JLPT JLPT_2 JLPT_3
涙,なみだ,,tear,merobek; air mata,JLPT JLPT_2 JLPT_3
悩む,なやむ,,"to agonize, to be troubled",ada; menjadi,JLPT Intermediate_Japanese JLPT_3 JLPT_2 Intermediate_Japanese_Ln.14
鳴らす,ならす,,"to ring, to sound",membunyikan; berdering,JLPT JLPT_2 JLPT_3
為る,なる,,"to change, to be of use, to reach to",berubah,JLPT JLPT_2 JLPT_3
生る,なる,,to bear fruit,ada; menjadi,JLPT JLPT_2 JLPT_3
馴れる,なれる,,"to become domesticated, to become tame",ada; menjadi,JLPT JLPT_2 JLPT_3
縄,なわ,,rope,tali,JLPT JLPT_2 JLPT_3
何で,なんで,,"Why, What for",Mengapa; Untuk apa,JLPT JLPT_2 JLPT_3
何でも,なんでも,,"by all means, everything",oleh; dengan; dekat,JLPT JLPT_2 JLPT_3
何とか,なんとか,,"somehow, anyhow, one way or another",satu; seseorang,JLPT JLPT_2 JLPT_3
似合う,にあう,,"to suit (a person), to match (clothing), (something) becomes (someone)",cocok; sesuai; pantas untuk seseorang,JLPT Intermediate_Japanese JLPT_3 JLPT_2 Intermediate_Japanese_Ln.11
煮える,にえる,,"to boil, to cook, to be cooked",memasak,JLPT JLPT_2 JLPT_3
苦手,にがて,,"poor (at), weak (in), dislike (of)",miskin,JLPT JLPT_2 JLPT_3
握る,にぎる,,"to grasp, to seize, to mold sushi",menangkap,JLPT JLPT_2 JLPT_3
日,にち,,day,hari,JLPT JLPT_2 JLPT_3
日常,にちじょう,,"ordinary, regular, everyday",biasa; teratur; rutin,JLPT JLPT_2 JLPT_3
日光,にっこう,,sunlight,cahaya matahari; sinar matahari,JLPT JLPT_2 JLPT_3
日中,にっちゅう,,"daytime, broad daylight",siang hari; terang benderang,JLPT JLPT_2 JLPT_3
にっこり,にっこり,,"smile sweetly, smile, grin",senyum,JLPT JLPT_2 JLPT_3
日本,にっぽん,,Japan,Pernis Asia Timur,JLPT JLPT_2 JLPT_3
日本,にほん,,Japan,Pernis Asia Timur,JLPT JLPT_3 JLPT_2 Genki_Ln.1 Genki
入場,にゅうじょう,,"entrance, admission, entering",penerimaan; pengakuan,JLPT JLPT_2 JLPT_3
煮る,にる,,"to boil, to cook",memasak,JLPT JLPT_2 JLPT_3
人気,にんき,,popularity,popularitas; kepopuleran,JLPT JLPT_2 JLPT_3
人間,にんげん,,"human being, person",orang,JLPT Intermediate_Japanese JLPT_3 JLPT_2 Intermediate_Japanese_Ln.11
抜く,ぬく,,"to extract, to omit, to unplug",mengekstrak; menghilangkan; menghapus; mencabut steker,JLPT JLPT_2 JLPT_3
抜ける,ぬける,,"to come out, to fall out, to be omitted",jatuh,JLPT JLPT_2 JLPT_3
布,ぬの,,cloth,memotong,JLPT JLPT_2 JLPT_3
濡らす,ぬらす,,"to wet, to soak",membasahi; merendam,JLPT JLPT_2 JLPT_3
根,ね,,root,asal,JLPT JLPT_2 JLPT_3
値,ね,,"value, price, cost",nilai; harga; biaya,JLPT JLPT_2 JLPT_3
願い,ねがい,,"desire, wish, request",keinginan; permintaan,JLPT JLPT_2 JLPT_3
願う,ねがう,,"to desire, to wish, to request",keinginan; permintaan,JLPT JLPT_2 JLPT_3
鼠,ねずみ,,"mouse, rat",tikus,JLPT JLPT_2 JLPT_3
熱帯,ねったい,,tropics,daerah tropis; khatulistiwa,JLPT JLPT_2 JLPT_3
熱中,ねっちゅう,,"enthusiasm, zeal, mania",antusiasme; semangat,JLPT JLPT_2 JLPT_3
年間,ねんかん,,year,tahun,JLPT JLPT_2 JLPT_3
年月,ねんげつ,,months and years,berbulan-bulan dan bertahun-tahun; waktu yang lama,JLPT JLPT_2 JLPT_3
年中,ねんじゅう,,"whole year, always, everyday",selalu,JLPT JLPT_2 JLPT_3
年代,ねんだい,,"age, era, period",era; zaman; periode; masa,JLPT JLPT_2 JLPT_3
年齢,ねんれい,,"age, years",waktu,JLPT JLPT_2 JLPT_3
野,の,,field,bidang,JLPT JLPT_2 JLPT_3
能,のう,,"being skilled in, nicely, properly",dengan benar; semestinya,JLPT JLPT_2 JLPT_3
農家,のうか,,"farmer, farm family",keluarga,JLPT JLPT_2 JLPT_3
農業,のうぎょう,,agriculture,pertanian,JLPT Intermediate_Japanese JLPT_3 JLPT_2 Intermediate_Japanese_Ln.10
農民,のうみん,,"farmers, peasants",petani; kaum tani,JLPT JLPT_2 JLPT_3
能力,のうりょく,,"ability, faculty",kemampuan,JLPT JLPT_2 JLPT_3
ノー,ノー,,no,tidak; bukan,JLPT JLPT_2 JLPT_3
軒,のき,,eaves,atap teritis; cucuran atap,JLPT JLPT_2 JLPT_3
残す,のこす,,"to leave (behind, over), to save, to reserve",menabung,JLPT JLPT_2 JLPT_3
残り,のこり,,"remaining, left-over",sisa; tersisa; tersisa,JLPT JLPT_2 JLPT_3
乗せる,のせる,,"to place on (something), to take on board",menerbitkan,JLPT JLPT_2 JLPT_3
載せる,のせる,,to place on (something); to publish,menerbitkan,JLPT JLPT_2 JLPT_3
覗く,のぞく,,"to peek in, to look in",melihat,JLPT JLPT_2 JLPT_3
除く,のぞく,,"to remove, to exclude, to except",mengecualikan,JLPT JLPT_2 JLPT_3
望み,のぞみ,,"wish, desire, (a) hope",harapan,JLPT JLPT_2 JLPT_3
望む,のぞむ,,"to desire, to wish for; to view",keinginan; pendapat,JLPT JLPT_2 JLPT_3
後,のち,,"afterwards, since then",setelahnya; sejak saat itu,JLPT JLPT_2 JLPT_3
ノック,ノック,,knock; fungo (baseball),mengetuk,JLPT JLPT_2 JLPT_3
伸ばす,のばす,,"to extend, to stretch, to reach out",memperluas; memperpanjang; meregangkan; memperluas,JLPT JLPT_2 JLPT_3
延ばす,のばす,,"to extend, to stretch, to reach out",memperluas; memperpanjang; meregangkan; memperluas,JLPT JLPT_2 JLPT_3
伸びる,のびる,,"to extend, to make progress, to grow",tumbuh,JLPT JLPT_2 JLPT_3
延びる,のびる,,to be prolonged,ada; menjadi,JLPT JLPT_2 JLPT_3
述べる,のべる,,"to state, to express, to mention",kondisi; keadaan; mengungkapkan,JLPT Intermediate_Japanese JLPT_3 JLPT_2 Intermediate_Japanese_Ln.13
上る,のぼる,,"to ascend, to go up, to climb",naik; meningkat,JLPT JLPT_2 JLPT_3
昇る,のぼる,,"to arise, to ascend, to go up",muncul; timbul,JLPT JLPT_2 JLPT_3
載る,のる,,"to appear (in print), to be recorded",muncul,JLPT JLPT_2 JLPT_3
のんびり,のんびり,,"carefree, at leisure",di; pada,JLPT JLPT_3 JLPT_2 Genki_Ln.22 Genki
場,ば,,"place, field (physics)",bidang,JLPT JLPT_2 JLPT_3
はあ (かん),はあ (かん),,(sigh),desahan; hembusan napas,JLPT JLPT_2 JLPT_3
パーセント,パーセント,,percent,persen,JLPT JLPT_2 JLPT_3
灰,はい,,ash,abu,JLPT JLPT_2 JLPT_3
梅雨,ばいう,,rainy season,membumbui,JLPT JLPT_2 JLPT_3
バイオリン,バイオリン,,violin,biola,JLPT Genki_Ln.13 JLPT_3 JLPT_2 Genki
ハイキング,ハイキング,,hiking,hiking; mendaki,JLPT JLPT_2 JLPT_3
配達,はいたつ,,"delivery, distribution",distribusi,JLPT JLPT_2 JLPT_3
パイプ,パイプ,,pipe; channels official or otherwise,pipa; seruling,JLPT JLPT_2 JLPT_3
俳優,はいゆう,,"actor, actress, performer",aktor; aktris; pemain,JLPT Intermediate_Japanese JLPT_3 JLPT_2 Intermediate_Japanese_Ln.13
パイロット,パイロット,,pilot,pilot; penerbang,JLPT JLPT_2 JLPT_3
生える,はえる,,"to grow, to spring up; to cut (teeth)",tumbuh,JLPT JLPT_2 JLPT_3
墓,はか,,"grave, tomb",kuburan,JLPT JLPT_2 JLPT_3
馬鹿,ばか,,"fool, idiot",orang bodoh; idiot,JLPT JLPT_2 JLPT_3
博士,はかせ,,"doctorate, PhD., doctor",dokter,JLPT JLPT_2 JLPT_3
計る,はかる,,"to measure, to weigh, to survey",langkah; ukuran,JLPT JLPT_2 JLPT_3
量る,はかる,,"to measure, to weigh, to survey",langkah; ukuran,JLPT JLPT_2 JLPT_3
測る,はかる,,"to measure, to weigh, to survey",langkah; ukuran,JLPT JLPT_2 JLPT_3
掃く,はく,,"to sweep, to brush, to gather up",mengumpulkan,JLPT JLPT_2 JLPT_3
吐く,はく,,"to throw up, to vomit",melempar,JLPT Intermediate_Japanese JLPT_3 JLPT_2 Intermediate_Japanese_Ln.12
拍手,はくしゅ,,"clapping hands, applause",tepuk tangan; applaus,JLPT JLPT_2 JLPT_3
莫大,ばくだい,,"enormous, vast",sangat besar,JLPT JLPT_2 JLPT_3
爆発,ばくはつ,,"explosion, detonation, eruption",memecahkan; pengapian,JLPT JLPT_2 JLPT_3
博物館,はくぶつかん,,museum,museum,JLPT JLPT_2 JLPT_3
激しい,はげしい,,"violent, vehement, intense",kasar; kuat,JLPT JLPT_2 JLPT_3
はさみ,はさみ,,scissors,gunting,JLPT JLPT_2 JLPT_3
破産,はさん,,(personal) bankruptcy,kebangkrutan,JLPT JLPT_2 JLPT_3
端,はし,,"end (e.g., of street), edge, margin",akhir; ujung,JLPT JLPT_2 JLPT_3
始まり,はじまり,,"origin, beginning",asal; asal usul,JLPT JLPT_2 JLPT_3
パス,パス,,"path, pass (in games)",lewat; melewati,JLPT Intermediate_Japanese JLPT_3 JLPT_2 Intermediate_Japanese_Ln.10
外す,はずす,,"to unfasten, to remove",menghapus; mengangkat,JLPT JLPT_2 JLPT_3
パスポート,パスポート,,passport,lewat; melewati,JLPT JLPT_2 JLPT_3
外れる,はずれる,,"to be disconnected, to be out (e.g., of gear)",ada; menjadi,JLPT JLPT_2 JLPT_3
旗,はた,,flag,bendera,JLPT JLPT_2 JLPT_3
肌,はだ,,skin,kulit,JLPT JLPT_2 JLPT_3
裸,はだか,,"naked, nude",telanjang; bugil,JLPT JLPT_2 JLPT_3
畑,はたけ,,"field, patch",bidang,JLPT JLPT_2 JLPT_3
働き,はたらき,,"work, labor",pekerjaan; karya,JLPT JLPT_2 JLPT_3
バッグ,バッグ,,bag,tas,JLPT JLPT_2 JLPT_3
発見,はっけん,,"discovery, detection, finding",penemuan; deteksi,JLPT JLPT_2 JLPT_3
発行,はっこう,,issue (publications),isu; masalah,JLPT JLPT_2 JLPT_3
発車,はっしゃ,,departure of a vehicle,keberangkatan kendaraan,JLPT JLPT_2 JLPT_3
発射,はっしゃ,,"firing, shooting, discharge",penembakan; melepas tembakan,JLPT JLPT_2 JLPT_3
罰する,ばっする,,"to punish, to penalize",menghukum,JLPT JLPT_2 JLPT_3
発達,はったつ,,"development, growth",perkembangan; pertumbuhan,JLPT JLPT_2 JLPT_3
ばったり,ばったり,,(to meet) by chance,bertemu secara kebetulan,JLPT Intermediate_Japanese JLPT_3 JLPT_2 Intermediate_Japanese_Ln.11
発展,はってん,,"development, growth, progress",perkembangan; pertumbuhan; kemajuan; progres,JLPT JLPT_2 JLPT_3
発表,はっぴょう,,announcement; publication; presentation,resmi; isu; ekspresi,Genki_Ln.15 JLPT JLPT_3 JLPT_2 Genki
発明,はつめい,,invention,penemuan; inovasi,JLPT JLPT_2 JLPT_3
派手,はで,,"showy, flashy, gaudy",mencolok,JLPT JLPT_2 JLPT_3
話し合う,はなしあう,,"to discuss, to talk together",mendiskusikan,JLPT JLPT_2 JLPT_3
離す,はなす,,"to part, to separate",memisahkan,JLPT JLPT_2 JLPT_3
放す,はなす,,"to separate, to set free",memisahkan,JLPT JLPT_2 JLPT_3
離れる,はなれる,,"(something, someone) separates; parts from; to be apart",ada; menjadi,JLPT Intermediate_Japanese JLPT_3 JLPT_2 Intermediate_Japanese_Ln.15 Genki_Ln.23 Genki
放れる,はなれる,,"to leave, to get free, to cut oneself off",meninggalkan,JLPT JLPT_2 JLPT_3
羽,はね,,wing,sayap,JLPT JLPT_2 JLPT_3
羽根,はね,,feather,bulu (burung),JLPT JLPT_2 JLPT_3
幅,はば,,"width, breadth",lebar; luas,JLPT JLPT_2 JLPT_3
母親,ははおや,,mother,ibu,JLPT JLPT_2 JLPT_3
省く,はぶく,,"to omit, to eliminate",mengeliminasi; menghapus,JLPT JLPT_2 JLPT_3
場面,ばめん,,"scene, setting (e.g., of novel)",bidang,JLPT JLPT_2 JLPT_3
流行る,はやる,,"to be popular, to come into fashion",ada; menjadi,JLPT JLPT_2 JLPT_3
腹,はら,,"abdomen, belly, stomach",perut; abdomen,JLPT JLPT_2 JLPT_3
原,はら,,"field, plain",bidang,JLPT JLPT_2 JLPT_3
バランス,バランス,,balance,keseimbangan,JLPT JLPT_2 JLPT_3
針,はり,,"needle, hand (e.g., clock)",jarum (misalnya jam),JLPT JLPT_2 JLPT_3
範囲,はんい,,"extent, scope, range",ruang lingkup; kisaran; rentang,JLPT JLPT_2 JLPT_3
反抗,はんこう,,"opposition, resistance",perlawanan; resistensi,JLPT JLPT_2 JLPT_3
犯罪,はんざい,,crime,kejahatan; kriminalitas,JLPT Intermediate_Japanese JLPT_3 JLPT_2 Intermediate_Japanese_Ln.10
ハンサム,ハンサム,,handsome,tampan; ganteng,JLPT JLPT_2 JLPT_3
反省,はんせい,,"reflection, reconsideration, regret",refleksi; pantulan,JLPT JLPT_2 JLPT_3
判断,はんだん,,"judgment, decision",keputusan,JLPT JLPT_2 JLPT_3
犯人,はんにん,,"offender, criminal",kriminal; penjahat,JLPT JLPT_3 JLPT_2 Genki Genki_Ln.21
販売,はんばい,,"sale, selling, marketing",menjual,JLPT JLPT_2 JLPT_3
灯,ひ,,light,ringan,JLPT JLPT_2 JLPT_3
ビール,ビール,,beer,bir,JLPT Genki_Ln.11 JLPT_3 JLPT_2 Genki
被害,ひがい,,damage,merusak,JLPT Intermediate_Japanese JLPT_3 JLPT_2 Intermediate_Japanese_Ln.10
比較,ひかく,,comparison,perbandingan,JLPT JLPT_2 JLPT_3
ピクニック,ピクニック,,picnic,piknik,JLPT JLPT_2 JLPT_3
悲劇,ひげき,,tragedy,bencana,JLPT JLPT_2 JLPT_3
飛行,ひこう,,"aviation, flight",penerbangan; aviasi,JLPT JLPT_2 JLPT_3
膝,ひざ,,"knee, lap",lutut; pangkuan,JLPT JLPT_2 JLPT_3
非常,ひじょう,,"emergency, extraordinary, unusual",darurat,JLPT JLPT_2 JLPT_3
美人,びじん,,beautiful person (woman),indah; cantik,JLPT JLPT_2 JLPT_3
額,ひたい,,"forehead, brow",dahi,JLPT JLPT_2 JLPT_3
日付,ひづけ,,"date, dating",tanggal; kencan,JLPT JLPT_2 JLPT_3
引越し,ひっこし,,"moving, changing residence",mentransfer,JLPT JLPT_2 JLPT_3
必死,ひっし,,"desperation, frantic, inevitable result",hasil,JLPT JLPT_2 JLPT_3
ぴったり,ぴったり,,"exactly, neatly, sharp",tepat; persis; tajam,JLPT JLPT_2 JLPT_3
引っ張る,ひっぱる,,"to pull, to stretch, to drag",menarik,JLPT JLPT_2 JLPT_3
否定,ひてい,,"negation, denial",negatif,JLPT JLPT_2 JLPT_3
ビデオ,ビデオ,,video tape; VCR,kaset video; VCR,JLPT JLPT_3 JLPT_2 Genki_Ln.3 Genki
一言,ひとこと,,one word,satu; seseorang,JLPT Intermediate_Japanese JLPT_3 JLPT_2 Intermediate_Japanese_Ln.12
人込み,ひとごみ,,crowd of people,kerumunan orang,JLPT JLPT_2 JLPT_3
等しい,ひとしい,,equal,kesetaraan,JLPT JLPT_2 JLPT_3
独り,ひとり,,"alone, unmarried",sendiri,JLPT JLPT_2 JLPT_3
一人一人,ひとりひとり,,"one by one, each",satu per satu,JLPT JLPT_2 JLPT_3
批判,ひはん,,criticism,kritik; kritisisme,JLPT JLPT_2 JLPT_3
批評,ひひょう,,"criticism, review, commentary",meninjau,JLPT JLPT_2 JLPT_3
秘密,ひみつ,,"secret, secrecy",pribadi; yang sangat rahasia,Genki_Ln.17 JLPT JLPT_3 JLPT_2 Genki
微妙,びみょう,,"delicate, subtle",halus; rumit,JLPT JLPT_2 JLPT_3
紐,ひも,,"string, cord",otot; mengikat,JLPT JLPT_2 JLPT_3
冷やす,ひやす,,"to cool, to refrigerate",sejuk,JLPT JLPT_2 JLPT_3
費用,ひよう,,"cost, expense",biaya; pengeluaran,JLPT JLPT_2 JLPT_3
表,ひょう,,"table (e.g., Tab 1), chart, list",tabel; daftar,JLPT JLPT_2 JLPT_3
秒,びょう,,second (60th min),detik (satuan waktu),JLPT JLPT_2 JLPT_3
評価,ひょうか,,"assessment, evaluation",penilaian; evaluasi,JLPT JLPT_2 JLPT_3
表現,ひょうげん,,"expression, presentation",ekspresi; ungkapan,JLPT JLPT_2 JLPT_3
表情,ひょうじょう,,facial expression,ekspresi; ungkapan,JLPT JLPT_2 JLPT_3
平等,びょうどう,,"equality, impartiality, evenness",kesetaraan,JLPT JLPT_2 JLPT_3
評判,ひょうばん,,"fame, reputation",nama,JLPT JLPT_2 JLPT_3
表面,ひょうめん,,"surface, outside, face",permukaan; wajah; menghadapi,JLPT JLPT_2 JLPT_3
広がる,ひろがる,,"to spread (out), to extend, to stretch, to reach to, to get around",menyebar,JLPT JLPT_2 JLPT_3
広げる,ひろげる,,"to spread, to extend, to expand, to enlarge",menyebar; berkembang; memperluas,JLPT JLPT_2 JLPT_3
広める,ひろめる,,"to broaden, to propagate",memperluas,JLPT JLPT_2 JLPT_3
品,ひん,,"goods; taste, elegance",barang,JLPT JLPT_2 JLPT_3
瓶,びん,,bottle,botol,JLPT JLPT_2 JLPT_3
便,びん,,"way, means; flight",cara; jalan,JLPT Genki_Ln.10 JLPT_3 JLPT_2 Genki
ピン,ピン,,pin,menyematkan; peniti,JLPT JLPT_2 JLPT_3
不,ふ,,"un(~), non(~), negative prefix",negatif; buruk,JLPT JLPT_2 JLPT_3
不,ぶ,,"un(~), non(~), negative prefix",negatif; buruk,JLPT JLPT_2 JLPT_3
無,ぶ,,"nothing, naught, nil, zero",tidak ada; nihil,JLPT JLPT_2 JLPT_3
分,ぶ,,"dividing, part",bagian,JLPT JLPT_2 JLPT_3
不安,ふあん,,"anxiety, uneasiness",kecemasan,JLPT JLPT_2 JLPT_3
風景,ふうけい,,scenery,latar belakang,JLPT JLPT_2 JLPT_3
夫婦,ふうふ,,"married couple, husband and wife",suami,JLPT Genki_Ln.14 Intermediate_Japanese JLPT_3 JLPT_2 Intermediate_Japanese_Ln.14 Genki
笛,ふえ,,"flute, whistle",bersiul,JLPT JLPT_2 JLPT_3
不可,ふか,,"wrong, bad, impossible",salah; buruk; jelek; tidak mungkin,JLPT JLPT_2 JLPT_3
深まる,ふかまる,,to deepen,mendalami; memperdalam,JLPT JLPT_2 JLPT_3
武器,ぶき,,"weapon, arms",senjata,JLPT JLPT_2 JLPT_3
拭く,ふく,,"to wipe, to dry",udara,JLPT JLPT_2 JLPT_3
服装,ふくそう,,"clothes, attire",pakaian,JLPT JLPT_2 JLPT_3
含む,ふくむ,,"to contain, to include",mencakup; termasuk,JLPT JLPT_2 JLPT_3
含める,ふくめる,,to include,mencakup; termasuk,JLPT JLPT_2 JLPT_3
袋,ふくろ,,"bag, sack",tas,JLPT JLPT_2 JLPT_3
不幸,ふこう,,"unhappiness, sorrow, misfortune",kesedihan,JLPT JLPT_2 JLPT_3
節,ふし,,"tune, tone, knob",melodi; cara berbicara,JLPT JLPT_2 JLPT_3
無事,ぶじ,,"safety, peace",perdamaian,JLPT JLPT_2 JLPT_3
不思議,ふしぎ,,"mystery, curiosity",rasa ingin tahu,JLPT JLPT_2 JLPT_3
不自由,ふじゆう,,"discomfort, disability, inconvenience",disabilitas; ketidakmampuan,JLPT JLPT_2 JLPT_3
夫人,ふじん,,"wife, Mrs, madam",istri,JLPT JLPT_2 JLPT_3
婦人,ふじん,,woman (same as 女性 (じょせい)、女の人 (おんなのひと)),wanita; perempuan,JLPT Intermediate_Japanese JLPT_3 JLPT_2 Intermediate_Japanese_Ln.13
不正,ふせい,,"injustice, unfairness",ketidakadilan,JLPT JLPT_2 JLPT_3
防ぐ,ふせぐ,,"to defend (against), to protect, to prevent",melindungi; mencegah,JLPT JLPT_2 JLPT_3
不足,ふそく,,"insufficiency, shortage",kekurangan,JLPT JLPT_2 JLPT_3
舞台,ぶたい,,stage (theater),tahap,JLPT JLPT_2 JLPT_3
双子,ふたご,,"twins, a twin",sebuah; suatu,JLPT JLPT_2 JLPT_3
再び,ふたたび,,"again, once more, a second time",waktu,JLPT Intermediate_Japanese JLPT_3 JLPT_2 Intermediate_Japanese_Ln.13
普段,ふだん,,"in everyday situations, usually, ordinarily",biasanya,JLPT Intermediate_Japanese JLPT_3 JLPT_2 Intermediate_Japanese_Ln.15
縁,ふち,,"edge, rim",tepi; bibir; sisi,JLPT JLPT_2 JLPT_3
打つ,ぶつ,,"to hit, to strike",memukul; menyerang; memukul,JLPT JLPT_2 JLPT_3
不通,ふつう,,"blockade, interruption, stoppage",memecahkan; memblokir,JLPT JLPT_2 JLPT_3
物価,ぶっか,,(commodity/consumer) prices,harga komoditas; harga konsumen,JLPT Genki_Ln.13 Intermediate_Japanese JLPT_3 JLPT_2 Intermediate_Japanese_Ln.6 Genki
ぶつかる,ぶつかる,,"to strike, to collide with",menyerang; memukul,JLPT JLPT_2 JLPT_3
ぶつける,ぶつける,,"to knock, to strike hard, to hit and attack",mengetuk,JLPT JLPT_2 JLPT_3
物質,ぶっしつ,,"material, substance",material; bahan,JLPT JLPT_2 JLPT_3
物理,ぶつり,,physics,fisika,JLPT JLPT_2 JLPT_3
筆,ふで,,writing brush,menulis; tulisan,JLPT JLPT_2 JLPT_3
ふと,ふと,,"suddenly, accidentally, incidentally",tiba-tiba,JLPT JLPT_2 JLPT_3
部分,ぶぶん,,"portion, section, part",bagian,JLPT Intermediate_Japanese JLPT_3 JLPT_2 Intermediate_Japanese_Ln.12
不平,ふへい,,"complaint, discontent, dissatisfaction",tuduhan,JLPT JLPT_2 JLPT_3
不満,ふまん,,"dissatisfaction, discontent, complaints",keluhan; pengaduan,JLPT JLPT_2 JLPT_3
増やす,ふやす,,"to increase (v.t.), to add to",meningkat; menambahkan,JLPT Intermediate_Japanese JLPT_3 JLPT_2 Intermediate_Japanese_Ln.14
殖やす,ふやす,,"to increase, to add to",meningkat,JLPT JLPT_2 JLPT_3
プラス,プラス,,plus,plus; tambah,JLPT JLPT_2 JLPT_3
プラスチック,プラスチック,,plastic,plastik,JLPT JLPT_2 JLPT_3
プラン,プラン,,plan,rencana,JLPT JLPT_2 JLPT_3
不利,ふり,,"disadvantage, drawback",kerugian; kekurangan,JLPT JLPT_2 JLPT_3
振る,ふる,,"to wave, to shake; to sprinkle; to cast (actor)",gelombang; ombak; mengguncang; gemetar,JLPT JLPT_2 JLPT_3
震える,ふるえる,,"to shiver, to shake, to quake",mengguncang; gemetar,JLPT JLPT_2 JLPT_3
ブレーキ,ブレーキ,,a brake,sebuah; suatu,JLPT JLPT_2 JLPT_3
触れる,ふれる,,"to touch, to feel, to violate",merasa,JLPT JLPT_2 JLPT_3
プロ,プロ,,professional,profesional,JLPT JLPT_2 JLPT_3
分,ぶん,,"dividing, part, segment",bagian,JLPT JLPT_2 JLPT_3
文,ぶん,,sentence,keputusan,JLPT JLPT_2 JLPT_3
雰囲気,ふんいき,,"atmosphere (e.g., musical), mood, ambiance",pemulihan; perasaan,JLPT Intermediate_Japanese JLPT_3 JLPT_2 Intermediate_Japanese_Ln.12
分析,ぶんせき,,analysis,analisis,JLPT JLPT_2 JLPT_3
文明,ぶんめい,,civilization,peradaban,JLPT JLPT_2 JLPT_3
分野,ぶんや,,"field, sphere",bidang,JLPT JLPT_2 JLPT_3
塀,へい,,"wall, fence",dinding,JLPT JLPT_2 JLPT_3
平均,へいきん,,"equilibrium, balance, average",yang baik; keseimbangan,JLPT Intermediate_Japanese JLPT_3 JLPT_2 Intermediate_Japanese_Ln.5
平和,へいわ,,peace,perdamaian,JLPT JLPT_2 JLPT_3
別に,べつに,,"(not) particularly, nothing",tidak khususnya; bukan apa-apa,JLPT JLPT_2 JLPT_3
減らす,へらす,,"to decrease, to diminish",menurun,JLPT JLPT_2 JLPT_3
減る,へる,,"to decrease (in size or number), to diminish",menurun,JLPT JLPT_2 JLPT_3
ベルト,ベルト,,Belt for western clothes,ikat pinggang pakaian barat,JLPT JLPT_2 JLPT_3
変化,へんか,,"change, variation, shift",perubahan,JLPT JLPT_2 JLPT_3
ペンキ,ペンキ,,paint,melukis,JLPT JLPT_2 JLPT_3
変更,へんこう,,"change, modification, alteration",perubahan,JLPT JLPT_2 JLPT_3
ベンチ,ベンチ,,bench,bangku,JLPT JLPT_2 JLPT_3
弁当,べんとう,,box lunch,bekal makan siang; bento,JLPT JLPT_2 JLPT_3
方,ほう,,side,sisi; samping,JLPT JLPT_2 JLPT_3
法,ほう,,Act (law: the X Act),bertindak,JLPT JLPT_2 JLPT_3
棒,ぼう,,"pole, rod, stick",tiang; kutub; tongkat; batang,JLPT JLPT_2 JLPT_3
冒険,ぼうけん,,"risk, venture, adventure",risiko,JLPT JLPT_2 JLPT_3
方向,ほうこう,,"direction, course, way",arah,JLPT JLPT_2 JLPT_3
報告,ほうこく,,"report, information",laporan; informasi,JLPT JLPT_2 JLPT_3
宝石,ほうせき,,"gem, jewel",permata; batu mulia,JLPT JLPT_2 JLPT_3
包装,ほうそう,,"packing, wrapping",pengepakan,JLPT JLPT_2 JLPT_3
豊富,ほうふ,,"abundance, plenty",kelimpahan,JLPT JLPT_2 JLPT_3
方法,ほうほう,,"method, means, technique",metode; cara; teknik,JLPT Intermediate_Japanese JLPT_3 JLPT_2 Intermediate_Japanese_Ln.8
方々,ほうぼう,,"here and there, everywhere",di sana-sini; di berbagai tempat,JLPT JLPT_2 JLPT_3
訪問,ほうもん,,"call, visit",memanggil; menelepon,JLPT JLPT_2 JLPT_3
吠える,ほえる,,"to bark, to howl",menggonggong; melolong,JLPT JLPT_2 JLPT_3
ボーイ,ボーイ,,porter; boy,anak laki-laki,JLPT Intermediate_Japanese JLPT_3 JLPT_2 Intermediate_Japanese_Ln.6
ボート,ボート,,rowing boat,perahu dayung,JLPT JLPT_2 JLPT_3
ホーム,ホーム,,platform; home,rumah; rumah asal,JLPT JLPT_2 JLPT_3
ボール,ボール,,ball; bowl,pembuluh,JLPT JLPT_3 JLPT_2 Genki_Ln.22 Genki
他,ほか,,other (esp. places and things),lain-lain (terutama tempat dan benda),JLPT JLPT_2 JLPT_3
誇り,ほこり,,pride,kemakmuran,JLPT JLPT_2 JLPT_3
埃,ほこり,,dust,debu; kotoran,JLPT JLPT_2 JLPT_3
保証,ほしょう,,"guarantee, assurance, warranty",keamanan,JLPT JLPT_2 JLPT_3
保存,ほぞん,,"preservation, conservation",konservasi; pelestarian,JLPT JLPT_2 JLPT_3
歩道,ほどう,,walkway,jalan setapak; koridor,JLPT JLPT_2 JLPT_3
仏,ほとけ,,Buddha,Buddha,JLPT JLPT_2 JLPT_3
骨,ほね,,bone,tulang,JLPT JLPT_2 JLPT_3
炎,ほのお,,flame,api; nyala api,JLPT JLPT_2 JLPT_3
頬,ほほ,,cheek (of face),pipi,JLPT JLPT_2 JLPT_3
頬,ほお,,cheek (of face),pipi,JLPT JLPT_2 JLPT_3
ほぼ,ほぼ,,"almost, roughly",kira-kira; kasar,JLPT JLPT_2 JLPT_3
微笑む,ほほえむ,,to smile,tersenyum,JLPT JLPT_2 JLPT_3
堀,ほり,,"moat, canal",parit; kolam penghalang,JLPT JLPT_2 JLPT_3
濠,ほり,,moat,parit; kolam penghalang,JLPT JLPT_2 JLPT_3
本当,ほんと,,"truth, reality",kebenaran,JLPT JLPT_2 JLPT_3
本人,ほんにん,,the person himself,orang,JLPT JLPT_2 JLPT_3
本物,ほんもの,,genuine article,asli; tulus,JLPT JLPT_2 JLPT_3
ぼんやり,ぼんやり,,"dim, faint, vague",kehilangan kesadaran; tidak jelas,JLPT JLPT_2 JLPT_3
間,ま,,"space, room, pause",kamar; ruangan,JLPT JLPT_2 JLPT_3
まあ,まあ,,well (used when making a modest or hesitant statement),rendah hati; sederhana,JLPT Intermediate_Japanese JLPT_3 JLPT_2 Intermediate_Japanese_Ln.13
マーケット,マーケット,,market,pasar,JLPT JLPT_2 JLPT_3
マイク,マイク,,mic,mikrofon; mic,JLPT JLPT_2 JLPT_3
迷子,まいご,,lost (stray) child,anak,JLPT JLPT_2 JLPT_3
マイナス,マイナス,,minus,minus; kurang,JLPT JLPT_2 JLPT_3
任せる,まかせる,,"to entrust to another, to leave to",mempercayakan kepada; menyerahkan,JLPT JLPT_2 JLPT_3
巻く,まく,,"to wind, to coil, to roll",angin,JLPT JLPT_2 JLPT_3
蒔く,まく,,to sow (seeds),menaburkan (benih); menanam,JLPT JLPT_2 JLPT_3
撒く,まく,,"to scatter, to sprinkle, to sow",menyebarkan; bertebaran,JLPT JLPT_2 JLPT_3
幕,まく,,"curtain, act (in play)",bertindak,JLPT JLPT_2 JLPT_3
負け,まけ,,"defeat, loss",kerugian,JLPT JLPT_2 JLPT_3
孫,まご,,grandchild,cucu,JLPT JLPT_2 JLPT_3
まさか,まさか,,by no means,oleh; dengan; dekat,JLPT JLPT_2 JLPT_3
まさに,まさに,,"correctly, surely",tidak diragukan lagi,JLPT JLPT_2 JLPT_3
混ざる,まざる,,"to be mixed, to mingle with",ada; menjadi,JLPT JLPT_2 JLPT_3
交ざる,まざる,,"to be mixed, to mingle with",ada; menjadi,JLPT JLPT_2 JLPT_3
混じる,まじる,,"to be mixed, to mingle with",ada; menjadi,JLPT JLPT_2 JLPT_3
交じる,まじる,,"to be mixed, to mingle with",ada; menjadi,JLPT JLPT_2 JLPT_3
増す,ます,,"to increase, to gain",meningkat,JLPT JLPT_2 JLPT_3
貧しい,まずしい,,"poor, needy",miskin,JLPT JLPT_2 JLPT_3
マスター,マスター,,"bar owner, master (e.g., arts, science)",pemilik bar; ahli; master,JLPT JLPT_2 JLPT_3
ますます,ますます,,"increasingly (same as もっと), more and more",semakin; makin,JLPT Intermediate_Japanese JLPT_3 JLPT_2 Intermediate_Japanese_Ln.9
混ぜる,まぜる,,"to mix, to stir",mencampur,JLPT JLPT_2 JLPT_3
交ぜる,まぜる,,"to be mixed, to be blended with",ada; menjadi,JLPT JLPT_2 JLPT_3
街,まち,,"town; street, road",jalan,JLPT JLPT_2 JLPT_3
間違い,まちがい,,mistake,kesalahan,JLPT Genki_Ln.19 JLPT_3 JLPT_2 Genki
松,まつ,,pine tree,pohon,JLPT JLPT_2 JLPT_3
真っ赤,まっか,,"deep red, flushed (of face)",merah tua,JLPT JLPT_2 JLPT_3
全く,まったく,,"really, completely",sepenuhnya,JLPT JLPT_2 JLPT_3
祭,まつり,,"festival, feast",festival; perayaan,JLPT JLPT_2 JLPT_3
まとまる,まとまる,,"to be collected, to be settled, to be in order",ada; menjadi,JLPT JLPT_2 JLPT_3
まとめる,まとめる,,"to put in order, to collect, to bring to a conclusion",mengumpulkan,JLPT JLPT_2 JLPT_3
学ぶ,まなぶ,,to learn; to study,belajar,JLPT Intermediate_Japanese JLPT_3 JLPT_2 Intermediate_Japanese_Ln.8
真似,まね,,"mimicry, imitation, behavior",perilaku,JLPT JLPT_2 JLPT_3
招く,まねく,,to invite,mengundang,JLPT Intermediate_Japanese JLPT_3 JLPT_2 Intermediate_Japanese_Ln.13
まぶしい,まぶしい,,"dazzling, radiant",memukau; bersinar terang,JLPT JLPT_2 JLPT_3
柵,さく,,"fence, paling",dinding,JLPT_1 JLPT JLPT_3
裂ける,さける,,"to split, to tear, to burst",membagi; terbelah; merobek; air mata,JLPT_1 JLPT JLPT_3
裁く,さばく,,to judge,menilai; memutuskan,JLPT_1 JLPT JLPT_3
酸化,さんか,,oxidation,oksidasi,JLPT_1 JLPT JLPT_3
死,し,,"death, decease",kematian,JLPT_1 JLPT JLPT_3
資格,しかく,,"qualifications, requirements, capabilities",kualifikasi; persyaratan; kemampuan,JLPT_1 JLPT JLPT_3
視覚,しかく,,"sense of sight, vision",indera penglihatan; penglihatan,JLPT_1 JLPT JLPT_3
指揮,しき,,"command, direction",arah,JLPT_1 JLPT JLPT_3
磁気,じき,,magnetism,magnetisme; daya magnet,JLPT_1 JLPT JLPT_3
磁器,じき,,"porcelain, china",porselen; cina,JLPT_1 JLPT JLPT_3
自己,じこ,,"self, oneself",diri; diri sendiri; seorang diri,JLPT_1 JLPT JLPT_3
字体,じたい,,"font, lettering",font; jenis huruf,JLPT_1 JLPT JLPT_3
辞退,じたい,,refusal,penolakan; menolak,JLPT_1 JLPT JLPT_3
視点,してん,,"opinion, point of view, visual point",pendapat; sudut pandang,JLPT_1 JLPT JLPT_3
脂肪,しぼう,,"fat, grease",lemak,JLPT_1 JLPT JLPT_3
志望,しぼう,,"wish, desire, ambition",ambisi; tekad,JLPT_1 JLPT JLPT_3
衆,しゅう,,"masses, people",umum; nasional,JLPT_1 JLPT JLPT_3
住,じゅう,,"dwelling, living",rumah; keberadaan,JLPT_1 JLPT JLPT_3
修飾,しゅうしょく,,ornamentation; modification (gram),hiasan; modifikasi (tata bahasa),JLPT_1 JLPT JLPT_3
私用,しよう,,"personal use, private business",pribadi; privat,JLPT_1 JLPT JLPT_3
仕様,しよう,,"way, method, specification",metode; cara,JLPT_1 JLPT JLPT_3
情,じょう,,"feelings, emotion, passion",lewat; melewati,JLPT_1 JLPT JLPT_3
生涯,しょうがい,,one's lifetime,seumur hidup; sepanjang hidup,JLPT_1 JLPT JLPT_3
上司,じょうし,,one's superior,atasan; pimpinan,JLPT Intermediate_Japanese JLPT_1 JLPT_3 Intermediate_Japanese_Ln.9
正体,しょうたい,,"natural shape, one's true colors, true character",karakter; sifat,JLPT_1 JLPT JLPT_3
照明,しょうめい,,illumination,pencahayaan; penerangan,JLPT_1 JLPT JLPT_3
女史,じょし,,Ms.,Nyonya; Nona; Ibu,JLPT_1 JLPT JLPT_3
助詞,じょし,,"(gram) particle(s), postposition",partikel (tata bahasa),JLPT Intermediate_Japanese JLPT_1 JLPT_3 Intermediate_Japanese_Ln.13
ショック,ショック,,shock,dampak,JLPT Intermediate_Japanese JLPT_1 JLPT_3 Intermediate_Japanese_Ln.4
進行,しんこう,,advance,maju,JLPT_1 JLPT JLPT_3
新興,しんこう,,"rising, developing, emergent",kenaikan; meningkat,JLPT_1 JLPT JLPT_3
振興,しんこう,,"promotion, encouragement",promosi; kenaikan pangkat,JLPT_1 JLPT JLPT_3
申告,しんこく,,"report, statement",laporan,JLPT_1 JLPT JLPT_3
真理,しんり,,truth,kebenaran,JLPT_1 JLPT JLPT_3
水洗,すいせん,,flushing,menyiram; membilas,JLPT_1 JLPT JLPT_3
ストレス,ストレス,,stress,tekanan,JLPT_1 JLPT JLPT_3
擦る,する,,"to rub, to chafe",menggosok,JLPT_1 JLPT JLPT_3
正規,せいき,,"regular, legitimate",teratur; rutin,JLPT_1 JLPT JLPT_3
精巧,せいこう,,"elaborate, delicate, exquisite",menguraikan; merinci; halus; rumit,JLPT_1 JLPT JLPT_3
精算,せいさん,,"exact calculation, adjustment",peraturan,JLPT_1 JLPT JLPT_3
成年,せいねん,,"majority, adult age",orang dewasa,JLPT_1 JLPT JLPT_3
声明,せいめい,,"declaration, statement, proclamation",deklarasi; pernyataan,JLPT_1 JLPT JLPT_3
姓名,せいめい,,full name,penuh,JLPT_1 JLPT JLPT_3
生理,せいり,,"physiology, menses",fisiologi; menstruasi,JLPT_1 JLPT JLPT_3
節,せつ,,"when, if; section; clause",jika; apabila,JLPT_1 JLPT JLPT_3
膳,ぜん,,"(small) table, tray, meal",hidangan,JLPT_1 JLPT JLPT_3
禅,ぜん,,Zen (Buddhism),Zen (Buddhisme),JLPT_1 JLPT JLPT_3
選挙,せんきょ,,election,pemilihan; pemilu,JLPT JLPT_1 JLPT_3 Genki_Ln.23 Genki
先行,せんこう,,"preceding, going first",pergi; berjalan,JLPT_1 JLPT JLPT_3
選考,せんこう,,"selection, screening",pilihan,JLPT_1 JLPT JLPT_3
相,そう,,"aspect, phase, countenance",aspek; sisi; fase; tahap,JLPT_1 JLPT JLPT_3
沿う,そう,,"to run along, to follow",mengikuti,JLPT_1 JLPT JLPT_3
添う,そう,,"to accompany, to comply with",membawa; merespons,JLPT_1 JLPT JLPT_3
僧,そう,,"monk, priest",biksu; pendeta; rahib,JLPT_1 JLPT JLPT_3
像,ぞう,,"statue, image",refleksi,JLPT_1 JLPT JLPT_3
捜査,そうさ,,"search (esp. in criminal investigations, investigation)",penggeledahan; penyelidikan kriminal,JLPT_1 JLPT JLPT_3
操縦,そうじゅう,,"management, control, manipulation",mengendalikan,JLPT_1 JLPT JLPT_3
創造,そうぞう,,creation,membuat,JLPT_1 JLPT JLPT_3
隊,たい,,"party, troops",perjamuan,JLPT_1 JLPT JLPT_3
退学,たいがく,,dropping out of school,sekolah,JLPT_1 JLPT JLPT_3
タイトル,タイトル,,title,mata pelajaran,JLPT_1 JLPT JLPT_3
ダウン,ダウン,,down,bawah; turun,JLPT_1 JLPT JLPT_3
高まる,たかまる,,to rise; to grow; to mount (v.i.),tumbuh,JLPT Intermediate_Japanese JLPT_1 JLPT_3 Intermediate_Japanese_Ln.14
断つ,たつ,,"to sever, to cut off",memutus; memotong,JLPT_1 JLPT JLPT_3
盾,たて,,shield,perisai; tameng,JLPT_1 JLPT JLPT_3
例え,たとえ,,example; even though,sebuah contoh,JLPT_1 JLPT JLPT_3
チャイム,チャイム,,chime,berdenting,JLPT_1 JLPT JLPT_3
挑戦,ちょうせん,,"challenge, defiance",tantangan,JLPT_1 JLPT JLPT_3
治療,ちりょう,,medical treatment,medis; kedokteran,JLPT_1 JLPT JLPT_3
対,つい,,"pair, couple, set",pasangan; sepasang,JLPT_1 JLPT JLPT_3
接ぐ,つぐ,,to join; to piece together; to set (bones); to graft (trees),bergabung,JLPT_1 JLPT JLPT_3
継ぐ,つぐ,,to succeed (someone in a business or inheritance,berhasil,JLPT_1 JLPT JLPT_3
摘む,つむ,,"to pluck, to pick, to trim",memangkas; merapikan,JLPT_1 JLPT JLPT_3
露,つゆ,,dew,embun,JLPT_1 JLPT JLPT_3
強まる,つよまる,,"to get strong, to gain strength",mendapatkan; menjadi,JLPT_1 JLPT JLPT_3
強める,つよめる,,"to strengthen, to emphasize",memperkuat,JLPT_1 JLPT JLPT_3
データ,データ,,data,data,JLPT_1 JLPT JLPT_3
デザイン,デザイン,,design,mendesain; rancangan,JLPT_1 JLPT JLPT_3
デザート,デザート,,dessert,makanan penutup; dessert,JLPT_1 JLPT JLPT_3
転校,てんこう,,change schools,perubahan,JLPT_1 JLPT JLPT_3
伝言,でんごん,,verbal message,pesan,JLPT_1 JLPT JLPT_3
と,と,,and,dan,JLPT_1 JLPT JLPT_3
問う,とう,,"to ask, to question",bertanya,JLPT_1 JLPT JLPT_3
棟,とう,,ridge (of roof,bubungan atap,JLPT_1 JLPT JLPT_3
倒産,とうさん,,"(corporate) bankruptcy, insolvency",insolvensi,JLPT_1 JLPT JLPT_3
同士,どうし,,"one another, companion, comrade",satu; seseorang,JLPT Intermediate_Japanese JLPT_1 JLPT_3 Intermediate_Japanese_Ln.9
同志,どうし,,"same mind, comrade, kindred soul",sama,JLPT_1 JLPT JLPT_3
当然,とうぜん,,obvious; natural,alami,JLPT Intermediate_Japanese JLPT_1 JLPT_3 Intermediate_Japanese_Ln.15
動揺,どうよう,,"disturbance, flutter shock",gangguan; kekacauan; guncangan,JLPT_1 JLPT JLPT_3
説く,とく,,"to explain, to advocate",menjelaskan,JLPT_1 JLPT JLPT_3
綴じる,とじる,,"to bind, to file",tautan; portofolio,JLPT_1 JLPT JLPT_3
供,とも,,"accompanying, attendant, companion, retinue",kenalan,JLPT_1 JLPT JLPT_3
並,なみ,,"medium (e.g., food serving size, quality, price, etc.), ordinary",kualitas; mutu,JLPT Intermediate_Japanese JLPT_1 JLPT_3 Intermediate_Japanese_Ln.6
慣らす,ならす,,to accustom,membiasakan; mengakrabkan,JLPT_1 JLPT JLPT_3
馴らす,ならす,,"to domesticate, to tame",domestik; dalam negeri,JLPT_1 JLPT JLPT_3
難,なん,,"difficulty, hardships, defect",kesulitan,JLPT_1 JLPT JLPT_3
音,ね,,"sound, note",stabil,JLPT_1 JLPT JLPT_3
年鑑,ねんかん,,yearbook,buku tahunan,JLPT_1 JLPT JLPT_3
脳,のう,,"brain, memory",ingatan; kenangan,JLPT_1 JLPT JLPT_3
臨む,のぞむ,,"to look out on, to face, to attend (function)",melihat; menghadiri,JLPT_1 JLPT JLPT_3
肺,はい,,lung,paru-paru,JLPT_1 JLPT JLPT_3
～敗,はい,,"counter for loss, defeat",penghitung; konter,JLPT_1 JLPT JLPT_3
映える,はえる,,"to shine, to look attractive, to look pretty",melihat,JLPT_1 JLPT JLPT_3
諮る,はかる,,"to consult with, to confer",untuk memberi,JLPT_1 JLPT JLPT_3
図る,はかる,,"to plot, to attempt, to devise, to design, to refer A to B",percobaan,JLPT_1 JLPT JLPT_3
生やす,はやす,,"to grow, to cultivate, to wear beard",tumbuh,JLPT_1 JLPT JLPT_3
班,はん,,"group, party, section (mil)",kelompok,JLPT_1 JLPT JLPT_3
判,はん,,size (of paper or books),kertas,JLPT_1 JLPT JLPT_3
版,はん,,edition,membuat,JLPT_1 JLPT JLPT_3
碑,ひ,,stone monument bearing an inscription,batu,JLPT_1 JLPT JLPT_3
非行,ひこう,,"delinquency, misconduct",pelanggaran,JLPT_1 JLPT JLPT_3
票,ひょう,,"label, ballot, sign",tanda,JLPT_1 JLPT JLPT_3
広まる,ひろまる,,"to spread, to be propagated",menyebar,JLPT_1 JLPT JLPT_3
深める,ふかめる,,"to deepen, to heighten, to intensify",memperkuat,JLPT_1 JLPT JLPT_3
福,ふく,,good fortune,baik; bagus,JLPT_1 JLPT JLPT_3
振り,ふり,,"style, manner",gaya; cara,JLPT_1 JLPT JLPT_3
経る,へる,,"to pass, to elapse, to experience",lulus; lewat; pengalaman,JLPT_1 JLPT JLPT_3
保護,ほご,,"care, protection, shelter",kekhawatiran; yang lembut,JLPT_1 JLPT JLPT_3
保障,ほしょう,,"guarantee, security, warranty",keamanan,JLPT_1 JLPT JLPT_3
補償,ほしょう,,"compensation, reparation",pengobatan,JLPT_1 JLPT JLPT_3
ほっと,ほっと,,feel relieved,merasa,JLPT_1 JLPT JLPT_3
前もって,まえもって,,"in advance, beforehand, previously",sebelumnya; lebih awal,JLPT_1 JLPT JLPT_3
膜,まく,,"membrane, film",membran,JLPT_1 JLPT JLPT_3
マスコミ,マスコミ,,mass communication,komunikasi,JLPT_1 JLPT JLPT_3
股,また,,"thigh, crotch",paha,JLPT_1 JLPT JLPT_3
末,まつ,,the end of,(kata sandang),JLPT_1 JLPT JLPT_3
マッサージ,マッサージ,,massage,pijat; masase,JLPT_1 JLPT JLPT_3
見掛ける,みかける,,"to (happen to see), to notice, to catch sight of",pemberitahuan; perhatian,JLPT_1 JLPT JLPT_3
捲る,めくる,,"to turn over, to turn pages of a book",menugaskan,JLPT_1 JLPT JLPT_3
メッセージ,メッセージ,,message,pesan,JLPT_1 JLPT JLPT_3
野党,やとう,,opposition party,partai oposisi,JLPT_1 JLPT JLPT_3
優,ゆう,,"superiority, high grade",tinggi,JLPT_1 JLPT JLPT_3
有機,ゆうき,,organic,organik,JLPT_1 JLPT JLPT_3
世,よ,,"world, society, generation",masyarakat; generasi,JLPT_1 JLPT JLPT_3
良い,よい,,"good, nice",baik; bagus,JLPT_1 JLPT JLPT_3
予想,よそう,,"expectation, anticipation, prediction",prediksi; perkiraan,JLPT_1 JLPT JLPT_3
弱まる,よわまる,,"to weaken, to be emaciated, to be dejected",ada; menjadi,JLPT_1 JLPT JLPT_3
弱める,よわめる,,to weaken,ada,JLPT_1 JLPT JLPT_3
ラベル,ラベル,,label,memberi label,JLPT_1 JLPT JLPT_3
ルール,ルール,,rule,aturan,JLPT_1 JLPT JLPT_3
枠,わく,,"frame, slide",meluncur; menggeser,JLPT_1 JLPT JLPT_3
踏む,ふむ,,"to step on, to tread on",menginjak,JLPT JLPT_N4
～区,～く,,"~ district, ~ ward, ~ borough",distrik ~; kelurahan ~; kecamatan ~,JLPT JLPT_N4
すっと,すっと,,"straight, quickly",lurus; langsung; dengan cepat,JLPT JLPT_N4
盗む,ぬすむ,,to steal; to rob,mencuri; merampok,Genki Genki_Ln.21 JLPT JLPT_N4
大抵,たいてい,,"generally, usually",umumnya; pada umumnya; biasanya,Genki Genki_Ln.3 JLPT JLPT_N4
とうとう,とうとう,,"finally, at last",akhirnya,JLPT JLPT_N4
ガソリン,ガソリン,,"gasoline, petrol",bensin; gasolin,Genki Genki_Ln.21 JLPT JLPT_N4
鳴る,なる,,"to sound, to ring (v.i.)",membunyikan,Intermediate_Japanese_Ln.2 JLPT JLPT_N4
しっかり,しっかり,,"firmly, steady",dengan tegas; kuat,JLPT JLPT_N4
生きる,いきる,,to live,hidup,JLPT JLPT_N4
苦い,にがい,,bitter,pahit,JLPT JLPT_N4
沸く,わく,,"to boil, to grow hot",tumbuh,JLPT JLPT_N4
意見,いけん,,"opinion, view, idea",pendapat; ide; gagasan,JLPT JLPT_N4
やはり; やっぱり,やはり; やっぱり,,"as I thought, absolutely",sepenuhnya,JLPT JLPT_N4
漫画,まんが,,"comic (book), cartoon",komik; kartun,Genki Genki_Ln.14 JLPT JLPT_N4
ステレオ,ステレオ,,stereo,stereo,JLPT JLPT_N4
医学,いがく,,medical science,ilmu pengetahuan,JLPT JLPT_N4
テキスト,テキスト,,text; text book,buku,JLPT JLPT_N4
～月,～つき,,month,bulan,JLPT JLPT_N4
折る,おる,,"to snap, to break; to bend",memecahkan,JLPT JLPT_N4
～会,～かい,,~ meeting,pertemuan ~; rapat ~,JLPT JLPT_N4
うかがう,うかがう,,to ask,bertanya,JLPT JLPT_N4
聞こえる,きこえる,,"to be heard, to be audible",ada; menjadi,JLPT JLPT_N4
僕,ぼく,,I (used by men towards those of equal or lower status),Aku; Saya (dipakai pria ke sesama/bawahan),Genki Genki_Ln.5 JLPT JLPT_N4
必ず,かならず,,"surely, certainly",tentu saja,Intermediate_Japanese_Ln.8 JLPT JLPT_N4
壊す,こわす,,"to break, to break down",memecahkan,JLPT JLPT_N4
怒る,おこる,,to get angry; to scold angrily,marah,Genki Genki_Ln.19 JLPT JLPT_N4
床屋,とこや,,barber's (shop),tukang cukur; barbershop,Genki Genki_Ln.10 Intermediate_Japanese_Ln.6 JLPT JLPT_N4
オートバイ,オートバイ,,motorcycle (lit: auto-bi(ke)),sepeda motor; motor,JLPT JLPT_N4
運動,うんどうする,,exercise,berlatih,JLPT JLPT_N4
止む,やむ,,"to cease, to stop",berhenti,JLPT JLPT_N4
もし,もし,,if,jika; apabila,JLPT JLPT_N4
表,おもて,,surface; front; outside,permukaan,JLPT JLPT_N4
大学生,だいがくせい,,"college student, university student",universitas,Genki Genki_Ln.1 Genki_Ln.8 JLPT JLPT_N4
運転手,うんてんしゅ,,driver (by occupation),pengemudi; sopir,Intermediate_Japanese_Ln.6 JLPT JLPT_N4
予習,よしゅう,,preparation of lessons (for class),persiapan pelajaran; menyiapkan materi,Genki Genki_Ln.22 Intermediate_Japanese_Ln.5 JLPT JLPT_N4
心配,しんぱいする,,"worry, concern",khawatir,JLPT JLPT_N4
別,べつ,,"distinction, different",berbeda,JLPT JLPT_N4
非常に,ひじょうに,,extremely; very,sangat,Intermediate_Japanese_Ln.2 JLPT JLPT_N4
お宅,おたく,,(someone else's) house; home -- polite word for 家 (いえ) --,sopan,Genki Genki_Ln.13 Intermediate_Japanese_Ln.7 JLPT JLPT_N4
柔らかい,やわらかい,,"soft (in reference to texture), tender",lembut,JLPT JLPT_N4
拾う,ひろう,,"to pick up (something), to find",menemukan,Genki Genki_Ln.22 JLPT JLPT_N4
～ございます,～ございます,,"to be (polite), to exist",ada; eksis,JLPT JLPT_N4
気,き,,"spirit, mood",memetik; perasaan,JLPT JLPT_N4
比べる,くらべる,,to compare,membandingkan,JLPT JLPT_N4
ほとんど,ほとんど,,"mostly, almost",sebagian besar,Intermediate_Japanese_Ln.7 JLPT JLPT_N4
つもり,つもり,,"intention, plan",rencana,JLPT JLPT_N4
郊外,こうがい,,"suburb, outskirts",membuka,JLPT JLPT_N4
だめ,だめ,,"useless, no good, hopeless",tidak berguna,JLPT JLPT_N4
売り場,うりば,,place where things are sold,tempat,JLPT JLPT_N4
正月,しょうがつ,,"New Year, New Year's Day",baru,JLPT JLPT_N4
規則,きそく,,"rule, regulation",aturan; peraturan,JLPT JLPT_N4
うん,うん,,"yes (informal), all right (ok)",hak,Genki Genki_Ln.8 JLPT JLPT_N4
発音,はつおん,,pronunciation,pengucapan; pelafalan,JLPT JLPT_N4
焼く,やく,,"to bake, to grill",memanggang,Genki Genki_Ln.21 JLPT JLPT_N4
屋上,おくじょう,,rooftop,atap bangunan; rooftop,JLPT JLPT_N4
失礼,しつれい,,"discourtesy, impoliteness; Excuse me",maaf,JLPT JLPT_N4
ごみ,ごみ,,"trash, garbage",sampah; kotoran,Genki Genki_Ln.16 JLPT JLPT_N4
アフリカ,アフリカ,,Africa,Afrika,JLPT JLPT_N4
点,てん,,"mark, score, grade; point, dot",menandai; tanda,Intermediate_Japanese_Ln.5 JLPT JLPT_N4
一生懸命,いっしょうけんめい,,"very hard (as in ""to work hard""), with utmost effort",upaya; usaha,Intermediate_Japanese_Ln.5 JLPT JLPT_N4
今度,こんど,,"now, this time, near future, one of these days, next time",waktu,Genki Genki_Ln.9 JLPT JLPT_N4
機会,きかい,,"chance, opportunity",kesempatan; peluang,JLPT JLPT_N4
建てる,たてる,,to build,membangun,JLPT JLPT_N4
複雑,ふくざつ,,"complexity, complication",kompleksitas; kerumitan,JLPT JLPT_N4
彼,かれ,,"he, boyfriend",dia (laki-laki),Genki Genki_Ln.12 Intermediate_Japanese_Ln.8 JLPT JLPT_N4
いらっしゃる,いらっしゃる,,"-- honorific expression for いく, くる, and いる --",dan,Genki Genki_Ln.19 JLPT JLPT_N4
布団,ふとん,,futon,futon; kasur lipat Jepang,JLPT JLPT_N4
大事,だいじ,,"important, valuable, serious matter",penting; berharga,JLPT JLPT_N4
贈り物,おくりもの,,a gift; a present,masa kini,Intermediate_Japanese_Ln.9 JLPT JLPT_N4
泥棒,どろぼう,,thief; burglar,membobol,Genki Genki_Ln.21 JLPT JLPT_N4
～製,～せい,,made in ~,dibuat di ~; produksi ~,JLPT JLPT_N4
注意,ちゅうい,,"caution, attention",kehati-hatian; peringatan,JLPT JLPT_N4
台風,たいふう,,typhoon,angin topan; taifun,Genki Genki_Ln.16 JLPT JLPT_N4
日,ひ,,"sun, sunshine, day",matahari; hari,Genki Genki_Ln.16 JLPT JLPT_N4
～軒,～けん,,counter for houses,penghitung; konter,JLPT JLPT_N4
そう,そう,,"really, (is that) so; yes, right",hak,JLPT JLPT_N4
通る,とおる,,"to pass (by), to go through",melalui; mengalami,JLPT JLPT_N4
過ぎる,すぎる,,"to exceed, to go beyond",melampaui,JLPT JLPT_N4
レポート; リポート,レポート; リポート,,report,laporan,JLPT JLPT_N4
葉,は,,leaf,daun,JLPT JLPT_N4
必要,ひつよう,,necessary,perlu,JLPT JLPT_N4
課長,かちょう,,section manager,manajer,Intermediate_Japanese_Ln.7 JLPT JLPT_N4
地震,じしん,,earthquake,gempa bumi,Genki Genki_Ln.15 JLPT JLPT_N4
すると,すると,,"and, then",dan,JLPT JLPT_N4
止める,やめる,,"to end, to stop",mengakhiri; berhenti,JLPT JLPT_N4
ガラス,ガラス,,"glass, pane",rumput,JLPT JLPT_N4
～学部,～がくぶ,,department of a university,universitas,JLPT JLPT_N4
厳しい,きびしい,,hard; rigorous; strict,keras; sulit; ketat; tegas,Genki Genki_Ln.13 Intermediate_Japanese_Ln.5 JLPT JLPT_N4
エスカレーター,エスカレーター,,escalator,eskalator,JLPT JLPT_N4
人口,じんこう,,population,populasi,Intermediate_Japanese_Ln.4 JLPT JLPT_N4
月,つき,,moon,bulan,Genki Genki_Ln.20 JLPT JLPT_N4
絹,きぬ,,silk,sutra,JLPT JLPT_N4
ちっとも,ちっとも,,not at all (neg. verb),sama sekali tidak,JLPT JLPT_N4
深い,ふかい,,"deep, profound",dalam; mendalam,JLPT JLPT_N4
壊れる,こわれる,,"to be broken, to break",memecahkan,JLPT JLPT_N4
揺れる,ゆれる,,"to shake, to sway",mengguncang; gemetar,JLPT JLPT_N4
落る,おちる,,"to fall, to drop",jatuh,JLPT JLPT_N4
できるだけ,できるだけ,,"if at all possible, as much as possible",mungkin,JLPT JLPT_N4
悲しい,かなしい,,"sad, sorrowful",sedih,Genki Genki_Ln.13 JLPT JLPT_N4
中学校,ちゅうがっこう,,junior high school pupil,sekolah,JLPT JLPT_N4
ガス,ガス,,gas,gas; bensin,JLPT JLPT_N4
祈る,いのる,,to pray; to wish,keinginan,JLPT JLPT_N4
盛ん,さかん,,"prosperous, active, thriving",aktif,JLPT JLPT_N4
アルバイト,アルバイト,,part-time job,pekerjaan paruh waktu,Genki Genki_Ln.4 JLPT JLPT_N4
起こす,おこす,,to wake (someone) up,membangunkan (seseorang),Genki Genki_Ln.16 JLPT JLPT_N4
致す,いたす,,-- extra-modest expression for する --,ekspresi; ungkapan,Genki Genki_Ln.20 JLPT JLPT_N4
噛む,かむ,,"to bite, to chew",menggigit; mengunyah,JLPT JLPT_N4
赤ちゃん,あかちゃん,,"baby, infant",anak,Genki Genki_Ln.21 JLPT JLPT_N4
浅い,あさい,,"shallow, superficial",berpikir,JLPT JLPT_N4
うそ,嘘,,lie,berbohong; kebohongan,JLPT JLPT_N4
小説,しょうせつ,,novel,panjang,Genki Genki_Ln.20 JLPT JLPT_N4
親,おや,,a parent,orang tua,Genki Genki_Ln.16 Intermediate_Japanese_Ln.6 JLPT JLPT_N4
それに,それに,,moreover; besides,itu,Intermediate_Japanese_Ln.2 JLPT JLPT_N4
西洋,せいよう,,"the West, Western countries",(kata sandang),JLPT JLPT_N4
思う,おもう,,"to think, to feel",berpikir; merasa,Genki Genki_Ln.8 JLPT JLPT_N4
パート (タイム),パート (タイム),,part time (esp. female part time employees),waktu,JLPT JLPT_N4
時代,じだい,,"age, period, epoch, era",periode; masa,JLPT JLPT_N4
申し上げる,もうしあげる,,"(humble)to say, to tell",memberitahu,JLPT JLPT_N4
～式,～しき,,~ ceremony; ~ style,gaya,JLPT JLPT_N4
出席,しゅっせきする,,attendance,layanan,JLPT JLPT_N4
～家,～か,,person who is specialized in ~,orang,JLPT JLPT_N4
迎える,むかえる,,to welcome; to meet; to greet,menyambut; bertemu; menyapa,JLPT JLPT_N4
触る,さわる,,"to touch, to feel",merasa,JLPT JLPT_N4
建て,～だて,,"~ storied, separate housing",memisahkan,JLPT JLPT_N4
社長,しゃちょう,,president of a company,perusahaan,Genki Genki_Ln.11 JLPT JLPT_N4
動物園,どうぶつえん,,zoo,kebun binatang,JLPT JLPT_N4
捕まえる,つかまえる,,"to catch, to arrest",menangkap,JLPT JLPT_N4
季節,きせつ,,season (in reference to weather),membumbui,Genki Genki_Ln.10 Intermediate_Japanese_Ln.9 JLPT JLPT_N4
寄る,よる,,to stop by,mampir; singgah,Genki Genki_Ln.19 Intermediate_Japanese_Ln.3 JLPT JLPT_N4
決まる,きまる,,to be set; fixed (v.i.),ada; menjadi,Intermediate_Japanese_Ln.2 JLPT JLPT_N4
開く,ひらく,,to open; to hold (an event),membuka,JLPT JLPT_N4
逃げる,にげる,,"to escape, to run away",melarikan diri,JLPT JLPT_N4
だから,だから,,so; therefore,oleh karena itu,Genki Genki_Ln.4 JLPT JLPT_N4
残念,ざんねん,,regret; regrettable,pertobatan; tidak memuaskan,Intermediate_Japanese_Ln.7 JLPT JLPT_N4
畳,たたみ,,tatami mat (Japanese straw mat),tatami; tikar jerami Jepang,JLPT JLPT_N4
丁寧,ていねい,,"polite, courteous, careful",sopan; hati-hati,JLPT JLPT_N4
地理,ちり,,geography,geografi,JLPT JLPT_N4
さっき,さっき,,a little while ago,kecil,Genki Genki_Ln.4 JLPT JLPT_N4
怖い,こわい,,"scary, frightening",menakutkan; seram,Genki Genki_Ln.5 JLPT JLPT_N4
包む,つつむ,,"to wrap, to cover",membungkus; menutupi; menutup,Genki Genki_Ln.21 JLPT JLPT_N4
なるべく,なるべく,,"if possible, as much as possible",mungkin,Intermediate_Japanese_Ln.3 JLPT JLPT_N4
無理,むり,,"unreasonable, impossible",tidak mungkin,JLPT JLPT_N4
サンドイッチ,サンドイッチ,,sandwich,sandwich; roti isi,JLPT JLPT_N4
会議室,かいぎしつ,,conference room,kamar; ruangan,JLPT JLPT_N4
品物,しなもの,,goods,barang,JLPT JLPT_N4
人形,にんぎょう,,"doll, figure",pembentukan tubuh,JLPT JLPT_N4
利用,りよう,,"use, utilization",penggunaan; menggunakan,JLPT JLPT_N4
飾る,かざる,,"to decorate, to adorn",menghias; memperindah,JLPT JLPT_N4
止める,とめる,,to stop (something),menghentikan; menghentikan sesuatu,JLPT JLPT_N4
恥ずかしい,はずかしい,,"ashamed, embarrassed",malu; merasa malu,Genki Genki_Ln.18 JLPT JLPT_N4
いくら～ても,いくら～ても,,however much one may ~,namun; bagaimanapun,JLPT JLPT_N4
用事,ようじ,,business to take care of; tasks; errands,mengambil,Genki Genki_Ln.12 JLPT JLPT_N4
ビル,ビル,,(abbr.) building,(singkatan),JLPT JLPT_N4
けんかする,けんかする,,quarrel,pertengkaran,JLPT JLPT_N4
頑張る,がんばる,,"to try one's best, to try hard, to persist",bertahan; terus-menerus,Genki Genki_Ln.13 JLPT JLPT_N4
投げる,なげる,,"to pitch, to cast away",melempar; membuang,Intermediate_Japanese_Ln.7 JLPT JLPT_N4
故障,こしょうする,,breakdown,klasifikasi,JLPT JLPT_N4
力,ちから,,"strength, power",kekuatan; daya,JLPT JLPT_N4
受ける,うける,,"to take (an examination, interview, etc.); to receive",wawancara,JLPT JLPT_N4
気分,きぶん,,"feeling, mood",perasaan; rasa,JLPT JLPT_N4
間違える,まちがえる,,to make a mistake,berbuat salah,Genki Genki_Ln.21 JLPT JLPT_N4
そんな,そんな,,"such, like that, that sort of",seperti itu; dan; itu,JLPT JLPT_N4
星,ほし,,star,bintang,JLPT JLPT_N4
場合,ばあい,,"case, situation",situasi; keadaan,JLPT JLPT_N4
やっと,やっと,,"at last, finally",akhirnya,JLPT JLPT_N4
足りる,たりる,,to be sufficient; to be enough,ada; menjadi,Genki Genki_Ln.17 Intermediate_Japanese_Ln.4 JLPT JLPT_N4
行う,おこなう,,to carry out; to conduct (typically used in written language),melakukan; memimpin,Intermediate_Japanese_Ln.3 JLPT JLPT_N4
ぶどう,ぶどう,,grapes,anggur (buah),JLPT JLPT_N4
無くなる,なくなる,,"to disappear, to get lost",menghilang,JLPT JLPT_N4
準備,じゅんびする,,prepare,mempersiapkan,JLPT JLPT_N4
世界,せかい,,world,masyarakat,Genki Genki_Ln.10 JLPT JLPT_N4
住所,じゅうしょ,,address; place of residence,menangani; menyapa,JLPT JLPT_N4
再来月,さらいげつ,,the month after next,bulan,JLPT JLPT_N4
林,はやし,,"woods, forest",hutan,JLPT JLPT_N4
倍,ばい,,double,ganda; dua kali,JLPT JLPT_N4
痩せる,やせる,,to lose weight,menurunkan berat badan,Genki Genki_Ln.7 JLPT JLPT_N4
線,せん,,"line, wire",garis; baris; jalur,JLPT JLPT_N4
戦争,せんそう,,war,perang,JLPT JLPT_N4
決める,きめる,,to decide (v.t.),memutuskan,Genki Genki_Ln.10 Intermediate_Japanese_Ln.9 JLPT JLPT_N4
調べる,しらべる,,to check; to look up; to inquire; to search,memeriksa,JLPT JLPT_N4
寝坊,ねぼう,,sleeping in late,tidur kesiangan; bangun siang,JLPT JLPT_N4
パパ,パパ,,"papa, daddy",papa; ayah,JLPT JLPT_N4
光る,ひかる,,"to shine, to glitter",bersinar,JLPT JLPT_N4
夫,おっと,,husband,suami,JLPT JLPT_N4
雲,くも,,cloud,awan,JLPT JLPT_N4
坂,さか,,"slope, hill",kemiringan; kecil,JLPT JLPT_N4
～(て) しまう,～(て) しまう,,to end up ~,akhir,JLPT JLPT_N4
飛行場,ひこうじょう,,airport,bandara,JLPT JLPT_N4
柔道,じゅうどう,,judo,judo; seni bela diri Jepang,JLPT JLPT_N4
決して,けっして,,never,tidak pernah,JLPT JLPT_N4
事務所,じむしょ,,office,kantor,JLPT JLPT_N4
連絡,れんらく,,"communication, contact, connection",komunikasi; koneksi; hubungan,JLPT JLPT_N4
小学校,しょうがっこう,,elementary school,sekolah,Genki Genki_Ln.23 JLPT JLPT_N4
客,きゃく,,"guest, customer",pelanggan,Intermediate_Japanese_Ln.2 JLPT JLPT_N4
昔,むかし,,old days; past,masa lalu,Genki Genki_Ln.21 JLPT JLPT_N4
美しい,うつくしい,,"beautiful, lovely",indah; cantik,JLPT JLPT_N4
捨てる,すてる,,"throw away (trash), dump, discard",melempar,Genki Genki_Ln.15 JLPT JLPT_N4
なさる,なさる,,-- honorific expression for する --,ekspresi; ungkapan,Genki Genki_Ln.19 JLPT JLPT_N4
事,こと,,"thing(s), matter(s), fact",hal,Genki Genki_Ln.21 JLPT JLPT_N4
どんどん,どんどん,,quickly and steadily; at a rapid pace,dengan cepat,JLPT JLPT_N4
試合,しあい,,"match, game, competition",kompetisi; persaingan,Genki Genki_Ln.12 Intermediate_Japanese_Ln.7 JLPT JLPT_N4
適当,てきとう,,"fitness, suitability",kebugaran; kesesuaian,JLPT JLPT_N4
素晴らしい,すばらしい,,wonderful; terrific,sangat baik,Intermediate_Japanese_Ln.4 JLPT JLPT_N4
美術館,びじゅつかん,,"art gallery, art museum",museum,Genki Genki_Ln.11 JLPT JLPT_N4
文法,ぶんぽう,,grammar,tata bahasa; grammar,Genki Genki_Ln.13 JLPT JLPT_N4
終わり,おわり,,end,akhir; mengakhiri,JLPT JLPT_N4
壁,かべ,,wall,dinding; tembok,JLPT JLPT_N4
一度,いちど,,"once, one time",waktu,JLPT JLPT_N4
お礼,おれい,,expression of gratitude; thanking; gift of appreciation; bow,ekspresi; ungkapan,Genki Genki_Ln.19 Intermediate_Japanese_Ln.9 JLPT JLPT_N4
親切,しんせつ,,kindness,kebaikan hati; kemurahan hati,JLPT JLPT_N4
知らせる,しらせる,,to notify,memberitahu; mengabari,JLPT JLPT_N4
歯医者,はいしゃ,,dentist,dokter gigi,JLPT JLPT_N4
熱心,ねっしん,,enthusiasm,antusiasme; semangat,JLPT JLPT_N4
始める,はじめる,,"to start, to begin",memulai,Genki Genki_Ln.8 JLPT JLPT_N4
もらう,もらう,,to receive,menerima,JLPT JLPT_N4
泣く,なく,,to cry,menangis,Genki Genki_Ln.13 JLPT JLPT_N4
治る,なおる,,to get better; to recover from illness (v.i.),membaik,JLPT JLPT_N4
熱,ねつ,,"fever, temperature",suhu,Intermediate_Japanese_Ln.3 JLPT JLPT_N4
お祭り,おまつり,,festival,festival; perayaan,JLPT JLPT_N4
水道,すいどう,,"water service, water line",air,JLPT JLPT_N4
匂い,におい,,"odor, smell",mencium,JLPT JLPT_N4
ベル,ベル,,bell,berdenting,JLPT JLPT_N4
赤ん坊,あかんぼう,,baby,anak,JLPT JLPT_N4
おかしい,おかしい,,strange; odd; funny,aneh; lucu,Intermediate_Japanese_Ln.2 JLPT JLPT_N4
事故,じこ,,accident,kecelakaan; musibah,JLPT JLPT_N4
変,へん,,"strange, odd",aneh,JLPT JLPT_N4
辞典,じてん,,"encyclopedia, reference book",buku,JLPT JLPT_N4
残る,のこる,,"to remain (v.i.), to be left",ada; menjadi,JLPT JLPT_N4
立てる,たてる,,"to stand (something) up, to erect (something)",menegakkan; mendirikan,JLPT JLPT_N4
くれる,くれる,,"to give, to do for",memberikan,JLPT JLPT_N4
～員,～いん,,member of ~,anggota,JLPT JLPT_N4
原因,げんいん,,"cause, origin, source",penyebab; asal; asal usul,JLPT JLPT_N4
驚く,おどろく,,"to be surprised, to be astonished",ada; menjadi,Intermediate_Japanese_Ln.8 JLPT JLPT_N4
いただく,頂く,,-- extra-modest expression for たべる and のむ; humble expression for もらう --,rendah hati,Genki Genki_Ln.20 JLPT JLPT_N4
祖母,そぼ,,grandmother,nenek,JLPT JLPT_N4
場所,ばしょ,,"place, location",tempat,Genki Genki_Ln.23 Intermediate_Japanese_Ln.5 JLPT JLPT_N4
答,こたえ,,"answer, response",jawaban; simpati,JLPT JLPT_N4
もちろん,もちろん,,"certainly, of course",tentu saja,Genki Genki_Ln.7 Intermediate_Japanese_Ln.5 JLPT JLPT_N4
漬ける,つける,,"to soak, to moisten, to pickle",merendam; membasahi; mengasinkan,JLPT JLPT_N4
受付,うけつけ,,reception(ist) desk,meja resepsionis; meja penerimaan,Genki Genki_Ln.22 Intermediate_Japanese_Ln.8 JLPT JLPT_N4
内,うち,,"within, inside",di dalam,JLPT JLPT_N4
スクリーン,スクリーン,,screen,layar; tirai,JLPT JLPT_N4
増える,ふえる,,"to increase, to multiply",meningkat,JLPT JLPT_N4
または,または,,"or, otherwise",atau,JLPT JLPT_N4
けがする,けがする,,"injury (to animate object), hurt",cedera; luka,JLPT JLPT_N4
以下,いか,,"less than, below",di bawah,JLPT JLPT_N4
選ぶ,えらぶ,,to choose; to select,memilih,Genki Genki_Ln.17 Intermediate_Japanese_Ln.3 JLPT JLPT_N4
～ばかり,～ばかり,,"just did ~, only",kecil,JLPT JLPT_N4
心,こころ,,"heart, mind",hati; jantung,JLPT JLPT_N4
～だす,～だす,,to start doing ~,mulai melakukan ~,JLPT JLPT_N4
サラダ,サラダ,,salad,salad,JLPT JLPT_N4
届ける,とどける,,to deliver (v.t.),mengantarkan,Intermediate_Japanese_Ln.9 JLPT JLPT_N4
あいさつする,挨拶,,greet(ing),menyapa; salam; sambutan,JLPT JLPT_N4
景色,けしき,,"scenery, landscape",latar belakang,JLPT JLPT_N4
確か,たしか,,"if I remember correctly; certain, definite",jika; apabila,Intermediate_Japanese_Ln.4 JLPT JLPT_N4
ステーキ,ステーキ,,steak,steak,JLPT JLPT_N4
食料品,しょくりょうひん,,"foodstuff, groceries",makanan; produk makanan,JLPT JLPT_N4
森,もり,,forest,hutan,JLPT JLPT_N4
以内,いない,,"within, less (no more) than",kurang; lebih sedikit,JLPT JLPT_N4
予定,よてい,,"plans, arrangement, schedule",pengaturan; penyusunan,Genki Genki_Ln.15 Intermediate_Japanese_Ln.15 JLPT JLPT_N4
オーバー,オーバー,,"overcoat; over, exceeding, exaggeration",di atas; lebih dari,JLPT JLPT_N4
乾く,かわく,,to get dry,mendapatkan; menjadi,JLPT JLPT_N4
石,いし,,stone,batu,JLPT JLPT_N4
思い出す,おもいだす,,"to recall, to remember",mengingat,Intermediate_Japanese_Ln.8 JLPT JLPT_N4
踊る,おどる,,to dance,menari,Genki Genki_Ln.9 JLPT JLPT_N4
細かい,こまかい,,"small; fine, minute",kecil,JLPT JLPT_N4
塗る,ぬる,,"to paint, to plaster",melukis,JLPT JLPT_N4
ご主人,ごしゅじん,,"(your, her) husband",suami,Genki Genki_Ln.14 JLPT JLPT_N4
珍しい,めずらしい,,"unusual, rare",langka; jarang,Intermediate_Japanese_Ln.4 JLPT JLPT_N4
用,よう,,"errand, task, business (to take care of)",pesan,Intermediate_Japanese_Ln.9 JLPT JLPT_N4
公務員,こうむいん,,"government worker, public servant",pemerintah,JLPT JLPT_N4
お嬢さん,おじょうさん,,(someone's) daughter (polite),putri seseorang (kata sopan),Genki Genki_Ln.22 JLPT JLPT_N4
用意,ようい,,preparation,membuat,JLPT JLPT_N4
探す,さがす,,"to search, to seek, to look for",mencari,Genki Genki_Ln.15 Intermediate_Japanese_Ln.8 JLPT JLPT_N4
形,かたち,,shape,membentuk,JLPT JLPT_N4
運転,うんてんする,,driving,dalam,JLPT JLPT_N4
すっかり,すっかり,,"all, completely",sepenuhnya,JLPT JLPT_N4
アナウンサー,アナウンサー,,announcer,penyiar; pembawa acara,JLPT JLPT_N4
お土産,おみやげ,,souvenir,suvenir; oleh-oleh,Genki Genki_Ln.4 JLPT JLPT_N4
消しゴム,けしゴム,,eraser,penghapus,JLPT JLPT_N4
旅館,りょかん,,a Japanese inn,sebuah; suatu,Genki Genki_Ln.15 Intermediate_Japanese_Ln.6 JLPT JLPT_N4
海岸,かいがん,,"coast, seashore",bank,JLPT JLPT_N4
寂しい,さびしい,,"lonely, lonesome",kesepian; sendirian,Genki Genki_Ln.9 JLPT JLPT_N4
火,ひ,,fire,api,JLPT JLPT_N4
育てる,そだてる,,to raise (v.t.); to bring up,meningkatkan; membesarkan; membawa,Genki Genki_Ln.22 JLPT JLPT_N4
味噌,みそ,,"miso, bean paste",miso; pasta kedelai fermentasi,JLPT JLPT_N4
お祝い,おいわい,,"congratulation, celebration",ucapan selamat; perayaan,Intermediate_Japanese_Ln.7 JLPT JLPT_N4
乗り物,のりもの,,vehicle,mobil,JLPT JLPT_N4
案内,あんないする,,"information, guidance",informasi,JLPT JLPT_N4
通う,かよう,,to go back and forth; to commute,kembali; pulang,JLPT JLPT_N4
連れる,つれる,,"to lead, to take (a person)",memimpin,JLPT JLPT_N4
技術,ぎじゅつ,,"technique, technology, skill",teknik; teknologi; keterampilan,JLPT JLPT_N4
小鳥,ことり,,small bird,kecil,JLPT JLPT_N4
下宿,げしゅく,,"lodging, boarding house",rumah,JLPT JLPT_N4
ジャム,ジャム,,jam,selai; macet,JLPT JLPT_N4
招待,しょうたいする,,invitation,pendahuluan,JLPT JLPT_N4
鏡,かがみ,,mirror,cermin; kaca,JLPT JLPT_N4
はず,はず,,it should be so,memang seharusnya begitu,JLPT JLPT_N4
法律,ほうりつ,,law,hukum,JLPT JLPT_N4
進む,すすむ,,"to advance, to proceed",maju; memajukan,JLPT JLPT_N4
楽む,たのしむ,,to enjoy,menikmati,JLPT JLPT_N4
貿易,ぼうえき,,trade,perdagangan,JLPT JLPT_N4
反対,はんたい,,"oppose, opposition, resistance",perlawanan; resistensi,JLPT JLPT_N4
おる,おる,,-- extra-modest expression for いる --,ekspresi; ungkapan,Genki Genki_Ln.20 JLPT JLPT_N4
申す,もうす,,-- extra-modest (humble) expression for 言う (いう) --,ungkapan sangat sopan untuk 'berkata',Genki Genki_Ln.20 JLPT JLPT_N4
試験,しけん,,an exam,sebuah; suatu,Genki Genki_Ln.9 JLPT JLPT_N4
真面目,まじめ,,"diligent, serious",rajin; serius,JLPT JLPT_N4
ごらんになる,,,-- honorific expression for みる --,ekspresi; ungkapan,Genki Genki_Ln.19 JLPT JLPT_N4
店員,てんいん,,clerk; shop-employee,staf,Intermediate_Japanese_Ln.6 JLPT JLPT_N4
泊まる,とまる,,to stay (over night) (v.i.),menginap; bermalam,JLPT JLPT_N4
よろしい,よろしい,,"(hon.) good, OK, all right",hak,JLPT JLPT_N4
今夜,こんや,,"this evening, tonight",ini,JLPT JLPT_N4
おつり,おつり,,change; balance of money returned to the purchaser,perubahan,JLPT JLPT_N4
チェックする,チェックする,,check,memeriksa,JLPT JLPT_N4
会話,かいわ,,conversation,wawancara,JLPT JLPT_N4
空気,くうき,,"air, atmosphere",udara; hawa,Genki Genki_Ln.8 JLPT JLPT_N4
交通,こうつう,,"traffic, transportation",mengangkut,JLPT JLPT_N4
ワープロ,ワープロ,,word processor,prosesor,JLPT JLPT_N4
喜ぶ,よろこぶ,,"to rejoice, to be delighted, to be glad",ada; menjadi,JLPT JLPT_N4
急行,きゅうこう,,express train or bus,kereta,Intermediate_Japanese_Ln.7 JLPT JLPT_N4
皆,みな,,everyone,semuanya,JLPT JLPT_N4
味,あじ,,"flavor, taste",mencicipi,JLPT JLPT_N4
空港,くうこう,,airport,bandara,Genki Genki_Ln.20 JLPT JLPT_N4
手袋,てぶくろ,,glove(s),sarung tangan,Genki Genki_Ln.10 JLPT JLPT_N4
校長,こうちょう,,"principal, headmaster",pokok pinjaman; kepala,JLPT JLPT_N4
ごちそう,ごちそう,,"feast, treating (someone)",pesta; mentraktir,JLPT JLPT_N4
踊り,おどり,,dance,tarian; menari,JLPT JLPT_N4
興味,きょうみ,,interest (in something),bunga; minat,JLPT JLPT_N4
引っ越す,ひっこす,,to move to a new place of residence,pindah tempat tinggal; pindah rumah,JLPT JLPT_N4
冷房,れいぼう,,"cooling, air conditioning",udara,JLPT JLPT_N4
都合,つごう,,"circumstances, convenience",urutan,JLPT JLPT_N4
遠慮,えんりょする,,"restraint, reserve, hesitate",pembatasan; waktu,JLPT JLPT_N4
亡くなる,なくなる,,to pass away,meninggal dunia,JLPT JLPT_N4
科学,かがく,,science,ilmu pengetahuan,Genki Genki_Ln.1 JLPT JLPT_N4
はっきり,はっきり,,"clearly, distinctly",dengan jelas,JLPT JLPT_N4
差し上げる,さしあげる,,-- humble expression for あげる --,rendah hati,Genki Genki_Ln.20 JLPT JLPT_N4
気持ち,きもち,,"feeling, sensation, mood",perasaan; rasa,JLPT JLPT_N4
祖父,そふ,,grandfather,kakek,JLPT JLPT_N4
港,みなと,,"harbor, port",pelabuhan; dermaga,JLPT JLPT_N4
予約,よやく,,reservation,reservasi; pemesanan,Genki Genki_Ln.10 JLPT JLPT_N4
凄い,すごい,,"terrific, great",sangat baik,JLPT JLPT_N4
入学,にゅうがくする,,entry to school or university,universitas,JLPT JLPT_N4
片付ける,かたづける,,"to (clean) tidy up (v.t.), to put away",menyimpan,JLPT JLPT_N4
写す,うつす,,to copy (v.t.); to photograph,foto,JLPT JLPT_N4
パソコン,パソコン,,(personal) computer,komputer,JLPT JLPT_N4
部長,ぶちょう,,department (division) manager,manajer,Genki Genki_Ln.19 Intermediate_Japanese_Ln.15 JLPT JLPT_N4
火事,かじ,,fire,api,JLPT JLPT_N4
足す,たす,,to add (numbers),menambahkan,JLPT JLPT_N4
教会,きょうかい,,church,gereja,Intermediate_Japanese_Ln.9 JLPT JLPT_N4
彼ら,かれら,,they (usually male),mereka,JLPT JLPT_N4
いっぱい,一杯,,"full, to the utmost",penuh,JLPT JLPT_N4
アメリカ,アメリカ,,"America, U.S.A.",Amerika; Amerika Serikat,Genki Genki_Ln.1 Genki_Ln.2 JLPT JLPT_N4
男性,だんせい,,man; male,pria; laki-laki,JLPT JLPT_N4
理由,りゆう,,reason,alasan,JLPT JLPT_N4
生産,せいさんする,,production; to produce,produksi; menghasilkan; memproduksi,JLPT JLPT_N4
着物,きもの,,kimono; Japanese traditional dress,tradisional,Genki Genki_Ln.13 JLPT JLPT_N4
おもちゃ,おもちゃ,,a toy,sebuah; suatu,Genki Genki_Ln.11 JLPT JLPT_N4
暮れる,くれる,,"to get dark, to come to an end",gelap; menjadi gelap,JLPT JLPT_N4
釣る,つる,,to fish,ikan,JLPT JLPT_N4
～ちゃん,～ちゃん,,suffix for familiar (female) person,orang,JLPT JLPT_N4
打つ,うつ,,"to hit, to strike",memukul; menyerang; memukul,JLPT JLPT_N4
あんな,あんな,,"such, like that",seperti itu; dan,JLPT JLPT_N4
謝る,あやまる,,to apologize,minta maaf,JLPT JLPT_N4
昼間,ひるま,,"daytime, during the day",siang hari; di siang hari,JLPT JLPT_N4
教育,きょういく,,education,pendidikan,JLPT JLPT_N4
女性,じょせい,,woman,wanita; perempuan,JLPT JLPT_N4
米,こめ,,uncooked rice,nasi,JLPT JLPT_N4
邪魔,じゃま,,"hindrance, intrusion",penghalang; gangguan; penyusupan,JLPT JLPT_N4
国際,こくさい,,international,internasional,JLPT JLPT_N4
隅,すみ,,corner,sudut; pojok,JLPT JLPT_N4
伺う,うかがう,,"humble form of 行く (いく), 聞く (きく) and 来る (くる)",rendah hati,JLPT JLPT_N4
再来週,さらいしゅう,,the week after next,minggu,JLPT JLPT_N4
夢,ゆめ,,a dream,mimpi,Genki Genki_Ln.11 JLPT JLPT_N4
喉,のど,,throat,tenggorokan,JLPT JLPT_N4
最近,さいきん,,"recently, nowadays, in recent years, most recent, latest",baru-baru ini; dalam; di,Genki Genki_Ln.15 Intermediate_Japanese_Ln.9 JLPT JLPT_N4
周り,まわり,,surroundings,keliling,JLPT JLPT_N4
歴史,れきし,,history,sejarah,Genki Genki_Ln.1 Genki_Ln.2 Intermediate_Japanese_Ln.3 JLPT JLPT_N4
不便,ふべん,,inconvenience,ketidaknyamanan; merepotkan,JLPT JLPT_N4
血,ち,,blood,darah,JLPT JLPT_N4
～続ける,～つづける,,to continue doing ~,terus melakukan ~; melanjutkan ~,JLPT JLPT_N4
毛,け,,"hair, fur",rambut; bulu,JLPT JLPT_N4
ひどい,ひどい,,"terrible, awful, unfair, cruel",mengerikan; serius,Genki Genki_Ln.21 Intermediate_Japanese_Ln.4 JLPT JLPT_N4
例えば,たとえば,,"for example, e.g.",misalnya; contohnya,Genki Genki_Ln.17 Intermediate_Japanese_Ln.2 JLPT JLPT_N4
中々,なかなか,,"very, considerably, quite",sangat,JLPT JLPT_N4
随分,ずいぶん,,extremely,sangat,JLPT JLPT_N4
～やすい,～やすい,,easy to do ~,melakukan,JLPT JLPT_N4
押し入れ,おしいれ,,closet,lemari; lemari pakaian,JLPT JLPT_N4
電灯,でんとう,,electric light,ringan,JLPT JLPT_N4
叱る,しかる,,to scold,memarahi,JLPT JLPT_N4
サンダル,サンダル,,sandal,sandal,JLPT JLPT_N4
びっくりする,びっくりする,,to be surprised,ada; menjadi,Genki Genki_Ln.21 JLPT JLPT_N4
うまい,うまい,,delicious; skillful; fortunate,terampil,JLPT JLPT_N4
変える,かえる,,"to change, to alter, to vary",berubah,JLPT JLPT_N4
講堂,こうどう,,auditorium,auditorium; aula,JLPT JLPT_N4
子,こ,,child,anak,JLPT JLPT_N4
沸かす,わかす,,to boil,merebus,JLPT JLPT_N4
レジ,レジ,,register,catatan,JLPT JLPT_N4
しばらく,しばらく,,little while,kecil,JLPT JLPT_N4
特に,とくに,,particularly,khususnya; terutama,Intermediate_Japanese_Ln.3 JLPT JLPT_N4
空く,あく,,"to open, to become empty (vacant)",membuka,JLPT JLPT_N4
計画,けいかくする,,"plan, project, schedule",rencana; proyek,JLPT JLPT_N4
通り,とおり,,"~ Street, ~ Avenue",jalan ~; Jl. ~,JLPT JLPT_N4
下着,したぎ,,underwear,pakaian dalam; baju dalam,JLPT JLPT_N4
経済,けいざい,,"economics, finance, economy",ekonomi,JLPT JLPT_N4
こう,こう,,"like this, this way",ini,JLPT JLPT_N4
是非,ぜひ,,"certainly, by all means; without fail",tentu saja,Genki Genki_Ln.9 Intermediate_Japanese_Ln.15 Intermediate_Japanese_Ln.8 JLPT JLPT_N4
裏,うら,,"reverse side, back",belakang; kembali,JLPT JLPT_N4
為,ため,,"good, advantage, in order to",baik; bagus,JLPT JLPT_N4
おいでになる,おいでになる,,(hon.) to be,(kehormatan),JLPT JLPT_N4
変わる,かわる,,"to change (v.i.), to be transformed, to vary",mengubah; berubah,Intermediate_Japanese_Ln.4 JLPT JLPT_N4
以外,いがい,,"other than, with the exception of, excepting",dengan; bersama,Intermediate_Japanese_Ln.3 JLPT JLPT_N4
済む,すむ,,"to finish, to end",menyelesaikan; mengakhiri,JLPT JLPT_N4
ハンバーグ,ハンバーグ,,hamburger steak,steak hamburger; steak daging giling,JLPT JLPT_N4
市,し,,city,kota,JLPT JLPT_N4
引き出し,ひきだし,,drawer,laci,JLPT JLPT_N4
遊び,あそび,,play,bermain; drama,JLPT JLPT_N4
支度,したくする,,preparation,membuat,JLPT JLPT_N4
～始める,～はじめる,,to start doing ~,mulai melakukan ~,JLPT JLPT_N4
見える,みえる,,to be visible; -- polite verb meaning 来る (くる) --,terlihat,Genki Genki_Ln.15 JLPT JLPT_N4
十分,じゅうぶん,,enough,cukup,JLPT JLPT_N4
音,おと,,"sound, note",stabil,Genki Genki_Ln.20 JLPT JLPT_N4
きっと,きっと,,"surely, definitely, undoubtedly, certainly",tentu saja,Intermediate_Japanese_Ln.7 JLPT JLPT_N4
まず,まず,,"first (of all), to start with",memulai,Genki Genki_Ln.18 JLPT JLPT_N4
遠く,とおく,,"far away, distant",terpencil,JLPT JLPT_N4
大体,だいたい,,approximately; in most cases; in general; to begin with (same as もともと),pada umumnya,Intermediate_Japanese_Ln.15 Intermediate_Japanese_Ln.3 JLPT JLPT_N4
折れる,おれる,,"to break, to be folded, to give in; to turn (a corner)",memecahkan,JLPT JLPT_N4
正しい,ただしい,,correct,benar,JLPT JLPT_N4
輸入,ゆにゅう,,import,impor,JLPT JLPT_N4
返事,へんじ,,"reply, answer",jawaban,JLPT JLPT_N4
都,と,,metropolitan,metropolitan; kota raya,JLPT JLPT_N4
産業,さんぎょう,,industry,industri,JLPT JLPT_N4
伝える,つたえる,,"to convey (a message); to tell, to report",memberitahu; melaporkan,Genki Genki_Ln.20 Intermediate_Japanese_Ln.15 JLPT JLPT_N4
お金持ち,かねもち; おかねもち,,rich person,orang,JLPT JLPT_N4
説明,せつめい,,explanation,penjelasan,JLPT JLPT_N4
島,しま,,island,pulau,Intermediate_Japanese_Ln.5 JLPT JLPT_N4
道具,どうぐ,,tool,alat,JLPT JLPT_N4
滑る,すべる,,"to slide, to slip",meluncur; menggeser; tergelincir,JLPT JLPT_N4
それほど,それほど,,to that degree; extent,sejauh mana; tingkat,JLPT JLPT_N4
以上,いじょう,,more than; this is all,ini,JLPT JLPT_N4
～まま,～まま,,as it is,adanya,JLPT JLPT_N4
特急,とっきゅう,,limited express (train faster than an express),terbatas,JLPT JLPT_N4
プレゼント,プレゼント,,"present, gift",masa kini,Genki Genki_Ln.12 JLPT JLPT_N4
～(に) よると,～(に) よると,,according to ~,menurut ~; berdasarkan ~,JLPT JLPT_N4
妻,つま,,wife (humble),istri,JLPT JLPT_N4
帰り,かえり,,"return, coming back",kembali; pengembalian; kembali datang,JLPT JLPT_N4
具合,ぐあい,,"condition, state, health",kondisi; syarat; kondisi; keadaan; kesehatan,JLPT JLPT_N4
堅; 硬; 固い,かたい,,"solid, hard, firm",keras; sulit,JLPT JLPT_N4
駐車場,ちゅうしゃじょう,,parking lot,tempat parkir; area parkir,JLPT JLPT_N4
スーツ,スーツ,,suit,seragam,JLPT JLPT_N4
危険,きけん,,"danger, risk, hazard",risiko,Intermediate_Japanese_Ln.15 JLPT JLPT_N4
髪,かみ,,hair,rambut,Genki Genki_Ln.7 JLPT JLPT_N4
天気予報,てんきよほう,,weather forecast,meramalkan; prakiraan,Genki Genki_Ln.8 JLPT JLPT_N4
彼女,かのじょ,,girlfriend; she,dia (perempuan),Genki Genki_Ln.12 JLPT JLPT_N4
間,あいだ,,"space, interval",kamar,JLPT JLPT_N4
卒業,そつぎょう,,graduation,kelulusan; wisuda,JLPT JLPT_N4
それで,それで,,"and (conj.), thereupon, because of that",dan,JLPT JLPT_N4
枝,えだ,,"branch, twig",cabang; ranting,JLPT JLPT_N4
専門,せんもん,,major; speciality,mayor; utama; besar,Genki Genki_Ln.1 JLPT JLPT_N4
そろそろ,そろそろ,,"gradually, soon",perlahan-lahan; segera,JLPT JLPT_N4
送る,おくる,,"to send, to dispatch",mengirim,Genki Genki_Ln.14 Intermediate_Japanese_Ln.3 JLPT JLPT_N4
あげる,あげる,,to give,memberikan,JLPT JLPT_N4
騒ぐ,さわぐ,,"to make noise, to clamor",keributan,JLPT JLPT_N4
尋ねる,たずねる,,to inquire (same as 質問する),menanyakan; bertanya,JLPT JLPT_N4
放送,ほうそうする,,broadcasting,penyiaran; siaran,JLPT JLPT_N4
政治,せいじ,,politics,politik,Genki Genki_Ln.1 Genki_Ln.12 Intermediate_Japanese_Ln.3 JLPT JLPT_N4
市民,しみん,,citizen,warga negara; penduduk,JLPT JLPT_N4
ファックス,ファックス,,fax,faks; faksimile,JLPT JLPT_N4
負ける,まける,,"to lose (a game) (v.i.), to be defeated",ada; menjadi,Intermediate_Japanese_Ln.7 JLPT JLPT_N4
指輪,ゆびわ,,(finger) ring,membunyikan; berdering,Genki Genki_Ln.14 JLPT JLPT_N4
田舎,いなか,,"rural, countryside",pedesaan,JLPT JLPT_N4
見つける,みつける,,"to discover, to find (v.t.)",menemukan,Genki Genki_Ln.21 JLPT JLPT_N4
高校生,こうこうせい,,high school student,murid; mahasiswa,Genki Genki_Ln.1 JLPT JLPT_N4
講義,こうぎ,,a lecture,sebuah; suatu,Intermediate_Japanese_Ln.5 JLPT JLPT_N4
そんなに,そんなに,,"so much, like that",dan,JLPT JLPT_N4
昼休み,ひるやすみ,,"lunch break, noon recess",makan siang,JLPT JLPT_N4
忘れ物,わすれもの,,"lost article, something forgotten",sesuatu,JLPT JLPT_N4
下りる,おりる,,"to get down, to go; come down",pergi,JLPT JLPT_N4
腕,うで,,arm (in reference to body),lengan (bagian tubuh),Intermediate_Japanese_Ln.7 JLPT JLPT_N4
訳,わけ,,reason; explanation,alasan,JLPT JLPT_N4
承知,しょうちする,,"consent, acceptance",persetujuan,JLPT JLPT_N4
日記,にっき,,"diary, journal",buku harian; jurnal,Genki Genki_Ln.18 JLPT JLPT_N4
高校; 高等学校,こうこう; こうとうがっこう,,high school; senior high school,sekolah,JLPT JLPT_N4
似る,にる,,"to resemble, to be similar",ada; menjadi,JLPT JLPT_N4
～おわる,～おわる,,to finish doing ~,selesai melakukan ~,JLPT JLPT_N4
暖房,だんぼう,,heating,pemanasan; pemanas,JLPT JLPT_N4
留守,るす,,absence; not at home,tidak,Genki Genki_Ln.21 JLPT JLPT_N4
割合,わりあい,,"rate, ratio, percentage",tingkat; tarif; rasio,JLPT JLPT_N4
寺,てら,,Buddhist temple,kuil Buddha,JLPT JLPT_N4
慣れる,なれる,,to grow accustomed to,tumbuh,JLPT JLPT_N4
普通,ふつう,,common; usual,umum; biasa,Intermediate_Japanese_Ln.2 Intermediate_Japanese_Ln.3 JLPT JLPT_N4
手伝う,てつだう,,to help,membantu,JLPT JLPT_N4
なるほど,なるほど,,I see; I now understand,Saya mengerti; Begitu ya,Intermediate_Japanese_Ln.6 JLPT JLPT_N4
くださる,くださる,,"(hon.) to give, to confer",(kehormatan),JLPT JLPT_N4
息子,むすこ,,(humble) son,putra (kata humble),JLPT JLPT_N4
お子さん,おこさん,,(someone else's) child (polite),anak,Genki Genki_Ln.19 JLPT JLPT_N4
会場,かいじょう,,"venue, meeting place",tempat,JLPT JLPT_N4
笑う,わらう,,"to laugh, to smile",tertawa; tersenyum,JLPT JLPT_N4
運ぶ,はこぶ,,"to transport, to carry",membawa,Genki Genki_Ln.22 Intermediate_Japanese_Ln.6 JLPT JLPT_N4
文学,ぶんがく,,literature,sastra; literatur,Genki Genki_Ln.1 Intermediate_Japanese_Ln.3 JLPT JLPT_N4
光,ひかり,,light,ringan,JLPT JLPT_N4
お見舞い,おみまい,,"calling on someone who is ill, visit",seseorang,JLPT JLPT_N4
席,せき,,a seat,sebuah; suatu,Intermediate_Japanese_Ln.7 JLPT JLPT_N4
～様,～さま,,"Mr., Mrs., Ms.",Tuan; Nyonya; Nona,JLPT JLPT_N4
ご存じ,ごぞんじ,,"knowing, acquaintance",mengetahui; yang familiar,JLPT JLPT_N4
下る,さがる,,"to descend, to drop, to fall",jatuh,JLPT JLPT_N4
字,じ,,letter; character,karakter; sifat,Genki Genki_Ln.20 JLPT JLPT_N4
アジア,アジア,,Asia,Asia,JLPT JLPT_N4
褒める,ほめる,,to praise; to say nice things,memuji,Genki Genki_Ln.21 JLPT JLPT_N4
空く,すく,,"to be empty (in reference to people), to be less crowded",ada; menjadi,JLPT JLPT_N4
あ,あ,,Ah,Ah; Oh,JLPT JLPT_N4
最も,もっとも,,most,paling; sebagian besar,JLPT JLPT_N4
合う,あう,,"to fit, to match",kompetisi,JLPT JLPT_N4
～代,～だい,,~ age; period,periode; masa,JLPT JLPT_N4
最後,さいご,,"last, end",akhir; mengakhiri,JLPT JLPT_N4
値段,ねだん,,price,harga,JLPT JLPT_N4
退院,たいいんする,,leaving hospital,rumah sakit,JLPT JLPT_N4
展覧会,てんらんかい,,exhibition,pameran,JLPT JLPT_N4
久しぶり,ひさしぶり,,it has been a long time; for the first time in a long time,panjang,Genki Genki_Ln.11 Intermediate_Japanese_Ln.4 JLPT JLPT_N4
カーテン,カーテン,,curtain,bertindak,Genki Genki_Ln.18 JLPT JLPT_N4
汽車,きしゃ,,train (steam),kereta,JLPT JLPT_N4
遅れる,おくれる,,to (be) become late,terlambat,Genki Genki_Ln.19 Intermediate_Japanese_Ln.2 JLPT JLPT_N4
見つかる,みつかる,,"to be found (v.i.), to be discovered",ditemukan; ada; menjadi,JLPT JLPT_N4
召し上がる,めしあがる,,-- honorific form of 食べる (たべる) and 飲む (のむ) --,bentuk kehormatan untuk 'makan' dan 'minum',Genki Genki_Ln.19 Intermediate_Japanese_Ln.6 JLPT JLPT_N4
太る,ふとる,,to gain weight,menjadi gemuk,Genki Genki_Ln.7 JLPT JLPT_N4
注射,ちゅうしゃ,,injection,suntikan; injeksi,JLPT JLPT_N4
様,よう,,"way, manner, kind",baik hati; ramah,JLPT JLPT_N4
～おき,～おき,,after every ~,setiap,JLPT JLPT_N4
最初,さいしょ,,"beginning, first",pertama; pertama kali,JLPT JLPT_N4
御～,ご～,,honorable ~,yang terhormat ~,JLPT JLPT_N4
安心,あんしん,,"peace of mind, relief",perdamaian,JLPT JLPT_N4
直る,なおる,,to be fixed,tetap; ditetapkan,JLPT JLPT_N4
集める,あつめる,,"to collect, to gather (v.t.), to assemble",mengumpulkan,Genki Genki_Ln.16 Intermediate_Japanese_Ln.7 JLPT JLPT_N4
直す,なおす,,to correct (v.t.); to fix,memperbaiki,Genki Genki_Ln.16 JLPT JLPT_N4
続く,つづく,,to be continued,ada; menjadi,JLPT JLPT_N4
先輩,せんぱい,,senior members of a group,kelompok,Genki Genki_Ln.22 JLPT JLPT_N4
約束,やくそく,,"arrangement, appointment, promise",janji,Genki Genki_Ln.13 JLPT JLPT_N4
世話,せわする,,looking after; to look after,melihat,JLPT JLPT_N4
近所,きんじょ,,neighborhood,lingkungan,JLPT JLPT_N4
将来,しょうらい,,(in the) future; prospects,harapan,Genki Genki_Ln.11 Intermediate_Japanese_Ln.5 JLPT JLPT_N4
億,おく,,hundred million,seratus juta,JLPT JLPT_N4
数学,すうがく,,mathematics,matematika,JLPT JLPT_N4
文化,ぶんか,,culture,budaya,Genki Genki_Ln.19 JLPT JLPT_N4
払う,はらう,,to pay,membayar,Genki Genki_Ln.10 Intermediate_Japanese_Ln.3 JLPT JLPT_N4
習慣,しゅうかん,,custom (in reference to culture),adat; kebiasaan,JLPT JLPT_N4
焼ける,やける,,"to burn, to be roasted",membakar,JLPT JLPT_N4
君,きみ,,you (informal for men),kamu; Anda,JLPT JLPT_N4
冷える,ひえる,,"to grow cold, to cool down",tumbuh,JLPT JLPT_N4
点く,つく,,"to be started, to be switched on",ada; menjadi,JLPT JLPT_N4
この間,このあいだ,,"the other day, recently",(kata sandang); baru-baru ini,Genki Genki_Ln.16 JLPT JLPT_N4
かっこう,格好,,"appearance, manner, shape, form, posture",penampilan; tampilan,JLPT JLPT_N4
かまう,,,"to mind, to care about, to be concerned about",ada; menjadi,JLPT JLPT_N4
続ける,つづける,,"to continue, to keep up",melanjutkan,Genki Genki_Ln.21 JLPT JLPT_N4
落す,おとす,,"to drop, to lose",kalah,JLPT JLPT_N4
明日,あす,,tomorrow,besok,JLPT JLPT_N4
出発,しゅっぱつする,,departure,keberangkatan; kepergian,JLPT JLPT_N4
拝見,はいけんする,,"(humble) (polite) seeing, look at",melihat,JLPT JLPT_N4
割れる,われる,,to break,memecahkan,JLPT JLPT_N4
背中,せなか,,back (of body),belakang; kembali,JLPT JLPT_N4
新聞社,しんぶんしゃ,,newspaper company,perusahaan,JLPT JLPT_N4
いじめる,いじめる,,"to bully, to torment",untuk memperlakukan dengan buruk; untuk menyiksa,Genki Genki_Ln.21 JLPT JLPT_N4
回る、回す,まわる、まわす,,"to go around, to revolve",berputar; berevolusi; mengitari,JLPT JLPT_N4
～君,～くん,,"Mr. (junior) ~, master ~",Tuan (junior); master ~,JLPT JLPT_N4
おっしゃる,おっしゃる,,-- honorific expression for いう --,ekspresi; ungkapan,Genki Genki_Ln.19 JLPT JLPT_N4
眠い,ねむい,,"sleepy, drowsy",mengantuk,Genki Genki_Ln.10 JLPT JLPT_N4
濡れる,ぬれる,,to get wet,basah; kehujanan,JLPT JLPT_N4
倒れる,たおれる,,"to collapse, to break down",keruntuhan,JLPT JLPT_N4
スーパー (マーケット),スーパー (マーケット),,supermarket,supermarket; pasar swalayan,JLPT JLPT_N4
アクセサリー,アクセサリー,,accessory,aksesori,JLPT JLPT_N4
考える,かんがえる,,to think (about); to consider,mempertimbangkan,Genki Genki_Ln.18 JLPT JLPT_N4
向かう,むかう,,"to face, to go towards",wajah; menghadapi,JLPT JLPT_N4
自由,じゆう,,freedom,kebebasan,Genki Genki_Ln.22 JLPT JLPT_N4
仕方,しかた,,way (of doing something),cara; jalan,JLPT JLPT_N4
首,くび,,neck,leher,JLPT JLPT_N4
程,ほど,,"degree, extent",gelar; derajat; tingkat,JLPT JLPT_N4
代わり,かわり,,"substitute, replacement",menggantikan,JLPT JLPT_N4
失敗,しっぱい,,"failure, mistake",kegagalan,JLPT JLPT_N4
工業,こうぎょう,,(manufacturing) industry,industri manufaktur,JLPT JLPT_N4
移る,うつる,,to move (from a house); to transfer (from a department); to shift,mentransfer; memindahkan,JLPT JLPT_N4
スーツケース,スーツケース,,suitcase,koper,JLPT JLPT_N4
ひげ,ひげ,,beard,janggut; kumis,Genki Genki_Ln.17 JLPT JLPT_N4
研究室,けんきゅうしつ,,the professor's office; laboratory,(kata sandang),Intermediate_Japanese_Ln.3 JLPT JLPT_N4
工場,こうじょう,,factory,pabrik,Genki Genki_Ln.21 Intermediate_Japanese_Ln.15 JLPT JLPT_N4
紹介,しょうかい,,an introduction,sebuah; suatu,JLPT JLPT_N4
けれど; けれども,けれど; けれども,,"but, although",tapi; namun; meskipun; walaupun,JLPT JLPT_N4
舟,ふね,,"ship, boat",kapal,JLPT JLPT_N4
動く,うごく,,to move,pindah,JLPT JLPT_N4
～(に) ついて,～(に) ついて,,"about, concerning",tentang; sekitar,JLPT JLPT_N4
コンサート,コンサート,,concert,program,Genki Genki_Ln.9 JLPT JLPT_N4
虫,むし,,insect,serangga,JLPT JLPT_N4
優しい,やさしい,,"kind (person), gentle (person), easy (problem)",lembut,Genki Genki_Ln.5 JLPT JLPT_N4
コンピュータ; コンピューター,コンピュータ; コンピューター,,computer,komputer,JLPT JLPT_N4
植える,うえる,,to plant,pabrik,JLPT JLPT_N4
両方,りょうほう,,"both sides, both parties",keduanya; kedua,JLPT JLPT_N4
汚れる,よごれる,,to become dirty,ada; menjadi,JLPT JLPT_N4
水泳,すいえい,,swimming,berenang; renang,JLPT JLPT_N4
経験,けいけんする,,experience,pengalaman,JLPT JLPT_N4
勝つ,かつ,,to win,menang,JLPT JLPT_N4
砂,すな,,sand,pasir,JLPT JLPT_N4
警察,けいさつ,,police; police station,polisi,Genki Genki_Ln.21 JLPT JLPT_N4
取り替える,とりかえる,,"to exchange, to replace",pertukaran,JLPT JLPT_N4
急ぐ,いそぐ,,"to hurry, to be in a hurry, to rush",ada; menjadi,Genki Genki_Ln.6 Intermediate_Japanese_Ln.2 JLPT JLPT_N4
簡単,かんたん,,simple,sederhana,JLPT JLPT_N4
参る,まいる,,humble expression for 行く and 来る,rendah hati,Genki Genki_Ln.20 Intermediate_Japanese_Ln.6 JLPT JLPT_N4
全然,ぜんぜん,,"not at all; wholly, entirely",sama sekali tidak,JLPT JLPT_N4
特別,とくべつ,,special,spesial,JLPT JLPT_N4
復習,ふくしゅう,,"review (of lessons), revision",meninjau,JLPT JLPT_N4
間に合う,まにあう,,to be in time for,ada; menjadi,JLPT JLPT_N4
役に立つ,やくにたつ,,"to be helpful, to be useful",ada; menjadi,Intermediate_Japanese_Ln.4 JLPT JLPT_N4
もうすぐ,もうすぐ,,very soon; in a few moments; days,sangat; dalam; di,Genki Genki_Ln.12 JLPT JLPT_N4
真中,まんなか,,"middle, center",pertengahan; tengah,JLPT JLPT_N4
戻る,もどる,,to return (v.i.); to come back,kembali,Genki Genki_Ln.20 Intermediate_Japanese_Ln.8 JLPT JLPT_N4
研究,けんきゅう,,"study, research, investigation",penelitian,JLPT JLPT_N4
ケーキ,ケーキ,,cake,kue; cake,Genki Genki_Ln.13 JLPT JLPT_N4
草,くさ,,grass,rumput,JLPT JLPT_N4
込む,こむ,,to be crowded,ada; menjadi,JLPT JLPT_N4
この頃,このごろ,,"these days, nowadays",ini,Genki Genki_Ln.10 JLPT JLPT_N4
訪ねる,たずねる,,to visit,mengunjungi,JLPT JLPT_N4
下げる,さげる,,to lower (v.t.); to hang,menggantung; menggantungkan,Intermediate_Japanese_Ln.2 JLPT JLPT_N4
花見,はなみ,,cherry-blossom viewing,hanami; melihat bunga sakura,JLPT JLPT_N4
途中,とちゅう,,"on the way, midway",pertengahan,JLPT JLPT_N4
入院,にゅういんする,,hospitalization,rawat inap; dirawat di rumah sakit,JLPT JLPT_N4
乗り換える,のりかえる,,"to transfer (trains), to change (bus, train, etc.)",kereta,JLPT JLPT_N4
別れる,わかれる,,"to part from, to separate",memisahkan,JLPT JLPT_N4
～町,～ちょう,,the town of ~,(kata sandang),JLPT JLPT_N4
安全,あんぜん,,"safety, security",keamanan,JLPT JLPT_N4
看護婦,かんごふ,,(female) nurse,perawat,JLPT JLPT_N4
見物,けんぶつ,,sightseeing,wisata; tamasya; sightseeing,JLPT JLPT_N4
相談,そうだんする,,consultation,konsultasi,JLPT JLPT_N4
ガソリンスタンド,ガソリンスタンド,,"gas station, service station",stasiun,JLPT JLPT_N4
テニス,テニス,,tennis,"keras (khususnya hardball, tenis, dll.)",Genki Genki_Ln.3 JLPT JLPT_N4
眠る,ねむる,,to sleep,tidur,JLPT JLPT_N4
上がる,あがる,,"to rise, to go up",naik; meningkat,JLPT JLPT_N4
翻訳,ほんやく,,translation,terjemahan; alih bahasa,Intermediate_Japanese_Ln.8 JLPT JLPT_N4
食事,しょくじする,,meal,hidangan,JLPT JLPT_N4
おかげ,お陰,,thanks or owing to,berkat; karena,JLPT JLPT_N4
娘,むすめ,,daughter (humble),putri (bahasa rendah diri),JLPT JLPT_N4
湯,ゆ,,hot water,air,JLPT JLPT_N4
競争,きょうそう,,"competition, contest",kompetisi; persaingan,JLPT JLPT_N4
会議,かいぎ,,business meeting; conference,konferensi; rapat,Genki Genki_Ln.21 JLPT JLPT_N4
湖,みずうみ,,lake,danau,Genki Genki_Ln.11 Intermediate_Japanese_Ln.4 JLPT JLPT_N4
集まる,あつまる,,"to gather (v.i.), to collect",mengumpulkan,Intermediate_Japanese_Ln.7 JLPT JLPT_N4
～にくい,～にくい,,difficult to do ~,sulit,JLPT JLPT_N4
生活,せいかつする,,"living, life; to live",hidup,JLPT JLPT_N4
糸,いと,,thread,benang,JLPT JLPT_N4
関係,かんけい,,"relation(ship), connection",koneksi; hubungan,JLPT JLPT_N4
ピアノ,ピアノ,,piano,piano,Genki Genki_Ln.9 JLPT JLPT_N4
～目,～め,,"number ~ sequence, ~nd; ~th",angka; jumlah,JLPT JLPT_N4
番組,ばんぐみ,,broadcast program,menyiarkan,Genki Genki_Ln.15 JLPT JLPT_N4
急,きゅう,,"urgent, sudden; steep",mendadak; tiba-tiba,JLPT JLPT_N4
棚,たな,,"shelves, rack",rak,JLPT JLPT_N4
木綿,もめん,,cotton,kapas; katun,JLPT JLPT_N4
輸出,ゆしゅつする,,export,ekspor,JLPT JLPT_N4
タイプ,タイプ,,"type, style",jenis; tipe,JLPT JLPT_N4
すり,すり,,pickpocket,copet; pencopet,JLPT JLPT_N4
うれしい,嬉しい,,to be happy; to be glad,ada; menjadi,Genki Genki_Ln.13 JLPT JLPT_N4
アルコール,アルコール,,alcohol,alkohol,JLPT JLPT_N4
ソフト,ソフト,,soft; soft hat; software,lembut,JLPT JLPT_N4
神社,じんじゃ,,Shinto shrine,kuil Shinto,JLPT JLPT_N4
大分,だいぶ,,"fairly well, to a large extent, considerably, pretty much",cantik,Intermediate_Japanese_Ln.4 JLPT JLPT_N4
楽しみ,たのしみ,,"pleasure, joy",kesenangan; kenikmatan,JLPT JLPT_N4
趣味,しゅみ,,hobby; pastime,"pahlawan, hobi, konsensus)",Genki Genki_Ln.20 JLPT JLPT_N4
電報,でんぽう,,telegram,telegram,JLPT JLPT_N4
家内,かない,,(one's own) wife,istri,Intermediate_Japanese_Ln.7 JLPT JLPT_N4
指,ゆび,,finger,jari,JLPT JLPT_N4
これから,これから,,"from now on, after this",mulai sekarang,JLPT JLPT_N4
たまに,たまに,,occasionally,dari waktu ke waktu,JLPT JLPT_N4
社会,しゃかい,,society,masyarakat,JLPT JLPT_N4
ああ,ああ,,"Ah!, Oh!",Ah!; Oh!,JLPT JLPT_4 JLPT_5 JLPT_N5
会う,あう,,"to meet, to see",bertemu; melihat,JLPT JLPT_3 JLPT_5 JLPT_N5
青,あお,,blue,biru,JLPT JLPT_5 JLPT_N5
青い,あおい,,blue,biru,Genki Genki_Ln.9 JLPT JLPT_5 JLPT_N5
赤,あか,,red,merah (warna),JLPT JLPT_5 JLPT_N5
赤い,あかい,,red,merah (warna),Genki Genki_Ln.9 Intermediate_Japanese Intermediate_Japanese_Ln.12 JLPT JLPT_5 JLPT_N5
明るい,あかるい,,bright (in reference to personality or weather); cheerful,cerah; terang,Genki Genki_Ln.18 Intermediate_Japanese Intermediate_Japanese_Ln.11 JLPT JLPT_5 JLPT_N5
秋,あき,,fall (season),jatuh,Genki Genki_Ln.10 Intermediate_Japanese Intermediate_Japanese_Ln.4 JLPT JLPT_3 JLPT_5 JLPT_N5
開く,あく,,"to open, to become open",membuka,JLPT JLPT_3 JLPT_5 JLPT_N5
開ける,あける,,to open (v.t.),membuka,Intermediate_Japanese Intermediate_Japanese_Ln.12 JLPT JLPT_3 JLPT_5 JLPT_N5
上げる,あげる,,"to raise, to lift",mengangkat,JLPT JLPT_3 JLPT_5 JLPT_N5
朝,あさ,,morning,pagi,Genki Genki_Ln.3 Intermediate_Japanese Intermediate_Japanese_Ln.2 JLPT JLPT_5 JLPT_N5
朝御飯,あさごはん,,breakfast,sarapan,Genki Genki_Ln.3 JLPT JLPT_5 JLPT_N5
明後日,あさって,,day after tomorrow,besok,JLPT JLPT_5 JLPT_N5
足; 脚,あし,,foot; leg,mengais,JLPT JLPT_5 JLPT_N5
明日,あした,,tomorrow,besok,Genki Genki_Ln.3 Intermediate_Japanese Intermediate_Japanese_Ln.7 JLPT JLPT_3 JLPT_5 JLPT_N5
あそこ,あそこ,,"there, over there, that place",di atas; lebih dari,Genki Genki_Ln.2 JLPT JLPT_5 JLPT_N5
遊ぶ,あそぶ,,to play; to spend time pleasantly; to hang out,bermain,Genki Genki_Ln.6 Intermediate_Japanese Intermediate_Japanese_Ln.1 JLPT JLPT_5 JLPT_N5
暖かい,あたたかい,,warm,hangat,JLPT_N5
頭,あたま,,head,kepala; pemimpin,Intermediate_Japanese Intermediate_Japanese_Ln.2 JLPT JLPT_5 JLPT_N5
新しい,あたらしい,,new,baru,Genki Genki_Ln.5 JLPT JLPT_5 JLPT_N5
あちら,あちら,,this way (polite),ini,Genki Genki_Ln.20 JLPT JLPT_5 JLPT_N5
暑い,あつい,,"hot (in reference to weather), warm",hangat,Genki Genki_Ln.5 Intermediate_Japanese Intermediate_Japanese_Ln.4 JLPT JLPT_5 JLPT_N5
熱い,あつい,,hot (objects),panas (benda),Genki Genki_Ln.5 JLPT JLPT_5 JLPT_N5
厚い,あつい,,"kind, warm(hearted), thick, deep",baik hati; ramah; tebal,JLPT JLPT_5 JLPT_N5
あっち,あっち,,over there,di atas; lebih dari,JLPT JLPT_5 JLPT_N5
後,あと,,afterwards (later); in the future; the rest; since then,dalam; di; (kata sandang),Genki Genki_Ln.18 JLPT JLPT_2 JLPT_3 JLPT_5 JLPT_N5
あなた,あなた,,you,kamu; Anda,Genki Genki_Ln.4 JLPT JLPT_5 JLPT_N5
兄,あに,,(my) older brother (humble),kakak laki-laki saya (kata humble),Genki Genki_Ln.14 JLPT JLPT_5 JLPT_N5
姉,あね,,(my) older sister (humble),kakak perempuan saya (kata humble),Genki Genki_Ln.7 JLPT JLPT_5 JLPT_N5
アパート,アパート,,apartment (abbr.),apartemen (singkatan),Genki Genki_Ln.7 JLPT JLPT_5 JLPT_N5
あの,あの,,"that over there; like that, that way; um...",di atas; lebih dari,JLPT JLPT_4 JLPT_5 JLPT_N5
浴びる,あびる,,"to bathe, to shower",mandi; mandi shower,JLPT JLPT_3 JLPT_5 JLPT_N5
危ない,あぶない,,"dangerous, critical",berbahaya,Intermediate_Japanese Intermediate_Japanese_Ln.15 JLPT JLPT_5 JLPT_N5
甘い,あまい,,"generous, sweet",dermawan,Genki Genki_Ln.12 JLPT JLPT_5 JLPT_N5
余り,あまり,,not very; surplus,surplus,JLPT JLPT_3 JLPT_5 JLPT_N5
雨,あめ,,rain,hujan,Genki Genki_Ln.8 JLPT JLPT_5 JLPT_N5
飴,あめ,,(hard) candy,permen keras,JLPT JLPT_5 JLPT_N5
洗う,あらう,,to wash,mencuci,Genki Genki_Ln.8 Intermediate_Japanese Intermediate_Japanese_Ln.10 JLPT JLPT_5 JLPT_N5
在る,ある,,"to be, to have",ada; menjadi,JLPT JLPT_3 JLPT_5 JLPT_N5
有る,ある,,"to be, to have",ada; menjadi,JLPT JLPT_3 JLPT_5 JLPT_N5
歩く,あるく,,to walk,berjalan,Genki Genki_Ln.20 Intermediate_Japanese Intermediate_Japanese_Ln.1 JLPT JLPT_5 JLPT_N5
あれ,あれ,,that one (over there),itu; bahwa,Genki Genki_Ln.2 JLPT JLPT_5 JLPT_N5
いい; よい,いい; よい,,good,baik; bagus,JLPT JLPT_5 JLPT_N5
いいえ,いいえ,,"no, not at all",sama sekali tidak,JLPT JLPT_5 JLPT_N5
言う,いう,,to say,berkata,Genki Genki_Ln.8 JLPT JLPT_5 JLPT_N5
家,いえ,,"house, home",rumah,Genki Genki_Ln.3 JLPT JLPT_2 JLPT_3 JLPT_5 JLPT_N5
いかが,いかが,,"how, in what way",bagaimana; cara; dalam; di,JLPT JLPT_5 JLPT_N5
行く,いく; ゆく,,to go,pergi,JLPT JLPT_5 JLPT_N5
いくつ,いくつ,,"how many, how old",bagaimana; cara,JLPT JLPT_3 JLPT_5 JLPT_N5
いくら,いくら,,"how much, how many",bagaimana; cara,Genki Genki_Ln.2 JLPT JLPT_3 JLPT_5 JLPT_N5
池,いけ,,pond,kolam; telaga,JLPT JLPT_5 JLPT_N5
医者,いしゃ,,doctor; physician,dokter,Genki Genki_Ln.1 Genki_Ln.10 Intermediate_Japanese Intermediate_Japanese_Ln.12 JLPT JLPT_5 JLPT_N5
椅子,いす,,chair,chairman ketua (komite),JLPT JLPT_3 JLPT_5 JLPT_N5
忙しい,いそがしい,,"busy (people, days)",sibuk,Genki Genki_Ln.5 JLPT JLPT_5 JLPT_N5
痛い,いたい,,hurt; painful; sore,sedih,Genki Genki_Ln.12 Intermediate_Japanese Intermediate_Japanese_Ln.5 JLPT JLPT_5 JLPT_N5
一,いち,,one,satu; seseorang,JLPT JLPT_3 JLPT_5 JLPT_N5
一日,いちにち,,one day (duration),satu; seseorang,Genki Genki_Ln.13 JLPT JLPT_5 JLPT_N5
一番,いちばん,,"best (most), first, number one",angka; jumlah,Genki Genki_Ln.10 Intermediate_Japanese Intermediate_Japanese_Ln.3 JLPT JLPT_3 JLPT_5 JLPT_N5
いつ,いつ,,when,waktu,Genki Genki_Ln.3 JLPT JLPT_2 JLPT_5 JLPT_N5
五日,いつか,,five days; fifth day of the month,bulan,Genki Genki_Ln.13 JLPT JLPT_3 JLPT_5 JLPT_N5
一緒,いっしょ,,together,bersama,Intermediate_Japanese Intermediate_Japanese_Ln.7 JLPT JLPT_5 JLPT_N5
五つ,いつつ,,five things,hal-hal; benda-benda,Genki Genki_Ln.9 JLPT JLPT_5 JLPT_N5
いつも,いつも,,"always, usually, every time, never (with neg. verb)",selalu; biasanya,Genki Genki_Ln.12 JLPT JLPT_3 JLPT_5 JLPT_N5
犬,いぬ,,dog,anjing,Genki Genki_Ln.4 JLPT JLPT_5 JLPT_N5
今,いま,,now,sekarang,Genki Genki_Ln.1 JLPT JLPT_3 JLPT_5 JLPT_N5
意味,いみ,,"meaning, significance",arti; makna,Genki Genki_Ln.12 Intermediate_Japanese Intermediate_Japanese_Ln.2 JLPT JLPT_5 JLPT_N5
妹,いもうと,,younger sister (humble),adik perempuan (bahasa rendah diri),Genki Genki_Ln.1 Genki_Ln.7 JLPT JLPT_5 JLPT_N5
嫌,いや,,"disagreeable, detestable, unpleasant",tidak menyenangkan,JLPT JLPT_3 JLPT_5 JLPT_N5
入口,いりぐち,,entrance,pintu masuk; lobi,JLPT JLPT_5 JLPT_N5
居る,いる,,"(humble) to be (animate), to exist",ada; eksis,JLPT JLPT_5 JLPT_N5
要る,いる,,to need,membutuhkan,JLPT JLPT_5 JLPT_N5
入れる,いれる,,to put in,untuk memasukkan,JLPT JLPT_5 JLPT_N5
色,いろ,,color,warna,Genki Genki_Ln.9 Intermediate_Japanese Intermediate_Japanese_Ln.9 JLPT JLPT_5 JLPT_N5
色々,いろいろ,,various,berbagai,JLPT JLPT_5 JLPT_N5
上,うえ,,"above (up, top, etc.), over, on top of",puncak; teratas,JLPT JLPT_2 JLPT_5 JLPT_N5
後ろ,うしろ,,"back, behind, rear",belakang; kembali,JLPT JLPT_3 JLPT_5 JLPT_N5
薄い,うすい,,"thin, weak",tipis; lemah,JLPT JLPT_3 JLPT_5 JLPT_N5
歌,うた,,a song,sebuah; suatu,Genki Genki_Ln.7 JLPT JLPT_5 JLPT_N5
歌う,うたう,,to sing,bernyanyi,Genki Genki_Ln.7 Intermediate_Japanese Intermediate_Japanese_Ln.7 JLPT JLPT_5 JLPT_N5
うち,うち,,home; house; my place,rumah,Genki Genki_Ln.3 JLPT JLPT_3 JLPT_5 JLPT_N5
生まれる,うまれる,,to be born,lahir,JLPT JLPT_3 JLPT_5 JLPT_N5
海,うみ,,"sea, beach",laut,Genki Genki_Ln.5 JLPT JLPT_5 JLPT_N5
売る,うる,,to sell (v.t.),menjual,Genki Genki_Ln.15 Intermediate_Japanese Intermediate_Japanese_Ln.6 JLPT JLPT_3 JLPT_5 JLPT_N5
うるさい,うるさい,,noisy; annoying,berisik,Genki Genki_Ln.22 JLPT JLPT_3 JLPT_5 JLPT_N5
上着,うわぎ,,"coat, jacket",pengadilan,JLPT JLPT_5 JLPT_N5
絵,え,,a painting; a picture; a drawing,sebuah; suatu,Genki Genki_Ln.15 JLPT JLPT_3 JLPT_5 JLPT_N5
映画,えいが,,"movie, film",membran,Genki Genki_Ln.3 Intermediate_Japanese Intermediate_Japanese_Ln.7 JLPT JLPT_5 JLPT_N5
映画館,えいがかん,,"movie theater, cinema",bioskop; gedung film,Genki Genki_Ln.15 JLPT JLPT_5 JLPT_N5
英語,えいご,,English (language),bahasa Inggris,Genki Genki_Ln.1 JLPT JLPT_5 JLPT_N5
ええ,ええ,,yes,ya,Genki Genki_Ln.1 JLPT JLPT_5 JLPT_N5
駅,えき,,station,stasiun,Genki Genki_Ln.10 JLPT JLPT_5 JLPT_N5
エレベーター,エレベーター,,elevator,lift; elevator,JLPT JLPT_2 JLPT_5 JLPT_N5
～円,～えん,,Yen,Yen (mata uang Jepang),JLPT JLPT_5 JLPT_N5
鉛筆,えんぴつ,,pencil,pensil,Genki Genki_Ln.2 JLPT JLPT_5 JLPT_N5
お～,お～,,honorable ~ (honorific),yang terhormat ~ (kehormatan),JLPT JLPT_5 JLPT_N5
美味しい,おいしい,,"delicious, tasty",lezat; enak,JLPT JLPT_5 JLPT_N5
多い,おおい,,many; there are a lot,banyak; jamak,Intermediate_Japanese Intermediate_Japanese_Ln.1 JLPT JLPT_5 JLPT_N5
大きい,おおきい,,"big, large",besar,Genki Genki_Ln.5 JLPT JLPT_5 JLPT_N5
大きな,おおきな,,big,besar,JLPT JLPT_5 JLPT_N5
大勢,おおぜい,,great number of people,angka; jumlah,JLPT JLPT_5 JLPT_N5
お母さん,おかあさん,,mother (formal),ibu,Genki Genki_Ln.1 Genki_Ln.2 JLPT JLPT_5 JLPT_N5
お菓子,おかし,,"confections, sweets, snack",kembang gula; manisan; camilan,Genki Genki_Ln.11 JLPT JLPT_5 JLPT_N5
お金,おかね,,money,uang,Genki Genki_Ln.6 JLPT JLPT_5 JLPT_N5
起きる,おきる,,"to get up (e.g., from sleeping); to happen",terjadi,Genki Genki_Ln.3 Intermediate_Japanese Intermediate_Japanese_Ln.12 JLPT JLPT_3 JLPT_5 JLPT_N5
置く,おく,,to put; to lay; to place,meletakkan,Genki Genki_Ln.21 JLPT JLPT_3 JLPT_5 JLPT_N5
奥さん,おくさん,,(someone else's) wife (hon.),istri,Genki Genki_Ln.14 Intermediate_Japanese Intermediate_Japanese_Ln.9 JLPT JLPT_5 JLPT_N5
お酒,おさけ,,sake; alcohol,untuk,Genki Genki_Ln.3 JLPT JLPT_5 JLPT_N5
お皿,おさら,,"plate, dish",piring; piringan,JLPT JLPT_5 JLPT_N5
伯父; 叔父さん,おじさん,,"uncle, middle-aged man",paman,JLPT JLPT_5 JLPT_N5
おじいさん,おじいさん,,"grandfather, male senior citizen",kakek,Genki Genki_Ln.13 JLPT JLPT_3 JLPT_5 JLPT_N5
教える,おしえる,,"to teach, to inform, to instruct",mengajar,Intermediate_Japanese Intermediate_Japanese_Ln.1 JLPT JLPT_5 JLPT_N5
押す,おす,,"to push, to press, to stamp (e.g., a passport)",mendorong,Genki Genki_Ln.18 JLPT JLPT_5 JLPT_N5
遅い,おそい,,slow; (to be) late,lambat,Genki Genki_Ln.10 Intermediate_Japanese Intermediate_Japanese_Ln.11 JLPT JLPT_5 JLPT_N5
お茶,おちゃ,,(green) tea,teh hijau,Genki Genki_Ln.3 Intermediate_Japanese Intermediate_Japanese_Ln.6 JLPT JLPT_5 JLPT_N5
お手洗い,おてあらい,,"toilet, restroom, bathroom (lit., a place to wash one's hands)",mencuci,Genki Genki_Ln.2 Intermediate_Japanese Intermediate_Japanese_Ln.13 JLPT JLPT_5 JLPT_N5
お父さん,おとうさん,,father (formal),ayah,Genki Genki_Ln.1 Genki_Ln.2 JLPT JLPT_5 JLPT_N5
弟,おとうと,,younger brother,adik laki-laki,Genki Genki_Ln.1 Genki_Ln.7 JLPT JLPT_5 JLPT_N5
男,おとこ,,"man, male",pria; laki-laki,Genki Genki_Ln.17 JLPT JLPT_5 JLPT_N5
男の子,おとこのこ,,boy,anak laki-laki,Genki Genki_Ln.11 JLPT JLPT_5 JLPT_N5
一昨日,おととい,,the day before yesterday,kemarin,Genki Genki_Ln.19 JLPT JLPT_5 JLPT_N5
おととし,おととし,,year before last,tahun,JLPT JLPT_5 JLPT_N5
大人,おとな,,adult,orang dewasa,Genki Genki_Ln.13 JLPT JLPT_5 JLPT_N5
お腹,おなか,,stomach,perut; lambung,JLPT JLPT_3 JLPT_5 JLPT_N5
同じ,おなじ,,"same, identical",sama,Genki Genki_Ln.14 Intermediate_Japanese Intermediate_Japanese_Ln.1 JLPT JLPT_5 JLPT_N5
お兄さん,おにいさん,,(someone else's) older brother (formal),kakak laki-laki orang lain (formal),Genki Genki_Ln.1 Genki_Ln.7 Intermediate_Japanese Intermediate_Japanese_Ln.4 JLPT JLPT_5 JLPT_N5
お姉さん,おねえさん,,older sister (formal),kakak perempuan (formal),Genki Genki_Ln.1 Genki_Ln.7 JLPT JLPT_5 JLPT_N5
伯母さん; 叔母さん,おばさん,,aunt,bibi,JLPT JLPT_5 JLPT_N5
おばあさん,おばあさん,,"grandmother, female senior-citizen",nenek,Genki Genki_Ln.6 JLPT JLPT_5 JLPT_N5
お風呂,おふろ,,a bath,sebuah; suatu,JLPT_N5
お弁当,おべんとう,,a boxed lunch,sebuah; suatu,Genki Genki_Ln.9 JLPT JLPT_5 JLPT_N5
覚える,おぼえる,,"to learn, to commit to memory, to remember, to memorize",belajar; mengingat,Intermediate_Japanese Intermediate_Japanese_Ln.2 JLPT JLPT_5 JLPT_N5
おまわりさん,おまわりさん,,policeman (friendly term),polisi (panggilan akrab),JLPT JLPT_5 JLPT_N5
重い,おもい,,heavy; serious,berat; serius,Genki Genki_Ln.20 JLPT JLPT_3 JLPT_5 JLPT_N5
面白い,おもしろい,,"interesting, amusing",menarik,Genki Genki_Ln.5 Intermediate_Japanese Intermediate_Japanese_Ln.4 JLPT JLPT_5 JLPT_N5
泳ぐ,およぐ,,to swim,berenang,Genki Genki_Ln.5 JLPT JLPT_5 JLPT_N5
降りる,おりる,,to get off,mendapatkan; menjadi,JLPT JLPT_3 JLPT_5 JLPT_N5
終る,おわる,,"to finish, to close",menyelesaikan; menutup,JLPT JLPT_5 JLPT_N5
音楽,おんがく,,Music,musik,Genki Genki_Ln.3 Intermediate_Japanese Intermediate_Japanese_Ln.3 JLPT JLPT_5 JLPT_N5
女,おんな,,"woman, female",wanita; perempuan,Genki Genki_Ln.17 JLPT JLPT_5 JLPT_N5
女の子,おんなのこ,,girl,wanita,Genki Genki_Ln.11 JLPT JLPT_5 JLPT_N5
～回,～かい,,counter for occurrences (~ times),penghitung; konter,JLPT JLPT_1 JLPT_5 JLPT_N5
～階,～かい,,counter for stories (floors) of a building,penghitung untuk lantai,JLPT JLPT_4 JLPT_5 JLPT_N5
外国,がいこく,,foreign country; abroad,negara asing,Genki Genki_Ln.11 Intermediate_Japanese Intermediate_Japanese_Ln.6 JLPT JLPT_5 JLPT_N5
外国人,がいこくじん,,foreigner,asing; luar negeri,Genki Genki_Ln.15 JLPT JLPT_5 JLPT_N5
会社,かいしゃ,,"company, corporation",perusahaan,Genki Genki_Ln.7 JLPT JLPT_5 JLPT_N5
階段,かいだん,,stairs,tangga,JLPT JLPT_5 JLPT_N5
買い物,かいもの,,shopping,belanja; berbelanja,Genki Genki_Ln.4 JLPT JLPT_5 JLPT_N5
買う,かう,,to buy,membeli,JLPT JLPT_3 JLPT_5 JLPT_N5
返す,かえす,,to return something,kembali; pengembalian,JLPT JLPT_3 JLPT_5 JLPT_N5
帰る,かえる,,"to go back, to go home, to return",kembali,Intermediate_Japanese Intermediate_Japanese_Ln.1 JLPT JLPT_3 JLPT_5 JLPT_N5
顔,かお,,face (body part),wajah; menghadapi,Genki Genki_Ln.10 Intermediate_Japanese Intermediate_Japanese_Ln.2 JLPT JLPT_3 JLPT_5 JLPT_N5
かかる,かかる,,"it takes (amount of time, money) (v.i.)","membutuhkan (waktu, uang)",Genki Genki_Ln.10 Intermediate_Japanese Intermediate_Japanese_Ln.1 JLPT JLPT_3 JLPT_5 JLPT_N5
鍵,かぎ,,a lock; a key,sebuah; suatu,Genki Genki_Ln.17 JLPT JLPT_3 JLPT_5 JLPT_N5
書く,かく,,to write,menulis,JLPT JLPT_3 JLPT_5 JLPT_N5
学生,がくせい,,student,murid; mahasiswa,Genki Genki_Ln.1 JLPT JLPT_5 JLPT_N5
～か月,～かげつ,,(number of) months,jumlah bulan; beberapa bulan,JLPT JLPT_5 JLPT_N5
掛ける,かける,,"to put on (e.g., glasses); to hang (e.g., on a wall)",memakai,JLPT JLPT_3 JLPT_4 JLPT_5 JLPT_N5
かける,かける,,"to dial/call (e.g., phone); to sit down",duduk,Genki Genki_Ln.19 JLPT JLPT_3 JLPT_4 JLPT_5 JLPT_N5
傘,かさ,,"umbrella, parasol",payung,Genki Genki_Ln.2 JLPT JLPT_5 JLPT_N5
貸す,かす,,to lend,meminjamkan,Intermediate_Japanese Intermediate_Japanese_Ln.3 JLPT JLPT_5 JLPT_N5
風,かぜ,,"wind, breeze",angin,Genki Genki_Ln.22 JLPT JLPT_5 JLPT_N5
風邪,かぜ,,"cold, flu",dingin,Genki Genki_Ln.12 JLPT JLPT_5 JLPT_N5
方,かた,,-- honorific form for 人 (ひと) --; way of doing,cara; jalan,Intermediate_Japanese Intermediate_Japanese_Ln.4 JLPT JLPT_3 JLPT_4 JLPT_5 JLPT_N5
家族,かぞく,,"family, members of a family",keluarga,Genki Genki_Ln.7 Intermediate_Japanese Intermediate_Japanese_Ln.1 JLPT JLPT_5 JLPT_N5
片仮名,かたかな,,katakana,katakana (aksara Jepang),JLPT JLPT_5 JLPT_N5
～月,～がつ,,month of year,bulan,JLPT JLPT_5 JLPT_N5
学校,がっこう,,a school,sekolah,Genki Genki_Ln.3 JLPT JLPT_5 JLPT_N5
カップ,カップ,,cup,cangkir; gelas,JLPT JLPT_1 JLPT_5 JLPT_N5
家庭,かてい,,home; family,keluarga,Intermediate_Japanese Intermediate_Japanese_Ln.3 JLPT JLPT_3 JLPT_5 JLPT_N5
角,かど,,"corner (e.g., desk, pavement)",sudut; pojok,Genki Genki_Ln.20 JLPT JLPT_5 JLPT_N5
かばん,かばん,,"bag, basket",tas,Genki Genki_Ln.2 JLPT JLPT_5 JLPT_N5
花瓶,かびん,,(flower) vase,vas bunga,JLPT JLPT_5 JLPT_N5
かぶる,かぶる,,"to wear, to put on (e.g., a hat on the head)",memakai,Genki Genki_Ln.7 JLPT JLPT_3 JLPT_5 JLPT_N5
紙,かみ,,paper,kertas,Genki Genki_Ln.17 JLPT JLPT_3 JLPT_5 JLPT_N5
カメラ,カメラ,,camera,kamera,Genki Genki_Ln.8 JLPT JLPT_5 JLPT_N5
火曜日,かようび,,Tuesday,Selasa,Genki Genki_Ln.4 JLPT JLPT_5 JLPT_N5
辛い,からい,,hot and spicy; salty,pedas; asin,Genki Genki_Ln.13 JLPT JLPT_5 JLPT_N5
体,からだ,,body; health,kesehatan,Genki Genki_Ln.23 Intermediate_Japanese Intermediate_Japanese_Ln.4 JLPT JLPT_5 JLPT_N5
借りる,かりる,,"to borrow, to owe",meminjam,JLPT JLPT_5 JLPT_N5
～がる,～がる,,feel,merasa,JLPT JLPT_5 JLPT_N5
軽い,かるい,,"light, non-serious, minor",ringan,JLPT JLPT_5 JLPT_N5
カレー,カレー,,curry (abbr. for curry and rice),kari (kari dan nasi),Genki Genki_Ln.13 JLPT JLPT_1 JLPT_5 JLPT_N5
カレンダー,カレンダー,,calendar,kalender; penanggalan,JLPT JLPT_5 JLPT_N5
川; 河,かわ,,river,sungai,JLPT JLPT_3 JLPT_5 JLPT_N5
～側,～がわ,,~ side,sisi; samping,JLPT_N5
可愛い,かわいい,,"cute, adorable",lucu,JLPT JLPT_5 JLPT_N5
漢字,かんじ,,kanji; Chinese character,karakter; sifat,Genki Genki_Ln.6 Intermediate_Japanese Intermediate_Japanese_Ln.4 JLPT JLPT_3 JLPT_5 JLPT_N5
木,き,,"tree, wood, timber",pohon,Genki Genki_Ln.22 JLPT JLPT_5 JLPT_N5
黄色,きいろ,,yellow,kuning (warna),JLPT JLPT_5 JLPT_N5
黄色い,きいろい,,yellow,kuning (warna),JLPT JLPT_5 JLPT_N5
消える,きえる,,"to vanish, to disappear",menghilang,Genki Genki_Ln.18 JLPT JLPT_5 JLPT_N5
聞く,きく,,"to hear, to listen, to ask",mendengar; mendengarkan; bertanya,JLPT JLPT_3 JLPT_5 JLPT_N5
北,きた,,north,utara; arah utara,Intermediate_Japanese Intermediate_Japanese_Ln.10 JLPT JLPT_5 JLPT_N5
ギター,ギター,,guitar,gitar,Genki Genki_Ln.9 JLPT JLPT_5 JLPT_N5
汚い,きたない,,"dirty, unclean, filthy",kotor,Genki Genki_Ln.16 JLPT JLPT_5 JLPT_N5
喫茶店,きっさてん,,café,kafe; kedai kopi,Genki Genki_Ln.2 Intermediate_Japanese Intermediate_Japanese_Ln.11 JLPT JLPT_5 JLPT_N5
切手,きって,,postal (postage) stamps,prangko,Genki Genki_Ln.5 Intermediate_Japanese Intermediate_Japanese_Ln.3 JLPT JLPT_5 JLPT_N5
切符,きっぷ,,a ticket,tiket,Genki Genki_Ln.5 Intermediate_Japanese Intermediate_Japanese_Ln.10 JLPT JLPT_5 JLPT_N5
昨日,きのう,,yesterday,kemarin,Genki Genki_Ln.4 JLPT JLPT_3 JLPT_5 JLPT_N5
九,きゅう,,nine,sembilan,JLPT JLPT_3 JLPT_5 JLPT_N5
牛肉,ぎゅうにく,,beef,daging sapi,JLPT JLPT_5 JLPT_N5
牛乳,ぎゅうにゅう,,milk,susu,Genki Genki_Ln.18 JLPT JLPT_5 JLPT_N5
今日,きょう,,"today, this day",hari ini,Genki Genki_Ln.3 JLPT JLPT_5 JLPT_N5
教室,きょうしつ,,classroom,ruang kelas,Intermediate_Japanese Intermediate_Japanese_Ln.3 JLPT JLPT_5 JLPT_N5
兄弟,きょうだい,,"siblings (humble), brothers and sisters",saudara kandung (bahasa rendah diri),Genki Genki_Ln.7 JLPT JLPT_5 JLPT_N5
去年,きょねん,,last year,tahun,Genki Genki_Ln.14 Intermediate_Japanese Intermediate_Japanese_Ln.1 JLPT JLPT_5 JLPT_N5
嫌い,きらい,,dislike,tidak suka,JLPT JLPT_5 JLPT_N5
切る,きる,,to cut; to hang up (a phone),memotong,Genki Genki_Ln.8 Intermediate_Japanese Intermediate_Japanese_Ln.12 JLPT JLPT_5 JLPT_N5
着る,きる,,to put on (clothes above your waist); to wear,memakai,Genki Genki_Ln.7 Intermediate_Japanese Intermediate_Japanese_Ln.9 JLPT JLPT_5 JLPT_N5
綺麗,きれい,,"pretty, clean, tidy",cantik; bersih,JLPT JLPT_5 JLPT_N5
キロ; キログラム,キロ; キログラム,,(abbr.) kilo (kilogram),(singkatan),JLPT JLPT_3 JLPT_5 JLPT_N5
キロ; キロメートル,キロ; キロメートル,,(abbr.) kilo (kilometer),(singkatan),JLPT JLPT_3 JLPT_5 JLPT_N5
銀行,ぎんこう,,bank,bank; tepi sungai,Genki Genki_Ln.2 JLPT JLPT_5 JLPT_N5
金曜日,きんようび,,Friday,Jumat,Genki Genki_Ln.4 JLPT JLPT_3 JLPT_5 JLPT_N5
九,く,,nine,sembilan,JLPT JLPT_3 JLPT_5 JLPT_N5
薬,くすり,,medicine,obat,Genki Genki_Ln.9 Intermediate_Japanese Intermediate_Japanese_Ln.12 JLPT JLPT_5 JLPT_N5
下さい,ください,,(with te-form verb) please do for me,tolong lakukan untukku (bentuk te+kudasai),JLPT JLPT_5 JLPT_N5
果物,くだもの,,fruit,buah,Intermediate_Japanese Intermediate_Japanese_Ln.9 JLPT JLPT_5 JLPT_N5
口,くち,,job opening; mouth,lowongan kerja; mulut,Intermediate_Japanese Intermediate_Japanese_Ln.11 Intermediate_Japanese_Ln.8 JLPT JLPT_5 JLPT_N5
靴,くつ,,"shoes, footwear",sepatu; alas kaki,Genki Genki_Ln.2 JLPT JLPT_5 JLPT_N5
靴下,くつした,,socks,kaus kaki,Genki Genki_Ln.23 JLPT JLPT_5 JLPT_N5
国,くに,,country; place of origin,negara,Genki Genki_Ln.7 JLPT JLPT_5 JLPT_N5
曇り,くもり,,"cloudiness, cloudy weather",berawan; cuaca mendung,Genki Genki_Ln.12 JLPT JLPT_3 JLPT_5 JLPT_N5
曇る,くもる,,"to become cloudy, to become dim",ada; menjadi,JLPT JLPT_5 JLPT_N5
暗い,くらい,,"dark, gloomy",gelap,JLPT JLPT_3 JLPT_5 JLPT_N5
～くらい; ぐらい,～くらい; ぐらい,,approximate (quantity),perkiraan (jumlah); kira-kira,JLPT JLPT_5 JLPT_N5
クラス,クラス,,a class,kelas,Genki Genki_Ln.4 JLPT JLPT_5 JLPT_N5
グラム,グラム,,gram,gram,JLPT JLPT_5 JLPT_N5
来る,くる,,to come,datang,JLPT JLPT_5 JLPT_N5
車,くるま,,"car, vehicle",mobil,Genki Genki_Ln.7 JLPT JLPT_5 JLPT_N5
黒,くろ,,black,gelap,JLPT JLPT_5 JLPT_N5
黒い,くろい,,black; dark,gelap,Genki Genki_Ln.9 JLPT JLPT_5 JLPT_N5
警官,けいかん,,police officer,polisi,JLPT JLPT_5 JLPT_N5
今朝,けさ,,this morning,pagi,Genki Genki_Ln.8 Intermediate_Japanese Intermediate_Japanese_Ln.2 JLPT JLPT_5 JLPT_N5
消す,けす,,"to erase, to delete, to turn off power",menghapus,JLPT JLPT_5 JLPT_N5
結構,けっこう,,"splendid; enough, tolerably",cukup,JLPT JLPT_3 JLPT_5 JLPT_N5
結婚,けっこん (する),,marriage (get married),pernikahan,JLPT JLPT_5 JLPT_N5
月曜日,げつようび,,Monday,Senin,Genki Genki_Ln.4 JLPT JLPT_3 JLPT_5 JLPT_N5
玄関,げんかん,,entrance (to a house or a building),rumah,Intermediate_Japanese Intermediate_Japanese_Ln.5 JLPT JLPT_4 JLPT_5 JLPT_N5
元気,げんき,,"health(y), energetic",sehat,JLPT JLPT_5 JLPT_N5
～個,～こ,,"counter for small items (e.g., fruits, cups)",kecil,JLPT JLPT_2 JLPT_5 JLPT_N5
五,ご,,five,lima,JLPT JLPT_3 JLPT_5 JLPT_N5
～語,～ご,,"word, language",kata; bahasa,JLPT JLPT_5 JLPT_N5
公園,こうえん,,a park,taman,Genki Genki_Ln.4 JLPT JLPT_3 JLPT_5 JLPT_N5
交差点,こうさてん,,intersection,persimpangan; persimpangan jalan,JLPT JLPT_5 JLPT_N5
紅茶,こうちゃ,,black tea,teh hitam,Genki Genki_Ln.13 JLPT JLPT_5 JLPT_N5
交番,こうばん,,police box,polisi,JLPT JLPT_5 JLPT_N5
声,こえ,,voice,sebuah suara,Intermediate_Japanese Intermediate_Japanese_Ln.2 JLPT JLPT_5 JLPT_N5
コート,コート,,"coat; court (e.g., tennis)",pengadilan; lapangan,JLPT JLPT_5 JLPT_N5
コーヒー,コーヒー,,coffee,kopi,Genki Genki_Ln.3 JLPT JLPT_5 JLPT_N5
ここ,ここ,,"here, this place",ini,Genki Genki_Ln.4 JLPT JLPT_3 JLPT_5 JLPT_N5
午後,ごご,,"afternoon, P.M.",siang,Genki Genki_Ln.1 JLPT JLPT_5 JLPT_N5
九日,ここのか,,nine days; ninth day of the month,bulan,Genki Genki_Ln.13 JLPT JLPT_5 JLPT_N5
九つ,ここのつ,,nine things,hal-hal; benda-benda,Genki Genki_Ln.9 JLPT JLPT_5 JLPT_N5
午前,ごぜん,,"morning, A.M.",pagi,Genki Genki_Ln.1 JLPT JLPT_5 JLPT_N5
答える,こたえる,,"to answer, to reply",menjawab,JLPT JLPT_5 JLPT_N5
こちら,こちら,,this person (polite); this way (polite),orang,Genki Genki_Ln.11 Genki_Ln.19 JLPT JLPT_5 JLPT_N5
こっち,こっち,,this person; this direction; this side,ini,JLPT JLPT_4 JLPT_5 JLPT_N5
コップ,コップ,,a tumbler; a glass,sebuah; suatu,Genki Genki_Ln.14 JLPT JLPT_5 JLPT_N5
今年,ことし,,this year,tahun,Genki Genki_Ln.10 JLPT JLPT_5 JLPT_N5
言葉,ことば,,language; word(s); expression(s),bahasa,Genki Genki_Ln.13 Intermediate_Japanese Intermediate_Japanese_Ln.2 JLPT JLPT_5 JLPT_N5
子供,こども,,child(ren),anak-anak,Genki Genki_Ln.4 Intermediate_Japanese Intermediate_Japanese_Ln.2 JLPT JLPT_5 JLPT_N5
この,この,,this,ini,JLPT JLPT_3 JLPT_5 JLPT_N5
御飯,ごはん,,rice (cooked); meal,hidangan,Genki Genki_Ln.4 JLPT JLPT_5 JLPT_N5
コピーする,コピーする,,to copy,"salinan, karya, teks, dll.)",JLPT JLPT_3 JLPT_5 JLPT_N5
困る,こまる,,"to be bothered, to have difficulty",ada; menjadi,Genki Genki_Ln.16 JLPT JLPT_5 JLPT_N5
これ,これ,,this one,ini,Genki Genki_Ln.2 JLPT JLPT_5 JLPT_N5
～ころ; ～ごろ,～ころ; ～ごろ,,"about, toward, approximately (time)",tentang; sekitar,JLPT JLPT_5 JLPT_N5
今月,こんげつ,,this month,bulan,Genki Genki_Ln.8 JLPT JLPT_5 JLPT_N5
今週,こんしゅう,,this week,minggu,Genki Genki_Ln.6 JLPT JLPT_5 JLPT_N5
こんな,こんな,,"such, like this",seperti itu; dengan cara ini,JLPT JLPT_5 JLPT_N5
今晩,こんばん,,"tonight, this evening",sore,Genki Genki_Ln.3 Intermediate_Japanese Intermediate_Japanese_Ln.1 JLPT JLPT_5 JLPT_N5
さあ,さあ,,"come now, well",sumur,JLPT JLPT_5 JLPT_N5
～歳,～さい,,~ years old,berusia ~ tahun,JLPT JLPT_2 JLPT_5 JLPT_N5
財布,さいふ,,wallet,dompet,Genki Genki_Ln.2 Intermediate_Japanese Intermediate_Japanese_Ln.4 JLPT JLPT_5 JLPT_N5
魚,さかな,,fish,ikan,Genki Genki_Ln.2 JLPT JLPT_5 JLPT_N5
先,さき,,"future; recent, previous",masa depan,JLPT JLPT_5 JLPT_N5
咲く,さく,,to bloom,mekar; berbunga,Genki Genki_Ln.18 JLPT JLPT_3 JLPT_5 JLPT_N5
作文,さくぶん,,essay; composition,organisasi,Genki Genki_Ln.9 JLPT JLPT_5 JLPT_N5
差す,さす,,"to raise (stretch out) hands, to raise (e.g., umbrella)",meningkatkan; membesarkan,JLPT JLPT_3 JLPT_5 JLPT_N5
～冊,～さつ,,counter for books,penghitung untuk buku,JLPT JLPT_5 JLPT_N5
雑誌,ざっし,,"magazine, journal","satu eksemplar (buku, majalah, dll)",Genki Genki_Ln.3 Intermediate_Japanese Intermediate_Japanese_Ln.8 JLPT JLPT_5 JLPT_N5
砂糖,さとう,,sugar,gula,Genki Genki_Ln.16 JLPT JLPT_5 JLPT_N5
寒い,さむい,,cold (in reference to weather),dingin,Genki Genki_Ln.5 Intermediate_Japanese Intermediate_Japanese_Ln.2 JLPT JLPT_5 JLPT_N5
さ来年,さらいねん,,year after next,tahun,JLPT JLPT_5 JLPT_N5
～さん,～さん,,"Mr. ~, Ms. ~",Tuan ~; Nyonya ~,JLPT JLPT_2 JLPT_5 JLPT_N5
三,さん,,three,tiga,JLPT JLPT_5 JLPT_N5
散歩,さんぽ (する),,"walk, stroll",berjalan,JLPT JLPT_3 JLPT_5 JLPT_N5
四,し,,four,empat,JLPT JLPT_3 JLPT_5 JLPT_N5
～時,～じ,,~ o'clock (time),pukul ~ (waktu),JLPT JLPT_1 JLPT_5 JLPT_N5
塩,しお,,salt,garam,JLPT JLPT_5 JLPT_N5
しかし,しかし,,however; but,namun; bagaimanapun,Intermediate_Japanese Intermediate_Japanese_Ln.3 JLPT JLPT_5 JLPT_N5
時間,じかん,,time,waktu,Genki Genki_Ln.14 JLPT JLPT_2 JLPT_5 JLPT_N5
～時間,～じかん,,~ hours,jam ~; pukul ~,JLPT JLPT_5 JLPT_N5
仕事,しごと,,"work, job, occupation, employment",pekerjaan; karya; pendudukan,Genki Genki_Ln.1 Genki_Ln.8 JLPT JLPT_5 JLPT_N5
辞書,じしょ,,dictionary,kamus,Genki Genki_Ln.2 JLPT JLPT_5 JLPT_N5
静か,しずか,,"quiet, calm",tenang; sunyi,JLPT JLPT_5 JLPT_N5
下,した,,"under, below, beneath",di bawah,JLPT JLPT_3 JLPT_5 JLPT_N5
七,しち,,seven,tujuh,JLPT JLPT_3 JLPT_5 JLPT_N5
質問,しつもん,,"question, inquiry",pertanyaan; pertimbangan,Intermediate_Japanese Intermediate_Japanese_Ln.2 JLPT JLPT_5 JLPT_N5
自転車,じてんしゃ,,bicycle,sepeda,Genki Genki_Ln.2 JLPT JLPT_5 JLPT_N5
自動車,じどうしゃ,,automobile,mobil; otomobil,JLPT JLPT_5 JLPT_N5
死ぬ,しぬ,,to die,meninggal,Genki Genki_Ln.6 JLPT JLPT_5 JLPT_N5
字引,じびき,,dictionary,kamus,JLPT JLPT_5 JLPT_N5
自分,じぶん,,"myself, oneself",diri sendiri; seorang diri,Genki Genki_Ln.17 Intermediate_Japanese Intermediate_Japanese_Ln.1 JLPT JLPT_5 JLPT_N5
閉まる,しまる,,"to close, to be closed",menutup,JLPT JLPT_5 JLPT_N5
閉める,しめる,,"to close, to shut",menutup,JLPT JLPT_3 JLPT_5 JLPT_N5
締める,しめる,,"to tie, to fasten, to tighten",mengencangkan; mengaitkan; mengencangkan,JLPT JLPT_3 JLPT_5 JLPT_N5
じゃ; じゃあ,じゃ; じゃあ,,"well, well then",sumur,JLPT JLPT_3 JLPT_5 JLPT_N5
写真,しゃしん,,a picture; a photograph,sebuah; suatu,Genki Genki_Ln.4 Intermediate_Japanese Intermediate_Japanese_Ln.4 JLPT JLPT_5 JLPT_N5
シャツ,シャツ,,shirt,kemeja; baju,Genki Genki_Ln.10 JLPT JLPT_5 JLPT_N5
シャワー,シャワー,,shower,shower; mandi curah,JLPT JLPT_5 JLPT_N5
十,じゅう,,ten,sepuluh,JLPT JLPT_3 JLPT_5 JLPT_N5
～中,～じゅう,,"during, while",namun,JLPT JLPT_2 JLPT_5 JLPT_N5
～週間,～しゅうかん,,~ weeks,~ minggu,JLPT JLPT_5 JLPT_N5
授業,じゅぎょう,,a class (of school),kelas,Genki Genki_Ln.11 Intermediate_Japanese Intermediate_Japanese_Ln.3 JLPT JLPT_2 JLPT_5 JLPT_N5
宿題,しゅくだい,,homework,pekerjaan rumah; PR,Genki Genki_Ln.5 Intermediate_Japanese Intermediate_Japanese_Ln.1 JLPT JLPT_5 JLPT_N5
上手,じょうず,,"be good at, skillful",baik; bagus,JLPT JLPT_5 JLPT_N5
丈夫,じょうぶ,,"strong, solid, durable",kuat,JLPT JLPT_5 JLPT_N5
醤油,しょうゆ,,soy sauce,kecap asin,Genki Genki_Ln.18 JLPT JLPT_5 JLPT_N5
食堂,しょくどう,,"cafeteria, dining hall",kafetaria; ruang makan,Genki Genki_Ln.7 JLPT JLPT_5 JLPT_N5
知る,しる,,"to know, to understand",tahu; mengerti,Genki Genki_Ln.7 JLPT JLPT_5 JLPT_N5
白,しろ,,white,putih (warna),JLPT JLPT_3 JLPT_5 JLPT_N5
白い,しろい,,white,putih (warna),Genki Genki_Ln.9 JLPT JLPT_5 JLPT_N5
～人,～じん,,counter for people,penghitung untuk orang,JLPT JLPT_5 JLPT_N5
新聞,しんぶん,,newspaper,kertas,Genki Genki_Ln.2 JLPT JLPT_5 JLPT_N5
水曜日,すいようび,,Wednesday,Rabu,Genki Genki_Ln.4 JLPT JLPT_5 JLPT_N5
吸う,すう,,"to breathe in, to suck",bernapas,JLPT JLPT_3 JLPT_5 JLPT_N5
スカート,スカート,,skirt,rok,Genki Genki_Ln.18 JLPT JLPT_5 JLPT_N5
好き,すき,,"liking, fondness, love",pilihan; sangat suka,JLPT JLPT_5 JLPT_N5
～すぎ,～すぎ,,"past; to exceed, ~ too much",masa lalu,JLPT JLPT_5 JLPT_N5
少ない,すくない,,a little; a few,sebuah; suatu,Genki Genki_Ln.17 JLPT JLPT_5 JLPT_N5
すぐに,すぐに,,"immediately, soon",segera; langsung; segera,JLPT JLPT_5 JLPT_N5
少し,すこし,,"little, few",kecil,Genki Genki_Ln.21 JLPT JLPT_5 JLPT_N5
涼しい,すずしい,,"cool, refreshing (in reference to weather)",sejuk,Genki Genki_Ln.10 JLPT JLPT_5 JLPT_N5
～ずつ,～ずつ,,at a time,waktu,JLPT JLPT_5 JLPT_N5
ストーブ,ストーブ,,heater (lit: stove),pemanas; kompor; heater,Genki Genki_Ln.17 JLPT JLPT_5 JLPT_N5
スプーン,スプーン,,spoon,sendok,JLPT JLPT_5 JLPT_N5
スポーツ,スポーツ,,sport(s),olahraga,Genki Genki_Ln.3 JLPT JLPT_5 JLPT_N5
ズボン,ズボン,,trousers,celana panjang,JLPT JLPT_5 JLPT_N5
住む,すむ,,"to reside, to live in",tinggal di; berdomisili,JLPT JLPT_3 JLPT_5 JLPT_N5
する,する,,"to do, to try; to wear small items (e.g., necktie, watch, etc.)",melakukan; mencoba,Genki Genki_Ln.17 JLPT JLPT_3 JLPT_5 JLPT_N5
座る,すわる,,to sit,duduk,JLPT JLPT_5 JLPT_N5
背,せい,,"(one's) height, stature",tinggi badan; perawakan,Intermediate_Japanese Intermediate_Japanese_Ln.4 JLPT JLPT_3 JLPT_5 JLPT_N5
生徒,せいと,,student; pupil,murid; mahasiswa,Intermediate_Japanese Intermediate_Japanese_Ln.5 JLPT JLPT_5 JLPT_N5
セーター,セーター,,sweater,sweater; baju hangat rajut,Genki Genki_Ln.13 JLPT JLPT_5 JLPT_N5
石鹸,せっけん,,soap,sabun,JLPT JLPT_5 JLPT_N5
背広,せびろ,,men's suit,jas pria; setelan pria,Intermediate_Japanese Intermediate_Japanese_Ln.9 JLPT JLPT_5 JLPT_N5
狭い,せまい,,narrow; not spacious,sempit,Genki Genki_Ln.12 Intermediate_Japanese Intermediate_Japanese_Ln.15 JLPT JLPT_5 JLPT_N5
ゼロ,ゼロ,,zero,nol; tidak ada,JLPT JLPT_5 JLPT_N5
千,せん,,thousand,seribu,JLPT JLPT_5 JLPT_N5
先月,せんげつ,,last month,bulan,Genki Genki_Ln.9 Intermediate_Japanese Intermediate_Japanese_Ln.1 JLPT JLPT_5 JLPT_N5
先週,せんしゅう,,last week,minggu,Genki Genki_Ln.4 JLPT JLPT_5 JLPT_N5
先生,せんせい,,"teacher, professor; master; doctor",guru,Genki Genki_Ln.1 JLPT JLPT_5 JLPT_N5
洗濯,せんたく,,"washing, laundry",mencuci; cucian; laundry,Intermediate_Japanese Intermediate_Japanese_Ln.11 JLPT JLPT_3 JLPT_5 JLPT_N5
全部,ぜんぶ,,"all, entire, whole",semua; seluruh,Genki Genki_Ln.13 Intermediate_Japanese Intermediate_Japanese_Ln.3 JLPT JLPT_5 JLPT_N5
そう; そうです,そう; そうです,,"yes; appears, to be the case",ada; menjadi,JLPT JLPT_5 JLPT_N5
掃除,そうじ (する),,"cleaning, sweeping",layanan,JLPT JLPT_3 JLPT_5 JLPT_N5
そうして; そして,そうして; そして,,"and, like that",dan,JLPT JLPT_5 JLPT_N5
そこ,そこ,,"that place, there; bottom, sole",tempat itu,Genki Genki_Ln.4 JLPT JLPT_2 JLPT_3 JLPT_5 JLPT_N5
そちら,そちら,,over there,di atas; lebih dari,JLPT JLPT_5 JLPT_N5
そっち,そっち,,over there,di atas; lebih dari,JLPT JLPT_5 JLPT_N5
外,そと,,"outside, exterior",di luar,Genki Genki_Ln.18 Intermediate_Japanese Intermediate_Japanese_Ln.2 JLPT JLPT_5 JLPT_N5
その,その,,that,itu,JLPT JLPT_3 JLPT_5 JLPT_N5
そば,そば,,"near, close, beside; Japanese traditional buckwheat noodle",tradisional,Genki Genki_Ln.15 JLPT JLPT_3 JLPT_5 JLPT_N5
空,そら,,sky,langit,JLPT JLPT_5 JLPT_N5
それ,それ,,that one,itu; bahwa,Genki Genki_Ln.2 JLPT JLPT_3 JLPT_5 JLPT_N5
それから,それから,,"and then, after that",dan,Intermediate_Japanese Intermediate_Japanese_Ln.1 JLPT JLPT_5 JLPT_N5
それでは,それでは,,"in that situation, well then...",dalam; di; sumur,JLPT JLPT_5 JLPT_N5
～台,～だい,,counter for vehicles; machines,penghitung untuk kendaraan,JLPT JLPT_5 JLPT_N5
大学,だいがく,,college; university,universitas,Genki Genki_Ln.1 JLPT JLPT_5 JLPT_N5
大使館,たいしかん,,embassy,kedutaan besar,JLPT JLPT_5 JLPT_N5
大丈夫,だいじょうぶ,,It's ok (all right); No need to worry; Everything is under control,membutuhkan,Genki Genki_Ln.5 Intermediate_Japanese Intermediate_Japanese_Ln.3 JLPT JLPT_5 JLPT_N5
大好き,だいすき,,"very like-able, like very much",sangat,JLPT JLPT_5 JLPT_N5
大切,たいせつ,,important,penting,JLPT JLPT_5 JLPT_N5
台所,だいどころ,,kitchen,dapur,JLPT JLPT_5 JLPT_N5
大変,たいへん,,"very; difficult, hard",sulit; keras; sulit,JLPT JLPT_3 JLPT_5 JLPT_N5
高い,たかい,,"tall, high; expensive",tinggi; mahal,Genki Genki_Ln.2 JLPT JLPT_5 JLPT_N5
～だけ,～だけ,,"only ~, just ~, as ~",hanya; baru saja; tepat,JLPT JLPT_1 JLPT_5 JLPT_N5
沢山,たくさん,,"many, much",banyak; jamak,JLPT JLPT_5 JLPT_N5
タクシー,タクシー,,taxi,taksi,JLPT JLPT_5 JLPT_N5
出す,だす,,to take (something) out; to hand in (something),mengumpulkan; menyerahkan,Genki Genki_Ln.16 JLPT JLPT_5 JLPT_N5
～たち,～たち,,plural suffix,sufiks jamak,JLPT JLPT_5 JLPT_N5
立つ,たつ,,to stand up,berdiri; membela,Genki Genki_Ln.6 JLPT JLPT_3 JLPT_5 JLPT_N5
たて,たて,,"length, height",panjang,JLPT JLPT_3 JLPT_5 JLPT_N5
建物,たてもの,,building,bangunan,Intermediate_Japanese Intermediate_Japanese_Ln.5 JLPT JLPT_5 JLPT_N5
楽しい,たのしい,,"enjoyable, fun",menyenangkan; mengasyikkan,Genki Genki_Ln.5 JLPT JLPT_5 JLPT_N5
頼む,たのむ,,"to request, to ask (a favor)",permintaan,Genki Genki_Ln.18 Intermediate_Japanese Intermediate_Japanese_Ln.3 JLPT JLPT_5 JLPT_N5
たばこ,たばこ,,"tobacco, cigarettes",tembakau; rokok,JLPT JLPT_5 JLPT_N5
多分,たぶん,,"perhaps, probably, maybe",mungkin,Genki Genki_Ln.12 Intermediate_Japanese Intermediate_Japanese_Ln.2 JLPT JLPT_3 JLPT_5 JLPT_N5
食べ物,たべもの,,food,makanan,Genki Genki_Ln.5 JLPT JLPT_5 JLPT_N5
食べる,たべる,,to eat,makan,JLPT JLPT_5 JLPT_N5
卵,たまご,,egg,telur,Intermediate_Japanese Intermediate_Japanese_Ln.6 JLPT JLPT_5 JLPT_N5
誰,だれ,,who,siapa,Genki Genki_Ln.2 JLPT JLPT_5 JLPT_N5
誰か,だれか,,someone,seseorang,JLPT JLPT_3 JLPT_5 JLPT_N5
誕生日,たんじょうび,,birthday,ulang tahun,Genki Genki_Ln.5 JLPT JLPT_5 JLPT_N5
段々,だんだん,,"gradually, by degrees",perlahan-lahan,JLPT JLPT_5 JLPT_N5
小さい,ちいさい,,"small, little",kecil,Genki Genki_Ln.5 JLPT JLPT_5 JLPT_N5
小さな,ちいさな,,"small, little",kecil,JLPT JLPT_5 JLPT_N5
近い,ちかい,,"near, close by, short",pendek,Genki Genki_Ln.13 JLPT JLPT_5 JLPT_N5
違う,ちがう,,to be different; to differ; wrong,salah,Genki Genki_Ln.23 Intermediate_Japanese Intermediate_Japanese_Ln.1 JLPT JLPT_5 JLPT_N5
近く,ちかく,,nearby; in the neighborhood,dalam; di,Intermediate_Japanese Intermediate_Japanese_Ln.1 JLPT JLPT_5 JLPT_N5
地下鉄,ちかてつ,,"underground train, subway",kereta bawah tanah; metro; MRT,Genki Genki_Ln.10 JLPT JLPT_5 JLPT_N5
地図,ちず,,a map,sebuah; suatu,Genki Genki_Ln.15 Intermediate_Japanese Intermediate_Japanese_Ln.12 JLPT JLPT_5 JLPT_N5
父,ちち,,(my) father,ayah,Genki Genki_Ln.7 JLPT JLPT_5 JLPT_N5
茶色,ちゃいろ,,brown,cokelat (warna),JLPT JLPT_5 JLPT_N5
茶碗,ちゃわん,,rice bowl,nasi,JLPT JLPT_5 JLPT_N5
～中,～ちゅう,,"during, while ~ing",sementara; sambil,JLPT JLPT_5 JLPT_N5
丁度,ちょうど,,"just, right, exactly",hak; tepat; persis,JLPT JLPT_5 JLPT_N5
ちょっと,ちょっと,,"a little, somewhat; just a little, somewhat",agak,Genki Genki_Ln.3 JLPT JLPT_2 JLPT_5 JLPT_N5
一日,ついたち,,one day; first day of the month,bulan,JLPT JLPT_5 JLPT_N5
使う,つかう,,to use,menggunakan,JLPT JLPT_5 JLPT_N5
疲れる,つかれる,,to get (become) tired; to become fatigued,mendapatkan; menjadi; ada; menjadi,Genki Genki_Ln.11 Intermediate_Japanese Intermediate_Japanese_Ln.10 JLPT JLPT_5 JLPT_N5
次,つぎ,,next,berikutnya; selanjutnya,Genki Genki_Ln.6 JLPT JLPT_5 JLPT_N5
着く,つく,,"to arrive at, to reach",mencapai,JLPT JLPT_3 JLPT_5 JLPT_N5
机,つくえ,,desk,sudut,Genki Genki_Ln.4 Intermediate_Japanese Intermediate_Japanese_Ln.10 JLPT JLPT_5 JLPT_N5
作る,つくる,,"to make, to create",membuat,Genki Genki_Ln.8 JLPT JLPT_5 JLPT_N5
つける,つける,,"to turn on (e.g., a light); to take",mengambil,JLPT JLPT_3 JLPT_4 JLPT_5 JLPT_N5
勤める,つとめる,,to work (for),bekerja,JLPT JLPT_5 JLPT_N5
つまらない,つまらない,,"boring, dull; insignificant",membosankan; tumpul,Genki Genki_Ln.5 JLPT JLPT_5 JLPT_N5
冷たい,つめたい,,"cold (things, people)",dingin,Genki Genki_Ln.10 JLPT JLPT_5 JLPT_N5
強い,つよい,,"strong, powerful",kuat,Genki Genki_Ln.17 Intermediate_Japanese Intermediate_Japanese_Ln.13 JLPT JLPT_5 JLPT_N5
手,て,,hand,tangan,JLPT JLPT_5 JLPT_N5
テープ,テープ,,tape,selotip; pita,Genki Genki_Ln.2 JLPT JLPT_5 JLPT_N5
テープレコーダー,テープレコーダー,,tape recorder,perekam kaset; tape recorder,JLPT JLPT_5 JLPT_N5
テーブル,テーブル,,table,meja,JLPT JLPT_5 JLPT_N5
出かける,でかける,,to go out; to depart,keluar; pergi keluar,Genki Genki_Ln.5 JLPT JLPT_5 JLPT_N5
手紙,てがみ,,letter,karakter,Genki Genki_Ln.4 JLPT JLPT_5 JLPT_N5
できる,できる,,to be able to (to accomplish),mampu; bisa,JLPT JLPT_3 JLPT_4 JLPT_5 JLPT_N5
出口,でぐち,,an exit,sebuah; suatu,Intermediate_Japanese Intermediate_Japanese_Ln.7 JLPT JLPT_5 JLPT_N5
テスト,テスト,,test,tes; ujian,Genki Genki_Ln.5 JLPT JLPT_5 JLPT_N5
では,では,,"then, well, so",sumur,JLPT JLPT_3 JLPT_5 JLPT_N5
デパート,デパート,,(abbr.) department store,(singkatan),Genki Genki_Ln.4 JLPT JLPT_5 JLPT_N5
でも,でも,,"but, however",namun; bagaimanapun,JLPT JLPT_3 JLPT_5 JLPT_N5
出る,でる,,"to appear, to leave",muncul; terlihat; meninggalkan,JLPT JLPT_5 JLPT_N5
テレビ,テレビ,,"television, TV",televisi; TV,Genki Genki_Ln.3 JLPT JLPT_5 JLPT_N5
天気,てんき,,weather,tampilan langit,Genki Genki_Ln.5 JLPT JLPT_5 JLPT_N5
電気,でんき,,"electricity, (electric) light",ringan,Genki Genki_Ln.6 JLPT JLPT_5 JLPT_N5
電車,でんしゃ,,electric train,kereta,Genki Genki_Ln.6 JLPT JLPT_5 JLPT_N5
電話,でんわ,,a telephone,sebuah; suatu,Genki Genki_Ln.1 JLPT JLPT_5 JLPT_N5
戸,と,,door (Japanese style),pintu geser Jepang; shoji,JLPT JLPT_5 JLPT_N5
～度,～ど,,counter for occurrences; ~ degree; ~ point,penghitung untuk kejadian,JLPT JLPT_1 JLPT_5 JLPT_N5
ドア,ドア,,door (Western style),pintu engsel gaya barat,JLPT JLPT_5 JLPT_N5
トイレ,トイレ,,bathroom; toilet,mencuci,Intermediate_Japanese Intermediate_Japanese_Ln.10 JLPT JLPT_5 JLPT_N5
どう,どう,,"how, in what way",bagaimana; cara; dalam; di,JLPT JLPT_5 JLPT_N5
どうして,どうして,,"why, for what reason",alasan,Genki Genki_Ln.4 JLPT JLPT_5 JLPT_N5
どうぞ,どうぞ,,"please, kindly, by all means",mohon; silakan,JLPT JLPT_5 JLPT_N5
動物,どうぶつ,,animal,hewan,Intermediate_Japanese Intermediate_Japanese_Ln.10 JLPT JLPT_5 JLPT_N5
どうも,どうも,,Thank you; somehow; no matter how hard one may try,keras; sulit,Genki Genki_Ln.2 Intermediate_Japanese Intermediate_Japanese_Ln.1 JLPT JLPT_5 JLPT_N5
十,(〜を) とお,,ten (~),sepuluh ~,Genki Genki_Ln.9 JLPT JLPT_3 JLPT_5 JLPT_N5
遠い,とおい,,"far (away), distant",terpencil,Genki Genki_Ln.21 JLPT JLPT_5 JLPT_N5
十日,とおか,,ten days; tenth day of the month,bulan,Genki Genki_Ln.13 JLPT JLPT_5 JLPT_N5
～時,～とき,,at the time of ~,waktu,JLPT JLPT_3 JLPT_5 JLPT_N5
時々,ときどき,,sometimes,kadang-kadang,Genki Genki_Ln.3 JLPT JLPT_5 JLPT_N5
時計,とけい,,a watch; a clock,sebuah; suatu,Genki Genki_Ln.2 Intermediate_Japanese Intermediate_Japanese_Ln.2 JLPT JLPT_5 JLPT_N5
どこ,どこ,,"where, what place",tempat,Genki Genki_Ln.2 JLPT JLPT_5 JLPT_N5
所,ところ,,place,tempat,Genki Genki_Ln.8 Intermediate_Japanese Intermediate_Japanese_Ln.1 JLPT JLPT_5 JLPT_N5
年,とし,,"year, age",tahun,JLPT JLPT_3 JLPT_5 JLPT_N5
図書館,としょかん,,library,perpustakaan,Genki Genki_Ln.2 Intermediate_Japanese Intermediate_Japanese_Ln.5 JLPT JLPT_5 JLPT_N5
どちら,どちら,,which (one) (way); where (polite),yang mana; di mana,Genki Genki_Ln.10 Genki_Ln.19 JLPT JLPT_5 JLPT_N5
どっち,どっち,,"which one, which way",yang mana,Genki Genki_Ln.10 JLPT JLPT_5 JLPT_N5
とても,とても,,"very (much), greatly, exceedingly",sangat,Genki Genki_Ln.5 Intermediate_Japanese Intermediate_Japanese_Ln.1 JLPT JLPT_3 JLPT_5 JLPT_N5
どなた,どなた,,who,siapa,JLPT JLPT_5 JLPT_N5
隣,となり,,"next to, next door to",di sebelah,Intermediate_Japanese Intermediate_Japanese_Ln.1 JLPT JLPT_5 JLPT_N5
どの,どの,,which,yang mana,JLPT JLPT_5 JLPT_N5
飛ぶ,とぶ,,"to fly, to hop",terbang,JLPT JLPT_5 JLPT_N5
止まる,とまる,,to come to a halt,berhenti; terhenti,JLPT JLPT_5 JLPT_N5
友達,ともだち,,friend,teman; sahabat,Genki Genki_Ln.1 Intermediate_Japanese Intermediate_Japanese_Ln.1 JLPT JLPT_5 JLPT_N5
土曜日,どようび,,Saturday,Sabtu,Genki Genki_Ln.3 JLPT JLPT_3 JLPT_5 JLPT_N5
鳥,とり,,"chicken (lit., bird)",ayam,Intermediate_Japanese Intermediate_Japanese_Ln.6 JLPT JLPT_5 JLPT_N5
鶏肉,とりにく,,chicken meat,daging,JLPT JLPT_5 JLPT_N5
取る,とる,,to take (a class); to get (a grade),mendapatkan; menjadi,Genki Genki_Ln.11 Intermediate_Japanese Intermediate_Japanese_Ln.1 JLPT JLPT_5 JLPT_N5
撮る,とる,,"to take (a photo), to make (a film)",mengambil,JLPT JLPT_5 JLPT_N5
どれ,どれ,,which one,yang mana,Genki Genki_Ln.2 JLPT JLPT_3 JLPT_5 JLPT_N5
どんな,どんな,,"what, what kind of",baik hati; ramah,JLPT JLPT_3 JLPT_5 JLPT_N5
ない,ない,,"there isn't, doesn't have",tidak ada; tidak punya,JLPT JLPT_5 JLPT_N5
ナイフ,ナイフ,,knife,pisau,JLPT JLPT_5 JLPT_N5
中,なか,,"inside, middle, among",pertengahan; tengah,JLPT JLPT_3 JLPT_5 JLPT_N5
長い,ながい,,"long, lengthy",panjang,Genki Genki_Ln.7 Intermediate_Japanese Intermediate_Japanese_Ln.4 JLPT JLPT_2 JLPT_5 JLPT_N5
鳴く,なく,,to make sound (animal),mengeluarkan suara (hewan),JLPT JLPT_5 JLPT_N5
無くす,なくす,,to lose something,kehilangan; kalah,JLPT JLPT_3 JLPT_5 JLPT_N5
なぜ,なぜ,,why (same as どうして),mengapa; kenapa,Genki Genki_Ln.19 JLPT JLPT_5 JLPT_N5
夏,なつ,,summer,musim panas,Genki Genki_Ln.8 Intermediate_Japanese Intermediate_Japanese_Ln.4 JLPT JLPT_5 JLPT_N5
夏休み,なつやすみ,,summer vacation,musim panas,JLPT JLPT_5 JLPT_N5
～など,～など,,et cetera,dan lain-lain; dsb.,JLPT JLPT_3 JLPT_5 JLPT_N5
七つ,ななつ,,seven things,hal-hal; benda-benda,Genki Genki_Ln.9 JLPT JLPT_3 JLPT_5 JLPT_N5
何,なん; なに,,what,baik hati,Genki Genki_Ln.1 JLPT JLPT_3 JLPT_5 JLPT_N5
七日,なのか,,seven days; seventh day (of the month),tujuh hari; hari ketujuh,Genki Genki_Ln.13 JLPT JLPT_5 JLPT_N5
名前,なまえ,,name,nama,Genki Genki_Ln.1 JLPT JLPT_5 JLPT_N5
習う,ならう,,to learn,belajar,Genki Genki_Ln.11 JLPT JLPT_5 JLPT_N5
並ぶ,ならぶ,,"to line up, to stand in a line (v.i.)",garis; baris; jalur,Intermediate_Japanese Intermediate_Japanese_Ln.7 JLPT JLPT_5 JLPT_N5
並べる,ならべる,,to put (things) side by side; to line up,berbaris,Intermediate_Japanese Intermediate_Japanese_Ln.15 JLPT JLPT_5 JLPT_N5
なる,なる,,to become,menjadi,Genki Genki_Ln.10 JLPT JLPT_3 JLPT_5 JLPT_N5
何～,なん～,,what sort of ~,menyortir,JLPT JLPT_5 JLPT_N5
二,に,,two,dua,JLPT JLPT_5 JLPT_N5
にぎやか,にぎやか,,"bustling, busy",sibuk,JLPT JLPT_5 JLPT_N5
肉,にく,,meat,daging,Genki Genki_Ln.2 JLPT JLPT_5 JLPT_N5
西,にし,,west,barat; arah barat,JLPT JLPT_5 JLPT_N5
～日,～にち,,"~ day of the month, for ~ days",untuk; bagi,JLPT JLPT_5 JLPT_N5
日曜日,にちようび,,Sunday,Minggu,Genki Genki_Ln.3 JLPT JLPT_3 JLPT_5 JLPT_N5
荷物,にもつ,,luggage; baggage,memuat,Genki Genki_Ln.6 Intermediate_Japanese Intermediate_Japanese_Ln.6 JLPT JLPT_5 JLPT_N5
ニュース,ニュース,,news,komunikasi,Genki Genki_Ln.17 JLPT JLPT_5 JLPT_N5
庭,にわ,,garden,kebun buah-buahan,Genki Genki_Ln.15 JLPT JLPT_5 JLPT_N5
～人,～にん,,counter for people,penghitung untuk orang,JLPT JLPT_5 JLPT_N5
脱ぐ,ぬぐ,,to take off (clothes),lepas landas; melepas,Genki Genki_Ln.17 JLPT JLPT_5 JLPT_N5
温い,ぬるい,,lukewarm,suam-suam kuku; layu,JLPT JLPT_3 JLPT_5 JLPT_N5
ネクタイ,ネクタイ,,"tie, necktie",dasi; nekdas,Genki Genki_Ln.14 JLPT JLPT_5 JLPT_N5
猫,ねこ,,cat,kucing,Genki Genki_Ln.4 JLPT JLPT_5 JLPT_N5
寝る,ねる,,to sleep; to go to sleep; to go to bed,tidur,Genki Genki_Ln.3 Intermediate_Japanese Intermediate_Japanese_Ln.2 JLPT JLPT_5 JLPT_N5
～年,～ねん,,~ years,~ tahun,JLPT JLPT_5 JLPT_N5
ノート,ノート,,notebook,buku catatan; notebook,Genki Genki_Ln.2 JLPT JLPT_5 JLPT_N5
登る,のぼる,,to climb,memanjat; mendaki,JLPT JLPT_3 JLPT_5 JLPT_N5
飲み物,のみもの,,"drink, beverage",minum,Genki Genki_Ln.5 JLPT JLPT_5 JLPT_N5
飲む,のむ,,to drink,minum,JLPT JLPT_5 JLPT_N5
乗る,のる,,"to get on, to ride in, to board",mendapatkan; menjadi,JLPT JLPT_3 JLPT_5 JLPT_N5
歯,は,,tooth,gigi,Genki Genki_Ln.12 Intermediate_Japanese Intermediate_Japanese_Ln.12 JLPT JLPT_5 JLPT_N5
パーティー,パーティー,,a party,sebuah; suatu,Genki Genki_Ln.8 JLPT JLPT_5 JLPT_N5
はい,はい,,yes,ya,Genki Genki_Ln.1 JLPT JLPT_3 JLPT_5 JLPT_N5
～杯,～はい,,counter for cupfuls,penghitung; konter,JLPT JLPT_5 JLPT_N5
灰皿,はいざら,,ashtray,asbak,JLPT JLPT_5 JLPT_N5
入る,はいる,,"to enter, to contain, to hold",masuk; memegang,JLPT JLPT_5 JLPT_N5
葉書,はがき,,postcard,kartu pos,Genki Genki_Ln.5 JLPT JLPT_5 JLPT_N5
はく,はく,,to put on (items below your waist),memakai; mengenakan,Genki Genki_Ln.7 JLPT JLPT_3 JLPT_5 JLPT_N5
箱,はこ,,box,kotak; kardus,JLPT JLPT_5 JLPT_N5
橋,はし,,bridge,jembatan,JLPT JLPT_3 JLPT_5 JLPT_N5
箸,はし,,chopsticks,sumpit,Genki Genki_Ln.8 JLPT JLPT_3 JLPT_5 JLPT_N5
始まる,はじまる,,(something) begins,dimulai; diawali,Genki Genki_Ln.9 JLPT JLPT_5 JLPT_N5
初め; 始め,はじめ,,"beginning, start",permulaan; awal,JLPT JLPT_3 JLPT_5 JLPT_N5
初めて,はじめて,,for the first time,waktu,Genki Genki_Ln.12 Intermediate_Japanese Intermediate_Japanese_Ln.1 JLPT JLPT_5 JLPT_N5
走る,はしる,,to run,berlari,Genki Genki_Ln.22 Intermediate_Japanese Intermediate_Japanese_Ln.10 JLPT JLPT_5 JLPT_N5
バス,バス,,bus; bath; bass,bus,Genki Genki_Ln.5 Intermediate_Japanese Intermediate_Japanese_Ln.10 JLPT JLPT_1 JLPT_5 JLPT_N5
バター,バター,,butter,mentega,JLPT JLPT_5 JLPT_N5
二十歳,はたち,,20 years old,berusia 20 tahun; dua puluh tahun,JLPT JLPT_3 JLPT_5 JLPT_N5
働く,はたらく,,to work,bekerja,Genki Genki_Ln.11 Intermediate_Japanese Intermediate_Japanese_Ln.9 JLPT JLPT_5 JLPT_N5
八,はち,,eight,delapan,JLPT JLPT_5 JLPT_N5
二十日,はつか,,"twenty days, twentieth (day of the month)",dua puluh hari; hari kedua puluh,JLPT JLPT_5 JLPT_N5
花,はな,,flower,bunga,JLPT JLPT_5 JLPT_N5
鼻,はな,,nose,hidung,JLPT JLPT_5 JLPT_N5
話,はなし,,"talk (chat), story",bertingkat,Genki Genki_Ln.19 JLPT JLPT_5 JLPT_N5
話す,はなす,,to speak,berbicara,JLPT JLPT_3 JLPT_5 JLPT_N5
母,はは,,(my) mother,ibu,Genki Genki_Ln.14 JLPT JLPT_5 JLPT_N5
早い,はやい,,early,dengan cepat,Genki Genki_Ln.3 JLPT JLPT_5 JLPT_N5
速い,はやい,,"fast, quick",cepat,Genki Genki_Ln.7 Intermediate_Japanese Intermediate_Japanese_Ln.4 JLPT JLPT_5 JLPT_N5
春,はる,,spring,musim semi,Genki Genki_Ln.10 Intermediate_Japanese Intermediate_Japanese_Ln.4 JLPT JLPT_3 JLPT_5 JLPT_N5
貼る,はる,,to post; to paste; to attach,melampirkan,Genki Genki_Ln.21 Intermediate_Japanese Intermediate_Japanese_Ln.3 JLPT JLPT_3 JLPT_5 JLPT_N5
晴れ,はれ,,clear (sunny) weather,jelas,Genki Genki_Ln.12 JLPT JLPT_5 JLPT_N5
晴れる,はれる,,to be sunny,ada; menjadi,Genki Genki_Ln.19 JLPT JLPT_5 JLPT_N5
半,はん,,"half (e.g., にじはん | half-past two)",setengah; separuh,Genki Genki_Ln.1 JLPT JLPT_3 JLPT_5 JLPT_N5
晩,ばん,,evening,sore,JLPT JLPT_3 JLPT_5 JLPT_N5
～番,～ばん,,~st; ~th best,terbaik ke~; peringkat ke~,JLPT JLPT_5 JLPT_N5
パン,パン,,bread,roti,Genki Genki_Ln.4 JLPT JLPT_5 JLPT_N5
ハンカチ,ハンカチ,,handkerchief,sapu tangan,JLPT JLPT_5 JLPT_N5
番号,ばんごう,,"number, series of digits",angka; jumlah,Genki Genki_Ln.1 JLPT JLPT_5 JLPT_N5
晩御飯,ばんごはん,,"dinner, evening meal",sore,Genki Genki_Ln.3 JLPT JLPT_5 JLPT_N5
半分,はんぶん,,half,setengah; separuh,JLPT JLPT_5 JLPT_N5
東,ひがし,,east,timur; arah timur,JLPT JLPT_5 JLPT_N5
～匹,～ひき,,counter for small animals,kecil,JLPT JLPT_5 JLPT_N5
引く,ひく,,"to pull, to draw; subtract",menarik; menggambar,JLPT JLPT_2 JLPT_3 JLPT_5 JLPT_N5
弾く,ひく,,to play (a string instrument or piano),memainkan (alat musik petik atau piano),Genki Genki_Ln.9 JLPT JLPT_3 JLPT_5 JLPT_N5
低い,ひくい,,"short, low",pendek; rendah,JLPT JLPT_5 JLPT_N5
飛行機,ひこうき,,airplane,pesawat,Genki Genki_Ln.5 Intermediate_Japanese Intermediate_Japanese_Ln.1 JLPT JLPT_5 JLPT_N5
左,ひだり,,left hand side,sisi; samping,JLPT JLPT_5 JLPT_N5
人,ひと,,"man, person",pria; laki-laki; orang,Genki Genki_Ln.4 JLPT JLPT_5 JLPT_N5
一つ,ひとつ,,one thing,satu; seseorang,Genki Genki_Ln.9 JLPT JLPT_5 JLPT_N5
一月,ひとつき,,one month,bulan,JLPT JLPT_5 JLPT_N5
一人,ひとり,,one person,orang,Genki Genki_Ln.7 JLPT JLPT_3 JLPT_5 JLPT_N5
暇,ひま,,"free time, leisure",waktu luang; waktu,JLPT JLPT_5 JLPT_N5
百,ひゃく,,hundred,seratus,JLPT JLPT_5 JLPT_N5
病院,びょういん,,hospital,rumah sakit,Genki Genki_Ln.4 JLPT JLPT_5 JLPT_N5
病気,びょうき,,illness; sickness,penyakit,Genki Genki_Ln.9 Intermediate_Japanese Intermediate_Japanese_Ln.2 JLPT JLPT_5 JLPT_N5
平仮名,ひらがな,,hiragana,hiragana (aksara Jepang),JLPT JLPT_5 JLPT_N5
昼,ひる,,"noon, daytime",tengah hari; siang hari,JLPT JLPT_5 JLPT_N5
昼御飯,ひるごはん,,"lunch, midday meal",hidangan,Genki Genki_Ln.3 JLPT JLPT_5 JLPT_N5
広い,ひろい,,spacious; wide; broad,lebar,Genki Genki_Ln.15 Intermediate_Japanese Intermediate_Japanese_Ln.15 JLPT JLPT_5 JLPT_N5
フィルム,フィルム,,film (roll of),rol film; gulungan film,JLPT JLPT_5 JLPT_N5
封筒,ふうとう,,envelope,amplop,Intermediate_Japanese Intermediate_Japanese_Ln.3 JLPT JLPT_5 JLPT_N5
プール,プール,,swimming pool,kolam renang,Genki Genki_Ln.15 JLPT JLPT_5 JLPT_N5
フォーク,フォーク,,fork,garpu,JLPT JLPT_5 JLPT_N5
吹く,ふく,,"to blow (wind, etc.)",tempat asal (suatu spesies tumbuhan atau,Genki Genki_Ln.22 JLPT JLPT_3 JLPT_5 JLPT_N5
服,ふく,,clothes,pakaian,Genki Genki_Ln.12 JLPT JLPT_3 JLPT_5 JLPT_N5
二つ,ふたつ,,two things,hal-hal; benda-benda,Genki Genki_Ln.9 JLPT JLPT_5 JLPT_N5
豚肉,ぶたにく,,pork,daging babi,JLPT JLPT_5 JLPT_N5
二人,ふたり,,two people,dua,Genki Genki_Ln.7 JLPT JLPT_5 JLPT_N5
二日,ふつか,,two days; second day of the month,bulan,Genki Genki_Ln.13 JLPT JLPT_5 JLPT_N5
太い,ふとい,,"fat, thick",tebal,JLPT JLPT_5 JLPT_N5
冬,ふゆ,,winter,musim dingin,Genki Genki_Ln.8 Intermediate_Japanese Intermediate_Japanese_Ln.4 JLPT JLPT_5 JLPT_N5
降る,ふる,,"to precipitate, to fall (e.g., rain, snow, etc.)",hujan,Intermediate_Japanese Intermediate_Japanese_Ln.2 JLPT JLPT_3 JLPT_5 JLPT_N5
古い,ふるい,,"old (in reference to objects, not people), aged, ancient",tidak,Genki Genki_Ln.5 JLPT JLPT_5 JLPT_N5
～分,～ふん,,~ minutes,menit ~,JLPT JLPT_5 JLPT_N5
文章,ぶんしょう,,"sentence, text",keputusan; buku,JLPT JLPT_5 JLPT_N5
ページ,ページ,,a page,sebuah; suatu,Genki Genki_Ln.6 JLPT JLPT_5 JLPT_N5
下手,へた,,"unskillful, poor",miskin,JLPT JLPT_5 JLPT_N5
ベッド,ベッド,,bed,tempat tidur; ranjang,JLPT JLPT_5 JLPT_N5
ペット,ペット,,pet,hewan peliharaan,Genki Genki_Ln.15 JLPT JLPT_3 JLPT_5 JLPT_N5
部屋,へや,,a room,kamar; ruangan,Genki Genki_Ln.5 Intermediate_Japanese Intermediate_Japanese_Ln.2 JLPT JLPT_5 JLPT_N5
辺,へん,,"area, vicinity",area; wilayah,JLPT JLPT_5 JLPT_N5
ペン,ペン,,pen,pena,Genki Genki_Ln.2 JLPT JLPT_5 JLPT_N5
勉強,べんきょう (する),,study,penelitian,JLPT JLPT_3 JLPT_5 JLPT_N5
便利,べんり,,"convenient, handy",nyaman; praktis,JLPT JLPT_5 JLPT_N5
帽子,ぼうし,,hat; cap,topi,Genki Genki_Ln.2 JLPT JLPT_5 JLPT_N5
ボールペン,ボールペン,,ball-point pen,pulpen; bolpen,JLPT JLPT_5 JLPT_N5
外,ほか,,"other, the rest",(kata sandang),JLPT JLPT_3 JLPT_5 JLPT_N5
ポケット,ポケット,,pocket,saku; kantong,JLPT JLPT_5 JLPT_N5
欲しい,ほしい,,"to want, in need of",ingin,JLPT JLPT_5 JLPT_N5
ポスト,ポスト,,"mailbox; post, position",posisi; kedudukan,JLPT JLPT_5 JLPT_N5
細い,ほそい,,"thin, slender, fine",tipis,JLPT JLPT_5 JLPT_N5
ボタン,ボタン,,button,kancing; tombol,JLPT JLPT_5 JLPT_N5
ホテル,ホテル,,hotel,hotel,Genki Genki_Ln.4 JLPT JLPT_5 JLPT_N5
本,ほん,,book,buku,Genki Genki_Ln.2 JLPT JLPT_5 JLPT_N5
～本,～ほん,,counter for long cylindrical things,panjang,JLPT JLPT_2 JLPT_5 JLPT_N5
本棚,ほんだな,,bookshelf,rak buku,JLPT JLPT_5 JLPT_N5
本当,ほんとう,,"real, true",nyata; sungguhan; asli,JLPT JLPT_3 JLPT_5 JLPT_N5
～枚,～まい,,counter for flat things,penghitung; konter,JLPT JLPT_5 JLPT_N5
毎朝,まいあさ,,every morning,pagi,Genki Genki_Ln.19 JLPT JLPT_5 JLPT_N5
毎月,まいげつ; まいつき,,"every month, monthly",setiap,JLPT JLPT_5 JLPT_N5
毎週,まいしゅう,,every week,minggu,Genki Genki_Ln.8 JLPT JLPT_5 JLPT_N5
毎日,まいにち,,every day,setiap,Genki Genki_Ln.3 JLPT JLPT_5 JLPT_N5
毎年,まいねん; まいとし,,"every year, yearly, annually",setiap,JLPT JLPT_5 JLPT_N5
毎晩,まいばん,,every night,malam,Genki Genki_Ln.3 JLPT JLPT_5 JLPT_N5
前,まえ,,"before, in front",sebelum; di depan,Genki Genki_Ln.17 JLPT JLPT_5 JLPT_N5
～前,～まえ,,in front of ~,dalam; di,JLPT JLPT_5 JLPT_N5
曲る,まがる,,"to turn, to bend",giliran; putaran; ada; menjadi,JLPT JLPT_3 JLPT_5 JLPT_N5
まずい,まずい,,"terrible (in reference to food), unappetizing, unpleasant (taste)",tidak enak; tidak lezat,Genki Genki_Ln.23 JLPT JLPT_5 JLPT_N5
また,また,,and; furthermore,lebih lanjut; selain itu,Genki Genki_Ln.20 Intermediate_Japanese Intermediate_Japanese_Ln.5 JLPT JLPT_3 JLPT_5 JLPT_N5
まだ,まだ,,"yet, still, besides",belum; namun,Genki Genki_Ln.19 JLPT JLPT_3 JLPT_5 JLPT_N5
町,まち,,town; city,kota,Genki Genki_Ln.4 Intermediate_Japanese Intermediate_Japanese_Ln.1 JLPT JLPT_3 JLPT_5 JLPT_N5
待つ,まつ,,to wait,menunggu,JLPT JLPT_3 JLPT_5 JLPT_N5
まっすぐ,まっすぐ,,"straight (ahead), direct",lurus; langsung,JLPT JLPT_3 JLPT_5 JLPT_N5
マッチ,マッチ,,match,kompetisi,JLPT JLPT_5 JLPT_N5
窓,まど,,window,jendela,Genki Genki_Ln.6 JLPT JLPT_5 JLPT_N5
丸い; 円い,まるい,,"round, circular",bundar; lingkaran,JLPT JLPT_3 JLPT_5 JLPT_N5
万,まん,,ten thousand,sepuluh ribu,JLPT JLPT_5 JLPT_N5
万年筆,まんねんひつ,,fountain pen,pena fontein; pena tinta,JLPT JLPT_5 JLPT_N5
磨く,みがく,,to brush (teeth); to polish,menggosok,Genki Genki_Ln.13 JLPT JLPT_5 JLPT_N5
右,みぎ,,right hand side,hak,JLPT JLPT_5 JLPT_N5
短い,みじかい,,short (length),pendek,Genki Genki_Ln.7 Intermediate_Japanese Intermediate_Japanese_Ln.11 JLPT JLPT_5 JLPT_N5
水,みず,,water,air,Genki Genki_Ln.3 JLPT JLPT_5 JLPT_N5
店,みせ,,"store, shop",toko,Genki Genki_Ln.13 Intermediate_Japanese Intermediate_Japanese_Ln.6 JLPT JLPT_5 JLPT_N5
見せる,みせる,,"to show, to display",menunjukkan,Genki Genki_Ln.16 JLPT JLPT_5 JLPT_N5
道,みち,,"road, street; way, directions",jalan,Genki Genki_Ln.16 JLPT JLPT_5 JLPT_N5
三日,みっか,,"three days, third day of the month",bulan,Genki Genki_Ln.13 JLPT JLPT_5 JLPT_N5
三つ,みっつ,,three things,hal-hal; benda-benda,Genki Genki_Ln.9 JLPT JLPT_5 JLPT_N5
緑,みどり,,green,hijau (warna),JLPT JLPT_5 JLPT_N5
皆さん,みなさん,,"all of you, everyone",semua; seluruh,Intermediate_Japanese Intermediate_Japanese_Ln.4 JLPT JLPT_5 JLPT_N5
南,みなみ,,South,Selatan,Intermediate_Japanese Intermediate_Japanese_Ln.10 JLPT JLPT_5 JLPT_N5
耳,みみ,,ear,telinga,Intermediate_Japanese Intermediate_Japanese_Ln.5 JLPT JLPT_5 JLPT_N5
見る,みる,,"to see, to look",melihat,JLPT JLPT_3 JLPT_5 JLPT_N5
みんな,みんな,,"all, everyone, everybody",semua; seluruh,Genki Genki_Ln.9 JLPT JLPT_3 JLPT_5 JLPT_N5
六日,むいか,,six days; sixth day of month,bulan,Genki Genki_Ln.13 JLPT JLPT_5 JLPT_N5
向こう,むこう,,"beyond, over there",di atas; lebih dari,JLPT JLPT_5 JLPT_N5
難しい,むずかしい,,difficult,sulit,Genki Genki_Ln.5 Intermediate_Japanese Intermediate_Japanese_Ln.2 JLPT JLPT_5 JLPT_N5
六つ,むっつ,,six things,hal-hal; benda-benda,Genki Genki_Ln.9 JLPT JLPT_5 JLPT_N5
村,むら,,village,desa,Intermediate_Japanese Intermediate_Japanese_Ln.10 JLPT JLPT_5 JLPT_N5
目,め,,eye(s),mata,Genki Genki_Ln.7 JLPT JLPT_3 JLPT_5 JLPT_N5
メートル,メートル,,meter,meter,JLPT JLPT_5 JLPT_N5
眼鏡,めがね,,eye glasses,kacamata,Genki Genki_Ln.7 JLPT JLPT_5 JLPT_N5
もう,もう,,already; again; more,sudah,Genki Genki_Ln.9 JLPT JLPT_2 JLPT_5 JLPT_N5
木曜日,もくようび,,Thursday,Kamis,Genki Genki_Ln.4 JLPT JLPT_3 JLPT_5 JLPT_N5
もしもし,もしもし,,Hello? (used on the phone),Halo? (di telepon),Genki Genki_Ln.4 JLPT JLPT_5 JLPT_N5
持つ,もつ,,"to hold, to carry; to possess",memegang; membawa,JLPT JLPT_5 JLPT_N5
もっと,もっと,,more,lebih; lebih banyak,Genki Genki_Ln.11 JLPT JLPT_3 JLPT_5 JLPT_N5
物,もの,,thing (concrete object),benda; barang (objek konkret),Genki Genki_Ln.12 JLPT JLPT_3 JLPT_5 JLPT_N5
門,もん,,gate,gerbang; pintu gerbang,JLPT JLPT_5 JLPT_N5
問題,もんだい,,a problem,masalah,Intermediate_Japanese Intermediate_Japanese_Ln.11 JLPT JLPT_5 JLPT_N5
～屋,～や,,~ shop,toko,JLPT_N5
八百屋,やおや,,greengrocer,penjual sayur; pedagang sayuran,JLPT JLPT_5 JLPT_N5
野菜,やさい,,vegetable,sayuran,Genki Genki_Ln.2 JLPT JLPT_5 JLPT_N5
易しい,やさしい,,"easy, plain, simple",mudah; sederhana,JLPT JLPT_5 JLPT_N5
安い,やすい,,inexpensive; cheap (things),murah,Genki Genki_Ln.5 JLPT JLPT_5 JLPT_N5
休み,やすみ,,holiday; day off; absence,hari; siang,Genki Genki_Ln.5 JLPT JLPT_5 JLPT_N5
休む,やすむ,,"to rest, to have a break, to get time off",beristirahat,JLPT JLPT_5 JLPT_N5
八つ,やっつ,,eight things,hal-hal; benda-benda,Genki Genki_Ln.9 JLPT JLPT_5 JLPT_N5
山,やま,,mountain,gunung,Genki Genki_Ln.11 JLPT JLPT_5 JLPT_N5
やる,やる,,"to do; to give (to pets, parents, siblings, etc.)",melakukan,Genki Genki_Ln.21 JLPT JLPT_4 JLPT_5 JLPT_N5
夕方,ゆうがた,,"late afternoon (typically just before dinner time), evening",sore,Genki Genki_Ln.18 Intermediate_Japanese Intermediate_Japanese_Ln.10 JLPT JLPT_5 JLPT_N5
夕飯,ゆうはん,,"dinner, supper, evening meal",sore,JLPT JLPT_4 JLPT_5 JLPT_N5
郵便局,ゆうびんきょく,,post office,kantor,Genki Genki_Ln.2 JLPT JLPT_5 JLPT_N5
昨夜,ゆうべ,,last night,malam,JLPT JLPT_3 JLPT_5 JLPT_N5
有名,ゆうめい,,famous,terkenal,JLPT JLPT_5 JLPT_N5
雪,ゆき,,snow,salju,Genki Genki_Ln.12 JLPT JLPT_3 JLPT_5 JLPT_N5
ゆっくりと,ゆっくりと,,"slowly, at ease",di; pada,JLPT JLPT_5 JLPT_N5
八日,ようか,,eight days; eighth day of the month,bulan,Genki Genki_Ln.13 JLPT JLPT_5 JLPT_N5
洋服,ようふく,,Western-style clothes,pakaian,JLPT JLPT_5 JLPT_N5
よく,よく,,"frequently, often (much); well, skillfully",sering,Genki Genki_Ln.14 Genki_Ln.3 JLPT JLPT_5 JLPT_N5
横,よこ,,beside; side; width,sisi; samping,Intermediate_Japanese Intermediate_Japanese_Ln.11 JLPT JLPT_5 JLPT_N5
四日,よっか,,four days; fourth day of the month,bulan,Genki Genki_Ln.13 JLPT JLPT_5 JLPT_N5
四つ,よっつ,,four things,hal-hal; benda-benda,Genki Genki_Ln.9 JLPT JLPT_2 JLPT_5 JLPT_N5
呼ぶ,よぶ,,to call (one's name); to invite,mengundang,Genki Genki_Ln.19 JLPT JLPT_3 JLPT_5 JLPT_N5
読む,よむ,,to read,membaca,JLPT JLPT_5 JLPT_N5
夜,よる,,"evening, night",sore; malam,Genki Genki_Ln.6 JLPT JLPT_3 JLPT_5 JLPT_N5
弱い,よわい,,weak,lemah,JLPT JLPT_5 JLPT_N5
来月,らいげつ,,next month,bulan,Genki Genki_Ln.8 JLPT JLPT_5 JLPT_N5
来週,らいしゅう,,next week,minggu,Genki Genki_Ln.6 JLPT JLPT_5 JLPT_N5
来年,らいねん,,next year,tahun,Genki Genki_Ln.6 JLPT JLPT_5 JLPT_N5
ラジオ,ラジオ,,radio,radio,Genki Genki_Ln.14 JLPT JLPT_5 JLPT_N5
ラジオカセ,ラジオカセ,,radio cassette player,radio kaset,JLPT JLPT_5 JLPT_N5
りっぱ,りっぱ,,"splendid, fine",denda; bagus,JLPT JLPT_3 JLPT_5 JLPT_N5
留学生,りゅうがくせい,,international student,internasional,Genki Genki_Ln.1 JLPT JLPT_5 JLPT_N5
両親,りょうしん,,"parents (lit., both parents)",keduanya; kedua,Genki Genki_Ln.14 Intermediate_Japanese Intermediate_Japanese_Ln.1 JLPT JLPT_5 JLPT_N5
料理,りょうり,,cooking; cuisine,memasak; masakan,Intermediate_Japanese Intermediate_Japanese_Ln.4 JLPT JLPT_5 JLPT_N5
旅行,りょこう,,"travel, trip",perjalanan; wisata,Genki Genki_Ln.5 JLPT JLPT_5 JLPT_N5
零,れい,,"zero, nought",nol; tidak ada,JLPT JLPT_3 JLPT_5 JLPT_N5
冷蔵庫,れいぞうこ,,refrigerator,lemari es; kulkas,Genki Genki_Ln.18 JLPT JLPT_5 JLPT_N5
レコード,レコード,,record,catatan; rekaman,JLPT JLPT_5 JLPT_N5
レストラン,レストラン,,restaurant,restoran,Genki Genki_Ln.4 JLPT JLPT_5 JLPT_N5
練習,れんしゅう (する),,(to) practice,latihan; praktik,JLPT JLPT_5 JLPT_N5
廊下,ろうか,,corridor,koridor; lorong,JLPT JLPT_5 JLPT_N5
六,ろく,,six,enam,JLPT JLPT_5 JLPT_N5
ワイシャツ,ワイシャツ,,"shirt (lit: white shirt), business shirt",kemeja putih; baju kerja,JLPT JLPT_5 JLPT_N5
若い,わかい,,young,muda,Genki Genki_Ln.9 Intermediate_Japanese Intermediate_Japanese_Ln.1 JLPT JLPT_5 JLPT_N5
分かる,わかる,,to understand,mengerti,JLPT JLPT_5 JLPT_N5
忘れる,わすれる,,to forget,melupakan,Intermediate_Japanese Intermediate_Japanese_Ln.3 JLPT JLPT_5 JLPT_N5
私,わたし,,"I, myself",pribadi,Genki Genki_Ln.1 JLPT JLPT_5 JLPT_N5
私,わたくし,,"I (formal), myself, private affairs",pribadi; privat,Genki Genki_Ln.13 JLPT JLPT_2 JLPT_5 JLPT_N5
渡す,わたす,,to hand (something) over (v.t.); to get across,mendapatkan; menjadi,Intermediate_Japanese Intermediate_Japanese_Ln.6 JLPT JLPT_5 JLPT_N5
渡る,わたる,,"to cross over, to go across",melampaui,JLPT JLPT_5 JLPT_N5
悪い,わるい,,"bad, sinful; inferior",buruk; jelek,Genki Genki_Ln.12 Intermediate_Japanese Intermediate_Japanese_Ln.3 JLPT JLPT_5 JLPT_N5
嗚呼,ああ,aa,ah!; oh!; alas! Ah!; Oh!; Sayang!,Ah!; Oh!; Aduhai!,N5 JLPT
嗚呼嗚呼,ああああ,aaaa,aaah!; oooh!; oh no! aaah!; ooh!; oh tidak!,Aah!; Oooh!; Oh tidak!,N5 JLPT
ああ言う,ああいう,aaiu,that sort of; like that semacam,itu; seperti itu,N5 JLPT
藍,あい,ai,"dyer's knotweed (Persicaria tinctoria, used to produce indigo dye) knotweed pewarna (Persicaria tinctoria,",menghasilkan; memproduksi,N5 JLPT
愛嬌,あいきょう,aikyou,charm; attractiveness; amiability pesona; daya tarik,keramahan,N5 JLPT
愛犬,あいけん,aiken,pet dog; beloved dog anjing,peliharaan; anjing kesayangan,N5 JLPT
愛好,あいこう,aikou,love; adoration; being fond of Cinta,pemujaan; sedang menyukai,N5 JLPT
愛国,あいこく,aikoku,love of one's country; patriotism cinta tanah air; patriotisme,cinta tanah air; patriotisme,N5 JLPT
合言葉,あいことば,aikotoba,password; watchword kata sandi,semboyan,N5 JLPT
愛護,あいご,aigo,protection; tender care perlindungan; perawatan,yang lembut,N5 JLPT
挨拶,あいさつ,aisatsu,greeting; greetings; salutation salam; salam,sapaan,N5 JLPT
哀愁,あいしゅう,aishuu,pathos; sorrow; grief,kesedihan; duka; duka,N5 JLPT
愛称,あいしょう,aishou,pet name; nickname; affectionate name nama hewan peliharaan; nama panggilan; nama,yang penuh kasih sayang,N5 JLPT
相性,あいしょう,aishou,affinity; compatibility; chemistry (between people) afinitas,kesesuaian; kimia (antar manusia),N5 JLPT
愛人,あいじん,aijin,lover; mistress kekasih,nyonya,N5 JLPT
愛す,あいす,aisu,to love,untuk mencintai,N5 JLPT
間中,あいだじゅう,aidajuu,during selama,selama; dalam waktu,N5 JLPT
愛着,あいちゃく,aichaku,attachment (esp. to things); love; affection keterikatan (khususnya,pada sesuatu); Cinta; kasih sayang,N5 JLPT
彼奴,あいつ,aitsu,he; she; that guy,Dia; dia; orang itu,N5 JLPT
相次ぐ,あいつぐ,aitsugu,to follow in succession; to happen one after another,untuk mengikuti berturut-turut; terjadi satu demi,N5 JLPT
あいつ等,あいつら,aitsura,they; those guys; those fellows,mereka; orang-orang itu; orang-orang itu,N5 JLPT
相槌,あいづち,aizuchi,aizuchi; backchanneling; interjections indicating that one is paying attention aizuchi; penyaluran balik; kata seru,yang,N5 JLPT
相手方,あいてかた,aitekata,other party; opposite party; opposing team,pihak lain; pihak lawan; tim lawan,N5 JLPT
相手取る,あいてどる,aitedoru,"to challenge (esp. in a lawsuit); to take on an opponent (in negotiations, contest, etc.)",untuk menantang (khususnya dalam tuntutan,N5 JLPT
哀悼,あいとう,aitou,condolence; regret; tribute belasungkawa,menyesali; upeti,N5 JLPT
愛読,あいどく,aidoku,reading with pleasure membaca,dengan senang hati,N5 JLPT
生憎,あいにく,ainiku,"unfortunately; sorry, but ...","Sayangnya; maaf, tapi...",N5 JLPT
相乗り,あいのり,ainori,"riding together; sharing a car (taxi, etc.); ridesharing berkendara","bersama; berbagi mobil (taksi, dll);",N5 JLPT
曖昧,あいまい,aimai,vague; ambiguous; unclear,tidak jelas; ambigu; tidak jelas,N5 JLPT
相まって,あいまって,aimatte,coupled with; together ditambah,dengan; bersama,N5 JLPT
愛用,あいよう,aiyou,favorite; favourite; habitually used favorit; favorit; biasa,digunakan,N5 JLPT
亜鉛,あえん,aen,zinc (Zn) seng (Zn),seng (Zn),N5 JLPT
青色,あおいろ,aoiro,blue biru,biru,N5 JLPT
青梅,あおうめ,aoume,unripe plum prem,mentah,N5 JLPT
青木,あおき,aoki,Japanese laurel (Aucuba japonica); spotted laurel salam Jepang (Aucuba japonica); pohon salam,berbintik,N5 JLPT
青ざめる,あおざめる,aozameru,to become pale; to turn pale,menjadi pucat; menjadi pucat,N5 JLPT
青写真,あおじゃしん,aojashin,blueprint; cyanotype cetak,biru; sianotipe,N5 JLPT
青空,あおぞら,aozora,blue sky langit,biru,N5 JLPT
青田買い,あおたがい,aotagai,"speculatively buying a rice harvest, while the fields are still green spekulatif membeli","hasil panen padi, padahal",N5 JLPT
青葉,あおば,aoba,fresh leaves daun segar,segar; baru,N5 JLPT
仰向け,あおむけ,aomuke,facing upward menghadap ke atas,menghadap ke atas,N5 JLPT
青柳,あおやぎ,aoyagi,green willow (i.e. one that has budded) willow,hijau (yaitu yang telah bertunas),N5 JLPT
煽る,あおる,aoru,"to fan (oneself, flames, etc.)","untuk mengipasi (diri sendiri, api, dll.)",N5 JLPT
赤色,あかいろ,akairo,red; red color,merah; warna merah,N5 JLPT
証,あかし,akashi,proof; evidence; sign bukti; bukti; tanda,tanda,N5 JLPT
赤信号,あかしんごう,akashingou,red light (traffic) lampu,merah (lalu lintas),N5 JLPT
暁,あかつき,akatsuki,dawn; daybreak fajar; fajar,permulaan,N5 JLPT
赤旗,あかはた,akahata,red flag bendera,merah,N5 JLPT
赤松,あかまつ,akamatsu,Japanese red pine (Pinus densiflora); Japanese umbrella pine; tanyosho pine Pinus,merah jepang (Pinus densiflora); Pinus,N5 JLPT
上がったり,あがったり,agattari,"doomed (business, trade, etc.); in a bad state; poor terkutuk (bisnis, perdagangan, dll)",dalam,N5 JLPT
安芸,あき,aki,Aki (former province located in the west of present-day Hiroshima Prefecture) Aki (bekas provinsi,yang terletak di sebelah barat,N5 JLPT
飽き,あき,aki,weariness; boredom; tedium,kelelahan; kebosanan; kebosanan,N5 JLPT
秋風,あきかぜ,akikaze,autumn breeze; fall breeze angin musim gugur; angin musim gugur,musim gugur,N5 JLPT
空き缶,あきかん,akikan,empty can kaleng kosong,kosong,N5 JLPT
秋口,あきぐち,akiguchi,beginning of autumn; beginning of fall awal musim gugur; awal musim gugur,permulaan; awal,N5 JLPT
空き地,あきち,akichi,vacant land; unoccupied ground; empty lot lahan kosong; tanah kosong,banyak kosong,N5 JLPT
商い,あきない,akinai,trade; business; trading,berdagang; bisnis; jual beli,N5 JLPT
空き家,あきや,akiya,vacant house; unoccupied house rumah kosong; rumah kosong,rumah,N5 JLPT
悪意,あくい,akui,ill will; spite; evil intention sakit hati,meskipun; niat jahat,N5 JLPT
悪影響,あくえいきょう,akueikyou,bad influence; negative influence pengaruh,buruk; pengaruh negatif,N5 JLPT
悪質,あくしつ,akushitsu,malicious; vicious; malignant jahat; jahat; ganas,ganas; malignan,N5 JLPT
悪臭,あくしゅう,akushuu,bad smell; foul smell; offensive odor bau,tidak sedap; bau busuk; bau yang tidak sedap,N5 JLPT
悪事,あくじ,akuji,evil deed; wrongdoing; crime,perbuatan jahat; pelanggaran; kejahatan,N5 JLPT
悪循環,あくじゅんかん,akujunkan,vicious circle; vicious cycle,lingkaran setan; lingkaran setan,N5 JLPT
悪女,あくじょ,akujo,wicked woman wanita jahat,wanita; perempuan,N5 JLPT
悪性,あくせい,akusei,malignant (cancer); virulent,"pernicious (anemia, anaemia) ganas (kanker); jahat; berbahaya (anemia,",N5 JLPT
悪天候,あくてんこう,akutenkou,bad weather cuaca,buruk,N5 JLPT
悪徳,あくとく,akutoku,vice; immorality; corruption,keburukan; amoralitas; korupsi,N5 JLPT
悪人,あくにん,akunin,bad person; villain; scoundrel,orang jahat; penjahat; bajingan,N5 JLPT
欠伸,あくび,akubi,yawn; yawning menguap,menguap,N5 JLPT
飽くまでも,あくまでも,akumademo,to the end; to the bitter end; to the last,sampai akhir; sampai akhir yang pahit; sampai yang terakhir,N5 JLPT
悪夢,あくむ,akumu,nightmare; bad dream mimpi,buruk; mimpi buruk,N5 JLPT
悪役,あくやく,akuyaku,villain; baddie; the villain's part penjahat; penjahat,bagian penjahatnya,N5 JLPT
悪用,あくよう,akuyou,abuse; misuse; perversion,melecehkan; penyalahgunaan; pemutarbalikan,N5 JLPT
握力,あくりょく,akuryoku,grip (of hand); grip strength,pegangan (tangan); kekuatan cengkeraman,N5 JLPT
明くる,あくる,akuru,"next (day, morning, etc.); following berikutnya (siang, pagi, dll)",mengikuti,N5 JLPT
あくる日,あくるひ,akuruhi,next day; following day,keesokan harinya; hari berikutnya,N5 JLPT
胡坐,あぐら,agura,sitting cross-legged duduk,bersila,N5 JLPT
朱,あけ,ake,red; vermilion; cinnabar,merah; merah terang; cinnabar,N5 JLPT
明け暮れ,あけくれ,akekure,morning and evening; daily routine pagi,dan sore; rutinitas sehari-hari,N5 JLPT
曙,あけぼの,akebono,dawn; daybreak; beginning fajar; fajar; awal,permulaan; awal,N5 JLPT
明けましておめでとう,ございます,あけましておめでとうござ,います akemashiteomedetougoz aimasu,Selamat Tahun Baru (akemashite omedetou gozaimasu),N5 JLPT
上げ,あげ,age,tuck (e.g. in a dress) diselipkan (misalnya,dalam gaun),N5 JLPT
揚げ,あげ,age,deep-frying; deep-fried food menggoreng; makanan,yang digoreng,N5 JLPT
挙句,あげく,ageku,after (a long process); at the end of,setelah (proses yang panjang); di akhir,N5 JLPT
憧れの的,あこがれのまと,akogarenomato,"object of adoration, longing objek","pemujaan, kerinduan",N5 JLPT
朝一番,あさいちばん,asaichiban,first thing in the morning,hal pertama di pagi hari,N5 JLPT
朝顔,あさがお,asagao,Japanese morning glory (Ipomoea nil); picotee morning glory; ivy morning glory,Kemuliaan pagi Jepang (Ipomoea nihil); kemuliaan,N5 JLPT
朝方,あさがた,asagata,early morning; early hours; early in the morning,dini hari; dini hari; pagi pagi,N5 JLPT
朝ごはん,あさごはん,asagohan,breakfast sarapan,sarapan,N5 JLPT
麻布,あさぬの,asanuno,hemp cloth; linen kain rami; linen,rami; ganja (tanaman),N5 JLPT
浅はか,あさはか,asahaka,shallow; superficial; thoughtless dangkal; dangkal; tanpa,berpikir,N5 JLPT
朝日,あさひ,asahi,morning sun matahari pagi,pagi,N5 JLPT
朝飯,あさめし,asameshi,breakfast sarapan,sarapan,N5 JLPT
朝夕,あさゆう,asayuu,morning and evening pagi,dan sore hari,N5 JLPT
漁る,あさる,asaru,to fish,untuk memancing,N5 JLPT
痣,あざ,aza,birthmark; nevus tahi lalat; nevus,tanda lahir,N5 JLPT
嘲る,あざける,azakeru,to scoff; to laugh at; to make fun of,untuk mengejek; untuk ditertawakan; untuk diolok-olok,N5 JLPT
足,あし,ashi,"foot; paw; arm (of an octopus, squid, etc.) kaki","mengais; lengan (gurita, cumi-cumi, dll.)",N5 JLPT
足音,あしおと,ashioto,(sound of) footsteps (suara) langkah kaki,suara langkah kaki,N5 JLPT
足がかり,あしがかり,ashigakari,foothold; footing; toehold,pijakan; pijakan; tumpuan,N5 JLPT
足首,あしくび,ashikubi,ankle pergelangan kaki,pergelangan kaki,N5 JLPT
足腰,あしこし,ashikoshi,legs and loins; lower body kaki,dan pinggang; tubuh bagian bawah,N5 JLPT
足取り,あしどり,ashidori,gait; walk; stride kiprah,berjalan; melangkah,N5 JLPT
足並み,あしなみ,ashinami,pace; step laju,melangkah,N5 JLPT
足場,あしば,ashiba,scaffold; scaffolding perancah,perancah,N5 JLPT
足早,あしばや,ashibaya,fast (walking); quick; brisk,cepat (berjalan); cepat; cepat,N5 JLPT
足踏み,あしぶみ,ashibumi,stepping (in place); stamping (up and down); stomping melangkah (di,tempat); stamping (atas dan,N5 JLPT
味気ない,あじけない,ajikenai,wearisome; insipid; dull,melelahkan; hambar; membosankan,N5 JLPT
紫陽花,あじさい,ajisai,bigleaf hydrangea (Hydrangea macrophylla); French hydrangea hydrangea,berdaun lebar (Hydrangea,N5 JLPT
味付け,あじつけ,ajitsuke,seasoning; flavour; flavor bumbu; rasa; rasa,bumbu; penyedap,N5 JLPT
味の素,あじのもと,ajinomoto,Ajinomoto; brand name of monosodium glutamate (MSG) Ajinomoto; nama,merek monosodium glutamat,N5 JLPT
預かり,あずかり,azukari,under custody; under supervision di bawah,tahanan; di bawah pengawasan,N5 JLPT
預り証,あずかりしょう,azukarishou,claim check; baggage check; luggage check,pemeriksaan klaim; pemeriksaan bagasi; pemeriksaan bagasi,N5 JLPT
預かり所,あずかりじょ,azukarijo,cloakroom; parcel room,penitipan pakaian; ruang parsel,N5 JLPT
小豆,あずき,azuki,adzuki bean (Vigna angularis) kacang adzuki (Vigna sudutis),kacang merah kecil; kacang adzuki,N5 JLPT
預け入れる,あずけいれる,azukeireru,to make a deposit,untuk melakukan setoran,N5 JLPT
焦り,あせり,aseri,impatience ketidaksabaran,ketidaksabaran; tidak sabar,N5 JLPT
褪せる,あせる,aseru,to fade; to discolor; to discolour memudar,untuk mengubah warna; untuk mengubah warna,N5 JLPT
彼処,あそこ,asoko,there; over there; that place di sana; di sana,tempat itu,N5 JLPT
遊び場,あそびば,asobiba,playground; play space,tempat bermain; ruang bermain,N5 JLPT
恰も,あたかも,atakamo,as if; as it were; as though seolah olah; seolah-olah,seperti,N5 JLPT
頭打ち,あたまうち,atamauchi,reaching a peak; reaching the limit; plateauing mencapai puncak; mencapai batas; dataran,tinggi,N5 JLPT
頭金,あたまきん,atamakin,down payment; deposit uang muka; deposito,bawah; turun,N5 JLPT
当たり,あたり,atari,hit memukul,memukul,N5 JLPT
当たり役,あたりやく,atariyaku,successful role peran sukses,peran,N5 JLPT
あだ名,あだな,adana,nickname nama panggilan,nama panggilan; julukan,N5 JLPT
彼方此方,あちこち,achikochi,here and there; various places; all around di sana-sini; berbagai,tempat; di sekitar,N5 JLPT
彼方,あちら,achira,that way; that direction; over there,seperti itu; arah itu; di sana,N5 JLPT
あっ,あっ,a,ah; oh Ah; Oh,Ah; Oh,N5 JLPT
圧巻,あっかん,akkan,highlight; best part,menyorot; bagian terbaik,N5 JLPT
呆気,あっけ,akke,being taken aback; state of shock; dumbfoundedness terkejut,keadaan syok; tercengang,N5 JLPT
圧勝,あっしょう,asshou,overwhelming victory; crushing victory; sweeping victory,kemenangan luar biasa; kemenangan telak;,N5 JLPT
有って無い,あってない,attenai,"lacking in some desired property (size, usefulness, etc.) kekurangan beberapa properti",yang diinginkan,N5 JLPT
あっての,あっての,atteno,which can exist solely due to the presence of; whose existence is determined entirely by; which owes everything to,ada; eksis,N5 JLPT
あっという間,あっというま,attoiuma,an instant; a split second; no time at all sejenak; sepersekian detik,tidak ada waktu sama sekali,N5 JLPT
あっという間に,あっというまに,attoiumani,in an instant; in a flash; in the blink of an eye,dalam sekejap; dalam sekejap; dalam sekejap mata,N5 JLPT
圧倒的,あっとうてき,attouteki,overwhelming begitu,banyak,N5 JLPT
熱々,あつあつ,atsuatsu,piping hot; scalding panas sekali; pedas,sangat panas; panas membara,N5 JLPT
厚着,あつぎ,atsugi,wearing thick clothes; dressing warmly,mengenakan pakaian tebal; berpakaian hangat,N5 JLPT
厚さ,あつさ,atsusa,thickness ketebalan,ketebalan,N5 JLPT
暑さ,あつさ,atsusa,heat (of the weather); hotness panas (cuaca); rasa panas,panas (cuaca); rasa panas,N5 JLPT
厚み,あつみ,atsumi,thickness ketebalan,ketebalan,N5 JLPT
宛先,あてさき,atesaki,address; destination alamat,tujuan,N5 JLPT
充てる,あてる,ateru,to assign; to set aside,untuk menugaskan; untuk menyisihkan,N5 JLPT
後押し,あとおし,atooshi,pushing; support; backing,mendorong; mendukung; dukungan,N5 JLPT
後片付け,あとかたづけ,atokatazuke,tidying up; clearing up; cleaning up,merapikan; membersihkan; membersihkan,N5 JLPT
後から,あとから,atokara,after; later,setelah; Nanti,N5 JLPT
後書き,あとがき,atogaki,afterword; postscript kata penutup; nota bene,kata penutup; postskrip,N5 JLPT
後始末,あとしまつ,atoshimatsu,settlement (of a matter); sorting out; winding up (affairs) penyelesaian (suatu,hal); memilah; berakhir,N5 JLPT
後戻り,あともどり,atomodori,going backward; turning back; backtracking mundur,berbalik; mundur,N5 JLPT
穴埋め,あなうめ,anaume,filling (up) a hole,mengisi (up) lubang,N5 JLPT
強ち,あながち,anagachi,(not) necessarily; (not) entirely; (not) altogether (tidak) harus; (tidak),seluruhnya; (tidak) sama sekali,N5 JLPT
貴方,あなた,anata,you Anda,kamu; Anda,N5 JLPT
あなた方,あなたがた,anatagata,you (plural),kamu (jamak),N5 JLPT
侮る,あなどる,anadoru,to disdain; to look down on; to make light of,untuk meremehkan; untuk dipandang rendah; untuk meremehkan,N5 JLPT
兄貴,あにき,aniki,elder brother kakak,kakak laki-laki,N5 JLPT
亜熱帯,あねったい,anettai,subtropics subtropis,subtropis,N5 JLPT
彼の,あの,ano,that; those; the,itu; itu; itu,N5 JLPT
あの方,あのかた,anokata,that gentleman; that lady; he pria,itu; wanita itu; Dia,N5 JLPT
あのね,あのね,anone,look here; I say; well Lihat disini,saya katakan; Sehat,N5 JLPT
あの人,あのひと,anohito,he; she; that person,Dia; dia; orang itu,N5 JLPT
あの世,あのよ,anoyo,the other world; the next world; the world beyond dunia,lain; dunia selanjutnya; dunia luar,N5 JLPT
浴びせる,あびせる,abiseru,to pour on,untuk dituangkan,N5 JLPT
溢れる,あふれる,afureru,to overflow; to brim over; to flood meluap,untuk meluap; banjir,N5 JLPT
甘え,あまえ,amae,overdependence (on others; usu. one's fosterers or seniors); lack of self-reliance; presumed acceptance (of one's beh...,kurang; kekurangan,N5 JLPT
天下り,あまくだり,amakudari,retiring high-ranking government officials taking a lucrative job in a private or semi-private corporation,pemerintah,N5 JLPT
余す,あます,amasu,to save; to leave over; to spare,untuk menyimpan; untuk meninggalkan; untuk cadangan,N5 JLPT
雨垂れ,あまだれ,amadare,"raindrops (dripping from eaves, branches, etc.) tetesan air hujan (menetes","dari atap, dahan, dll.)",N5 JLPT
天の川,あまのがわ,amanogawa,Milky Way; luminous band corresponding to the plane of the galaxy Bimasakti; pita bercahaya,yang sesuai dengan,N5 JLPT
甘味,あまみ,amami,sweetness; sugary taste rasa manis; rasa manis,rasa manis; kemanisan,N5 JLPT
雨水,あまみず,amamizu,rain water air hujan,air,N5 JLPT
雨漏り,あまもり,amamori,roof leak kebocoran atap,bocor; mengalir keluar,N5 JLPT
雨宿り,あまやどり,amayadori,taking shelter from rain berlindung,dari hujan,N5 JLPT
余りに,あまりに,amarini,too (much); overly; excessively,terlalu (banyak); terlalu; berlebihan,N5 JLPT
阿弥陀,あみだ,amida,Amitabha (Buddha); Amida Amitabha (Buddha); Amida,Amitabha (Buddha); Amida,N5 JLPT
網戸,あみど,amido,window screen; insect screen; mosquito screen layar jendela; layar serangga; layar nyamuk,serangga,N5 JLPT
雨が降る,あめがふる,amegafuru,to rain,untuk hujan,N5 JLPT
雨降り,あめふり,amefuri,rainfall; rainy weather; rain curah hujan; cuaca hujan; hujan,hujan,N5 JLPT
危うく,あやうく,ayauku,barely; narrowly hampir,tidak; secara sempit,N5 JLPT
怪しむ,あやしむ,ayashimu,to suspect,untuk mencurigai,N5 JLPT
誤って,あやまって,ayamatte,accidentally; in error; by mistake,secara tidak sengaja; dalam kesalahan; secara tidak sengaja,N5 JLPT
鮎,あゆ,ayu,ayu (Plecoglossus altivelis); sweetfish ayu (Plecoglossus altivelis); ikan manis,ikan ayu; ikan manis,N5 JLPT
歩み寄り,あゆみより,ayumiyori,compromise; concession kompromi; konsesi,kompromi,N5 JLPT
歩み寄る,あゆみよる,ayumiyoru,to compromise; to meet halfway,untuk berkompromi; untuk bertemu di tengah jalan,N5 JLPT
あら,あら,ara,oh!; ah!; oh no oh!; Ah!; oh,tidak,N5 JLPT
荒々しい,あらあらしい,araarashii,rough; wild; rude kasar; liar; kasar,kasar,N5 JLPT
洗い上げる,あらいあげる,araiageru,to finish washing; to wash well; to investigate thoroughly,untuk menyelesaikan pencucian; untuk mencuci,N5 JLPT
洗い物,あらいもの,araimono,things to be washed; (dirty) dishes; laundry barang-barang,yang harus dicuci; piring (kotor); cucian,N5 JLPT
荒木,あらき,araki,logs in bark; rough wood; unseasoned timber log di kulit kayu; kayu kasar; kayu,yang tidak berbumbu,N5 JLPT
新手,あらて,arate,fresh troops; fresh players pasukan,baru; pemain segar,N5 JLPT
荒波,あらなみ,aranami,raging waves; stormy seas ombak,yang mengamuk; lautan badai,N5 JLPT
凡ゆる,あらゆる,arayuru,all; every,semua; setiap,N5 JLPT
荒らげる,あららげる,ararageru,to roughen (e.g. one's attitude); to raise (one's voice),untuk bersikap kasar (misalnya sikap seseorang);,N5 JLPT
蟻,あり,ari,ant semut,semut,N5 JLPT
あり得ない,ありえない,arienai,impossible tidak mungkin,tidak mungkin,N5 JLPT
有りがち,ありがち,arigachi,common; frequent,umum; sering,N5 JLPT
有難う,ありがとう,arigatou,thank you; thanks,terima kasih; terima kasih,N5 JLPT
有難うございました,ありがとうございました,arigatougozaimashita,thank you terima kasih,terima kasih,N5 JLPT
有難うございます,ありがとうございます,arigatougozaimasu,thank you terima kasih,terima kasih,N5 JLPT
有様,ありさま,arisama,state; condition; circumstances negara bagian,kondisi; keadaan,N5 JLPT
在りし日,ありしひ,arishihi,past days; bygone days; days of yore beberapa hari terakhir; hari-hari,yang lalu; hari dahulu kala,N5 JLPT
有りそう,ありそう,arisou,probable; likely mungkin; mungkin,mungkin; kemungkinan besar,N5 JLPT
有りとあらゆる,ありとあらゆる,aritoarayuru,every conceivable; every single; every possible,setiap kemungkinan; setiap orang; setiap mungkin,N5 JLPT
有りのまま,ありのまま,arinomama,as it is; plain (truth); bare apa,adanya; jelas (kebenaran); telanjang,N5 JLPT
有り触れた,ありふれた,arifureta,common; commonplace; ordinary,umum; biasa; biasa,N5 JLPT
或る,ある,aru,a certain ...; some ...,tertentu...; beberapa ...,N5 JLPT
或いは,あるいは,aruiha,or; either ... or,atau; baik ... atau,N5 JLPT
ある意味で,あるいみで,aruimide,in a sense; in some way; to an extent,dalam arti tertentu; dalam beberapa hal; sampai batas tertentu,N5 JLPT
ある意味では,あるいみでは,aruimideha,in a sense; in some way; to an extent,dalam arti tertentu; dalam beberapa hal; sampai batas tertentu,N5 JLPT
歩き回る,あるきまわる,arukimawaru,to walk about; to walk around; to walk to and fro,untuk berjalan-jalan; untuk berjalan-jalan; untuk berjalan kesana kemari,N5 JLPT
荒れ,あれ,are,stormy weather; tempest; chaps (of skin) cuaca badai; badai; bab (kulit),badai; ribut,N5 JLPT
彼是,あれこれ,arekore,this and that; this or that; one thing or another,ini dan itu; ini atau itu; satu atau lain hal,N5 JLPT
あれだけ,あれだけ,aredake,to that extent; to that degree; that much sejauh,itu; sampai tingkat itu; sebanyak itu,N5 JLPT
あれ程,あれほど,arehodo,to that extent sejauh,itu,N5 JLPT
哀れむ,あわれむ,awaremu,to pity; to feel sympathy for; to sympathize with kasihan,untuk merasa simpati; untuk bersimpati,N5 JLPT
餡,あん,an,red bean paste; red bean jam; anko pasta kacang,merah; selai kacang merah; anko,N5 JLPT
暗雲,あんうん,anun,dark clouds awan gelap,gelap,N5 JLPT
安価,あんか,anka,low-priced; cheap; inexpensive murah; murah; murah,murah,N5 JLPT
行脚,あんぎゃ,angya,pilgrimage ziarah,ziarah; perjalanan suci,N5 JLPT
案件,あんけん,anken,matter (to discuss); item (on the agenda); issue materi (untuk berdiskusi),hal (dalam agenda); masalah,N5 JLPT
餡子,あんこ,anko,red bean paste; red bean jam; anko pasta kacang,merah; selai kacang merah; anko,N5 JLPT
暗黒,あんこく,ankoku,darkness kegelapan,kegelapan; gelap gulita,N5 JLPT
暗号,あんごう,angou,code; password; cipher kode; kata sandi; sandi,lewat; melewati,N5 JLPT
暗礁,あんしょう,anshou,reef; sunken rock karang; batu,yang tenggelam,N5 JLPT
安心感,あんしんかん,anshinkan,sense of security rasa aman,keamanan,N5 JLPT
安住,あんじゅう,anjuu,living in peace; living a quiet life hidup,dalam damai; menjalani kehidupan yang tenang,N5 JLPT
杏,あんず,anzu,apricot (Prunus armeniaca) aprikot (Prunus armeniaca),aprikot,N5 JLPT
安全保障,あんぜんほしょう,anzenhoshou,(guarantee of) security (jaminan),keamanan,N5 JLPT
安泰,あんたい,antai,security; stability; safety,keamanan; stabilitas; keamanan,N5 JLPT
安打,あんだ,anda,safe hit pukulan,yang aman,N5 JLPT
暗に,あんに,anni,implicitly; indirectly; tacitly,secara implisit; secara tidak langsung; diam-diam,N5 JLPT
塩梅,あんばい,anbai,seasoning; flavour; flavor bumbu; rasa; rasa,bumbu; penyedap,N5 JLPT
安否,あんぴ,anpi,safety; welfare; well-being,keamanan; kesejahteraan; kesejahteraan,N5 JLPT
安保,あんぽ,anpo,security (e.g. national security),keamanan (misalnya keamanan nasional),N5 JLPT
安眠,あんみん,anmin,sound sleep; good sleep; quiet sleep tidur nyenyak; tidur nyenyak; tidur,yang tenang,N5 JLPT
暗黙,あんもく,anmoku,tacit; unspoken; implicit diam-diam; tak,terucapkan; implisit,N5 JLPT
安楽死,あんらくし,anrakushi,euthanasia eutanasia,eutanasia,N5 JLPT
亥,い,i,the Boar (twelfth sign of the Chinese zodiac); the Pig Babi Hutan (tanda,kedua belas zodiak Cina); si,N5 JLPT
伊,い,i,Italy Italia,Italia,N5 JLPT
医,い,i,medicine; the healing art; healing obat-obatan; seni,penyembuhan; penyembuhan,N5 JLPT
居合わせる,いあわせる,iawaseru,to happen to be present,kebetulan hadir,N5 JLPT
慰安,いあん,ian,solace; relaxation hiburan; relaksasi,hiburan; relaksasi,N5 JLPT
いい,いい,ii,good; excellent; fine bagus; bagus sekali; baiklah,baik; bagus; luar biasa,N5 JLPT
言い表す,いいあらわす,iiarawasu,to express (in words),untuk mengungkapkan (dengan kata-kata),N5 JLPT
言い返す,いいかえす,iikaesu,to talk back; to answer back; to retort,untuk membalas; untuk menjawab kembali; untuk membalas,N5 JLPT
言い換える,いいかえる,iikaeru,to say in other words; to put another way; to express in different words,untuk mengatakan dengan kata lain; dengan kata,N5 JLPT
いい加減にしろ,いいかげんにしろ,iikagennishiro,that's enough!; cut it out!; get a life!,itu sudah cukup!; hentikan!; mendapatkan kehidupan!,N5 JLPT
言い方,いいかた,iikata,way of saying (something); way of putting it; wording,cara mengatakan (sesuatu); cara,N5 JLPT
言い切る,いいきる,iikiru,to declare; to assert; to state definitively,untuk menyatakan; untuk menegaskan; untuk menyatakan secara pasti,N5 JLPT
言いなり,いいなり,iinari,doing as one is told; yes-man,melakukan apa yang diperintahkan; ya kawan,N5 JLPT
良いね,いいね,iine,that's good; that's nice,itu bagus; itu bagus,N5 JLPT
言い分,いいぶん,iibun,one's say; one's point; one's case kata,seseorang; maksud seseorang; kasus seseorang,N5 JLPT
言い回し,いいまわし,iimawashi,expression; phraseology ekspresi; fraseologi,ekspresi; ungkapan,N5 JLPT
いいや,いいや,iiya,no; nope,tidak; tidak,N5 JLPT
言いようがない,いいようがない,iiyouganai,indescribable; having no way to express tak terlukiskan,tidak punya cara untuk berekspresi,N5 JLPT
言い渡し,いいわたし,iiwatashi,sentence; judgment; judgement kalimat,keputusan; penghakiman,N5 JLPT
言い渡す,いいわたす,iiwatasu,to announce; to tell; to sentence,untuk mengumumkan; untuk memberitahu; untuk kalimat,N5 JLPT
委員会,いいんかい,iinkai,committee; commission; board panitia; komisi; papan,komite; panitia; komisi; biaya; dewan; papan,N5 JLPT
委員長,いいんちょう,iinchou,chairperson (of a committee); chair,chairman ketua (komite); kursi; ketua,N5 JLPT
言うまでもない,いうまでもない,iumademonai,goes without saying; needless to say; obvious tak,perlu dikatakan lagi; tentu saja; jelas,N5 JLPT
遺影,いえい,iei,portrait of a deceased person potret,orang yang sudah meninggal,N5 JLPT
家柄,いえがら,iegara,social standing of a family; lineage; parentage kedudukan sosial,sebuah keluarga; garis keturunan; orang tua,N5 JLPT
家づくり,いえづくり,iezukuri,house building; building a house,pembangunan rumah; membangun rumah,N5 JLPT
家元,いえもと,iemoto,"head of a school (of music, dance); head family of a school","kepala sekolah (musik, tari); keluarga kepala",N5 JLPT
硫黄,いおう,iou,sulfur (S); sulphur belerang (S); belerang,belerang (S),N5 JLPT
庵,いおり,iori,hermitage; retreat pertapaan; mundur,mundur; retret,N5 JLPT
医科,いか,ika,medical science; medical department ilmu,kedokteran; departemen medis,N5 JLPT
如何,いかが,ikaga,how; in what way; how about Bagaimana,dengan cara apa; bagaimana dengan,N5 JLPT
医科学,いかがく,ikagaku,medical science ilmu,kedokteran,N5 JLPT
威嚇,いかく,ikaku,threat; intimidation; menace,ancaman; intimidasi; ancaman,N5 JLPT
如何に,いかに,ikani,how; in what way bagaimana,dengan cara apa,N5 JLPT
如何にも,いかにも,ikanimo,indeed; really; truly,memang; Sungguh; sungguh,N5 JLPT
錨,いかり,ikari,anchor jangkar,jangkar,N5 JLPT
移管,いかん,ikan,transfer of control,pengalihan kendali,N5 JLPT
遺憾,いかん,ikan,regrettable; unsatisfactory; deplorable disesalkan,tidak memuaskan; menyedihkan,N5 JLPT
医学部,いがくぶ,igakubu,faculty of medicine; college of medicine; department of medicine fakultas kedokteran; perguruan,tinggi,N5 JLPT
意気,いき,iki,spirit; heart; disposition semangat; jantung,disposisi,N5 JLPT
生き,いき,iki,living; being alive hidup; sedang hidup,keberadaan; makhluk,N5 JLPT
遺棄,いき,iki,abandonment; desertion pengabaian; desersi,pengabaian; desersi,N5 JLPT
生き埋め,いきうめ,ikiume,burying alive mengubur hidup-hidup,mengubur hidup-hidup,N5 JLPT
生き返る,いきかえる,ikikaeru,to revive; to come to oneself; to be restored to life,untuk menghidupkan kembali; untuk sadar; untuk,N5 JLPT
生き方,いきかた,ikikata,way of life; how to live,cara hidup; bagaimana cara hidup,N5 JLPT
域外,いきがい,ikigai,outside the area di luar daerah,tersebut,N5 JLPT
生きがい,いきがい,ikigai,reason for living; something one lives for; purpose in life alasan,untuk hidup; sesuatu yang dijalani,N5 JLPT
息切れ,いきぎれ,ikigire,shortness of breath; panting; puffing sesak napas; terengah-engah; terengah-engah,sesak napas; terengah-engah,N5 JLPT
意気込み,いきごみ,ikigomi,ardor; enthusiasm semangat; antusiasme,antusiasme; semangat,N5 JLPT
意気盛ん,いきさかん,ikisakan,in high spirits,dalam semangat tinggi,N5 JLPT
行き先,いきさき,ikisaki,destination tujuan,tujuan; destinasi,N5 JLPT
行き過ぎ,いきすぎ,ikisugi,going too far; going to extremes bertindak terlalu jauh,menjadi ekstrem,N5 JLPT
行き過ぎる,いきすぎる,ikisugiru,to go too far; to go past melangkah terlalu jauh,untuk melewatinya,N5 JLPT
閾値,いきち,ikichi,"threshold (amount, dose, etc.) ambang batas (jumlah, dosis, dll.)",ambang batas; dosis minimum,N5 JLPT
行き詰まり,いきづまり,ikizumari,deadlock; stalemate; impasse,kebuntuan; jalan buntu; kebuntuan,N5 JLPT
行き届く,いきとどく,ikitodoku,to be scrupulous; to be attentive; to be prudent,menjadi teliti; untuk menjadi perhatian; untuk berhati-hati,N5 JLPT
憤り,いきどおり,ikidoori,resentment; indignation; anger,kebencian; kemarahan; kemarahan,N5 JLPT
行き止まり,いきどまり,ikidomari,dead end; blind alley; no through road (i.e. on signage) jalan buntu; jalan buntu,tidak melalui jalan raya,N5 JLPT
域内,いきない,ikinai,inside the area di,dalam area tersebut,N5 JLPT
行き成り,いきなり,ikinari,abruptly; suddenly; all of a sudden tiba-tiba; Tiba-tiba; tiba-tiba,tiba-tiba,N5 JLPT
生き残り,いきのこり,ikinokori,survival kelangsungan hidup,kelangsungan hidup; bertahan hidup,N5 JLPT
医局,いきょく,ikyoku,medical office (esp. in a hospital); doctor's office kantor,medis (khususnya di rumah sakit); kantor dokter,N5 JLPT
行き渡る,いきわたる,ikiwataru,to diffuse; to spread throughout; to prevail,untuk menyebar; untuk menyebar ke seluruh; untuk menang,N5 JLPT
偉業,いぎょう,igyou,great achievement; great feat; great work,pencapaian luar biasa; prestasi luar biasa; kerja bagus,N5 JLPT
幾,いく,iku,some; several; a few beberapa; beberapa; beberapa,sebuah; suatu,N5 JLPT
育英,いくえい,ikuei,education of gifted young people; providing financial support to gifted students pendidikan generasi,muda berbakat; memberikan,N5 JLPT
戦,いくさ,ikusa,war; battle; campaign,perang; pertempuran; kampanye,N5 JLPT
意気地,いくじ,ikuji,self-respect; self-confidence; guts harga,diri; kepercayaan diri; nyali,N5 JLPT
幾つ,いくつ,ikutsu,how many berapa,banyak,N5 JLPT
幾つか,いくつか,ikutsuka,(a) few; some; several (a),sedikit; beberapa; beberapa,N5 JLPT
幾度,いくど,ikudo,(how) many times; (how) often (berapa) kali; (seberapa) sering,sering,N5 JLPT
異口同音,いくどうおん,ikudouon,(saying) with one voice; unanimously; in chorus (berkata),dengan satu suara; bulat; dalam paduan suara,N5 JLPT
幾日,いくにち,ikunichi,(for) how many days (untuk),berapa hari,N5 JLPT
幾ら,いくら,ikura,how much berapa,banyak,N5 JLPT
行けない,いけない,ikenai,bad; wrong; naughty,buruk; salah; nakal,N5 JLPT
行けません,いけません,ikemasen,wrong; not good; of no use,salah; tidak bagus; tidak ada gunanya,N5 JLPT
イケ面,いけめん,ikemen,good-looking guy; handsome man; hunk pria,tampan; pria tampan; cowok,N5 JLPT
違憲,いけん,iken,unconstitutionality inkonstitusionalitas,inkonstitusionalitas; melanggar konstitusi,N5 JLPT
憩い,いこい,ikoi,rest; relaxation istirahat; relaksasi,bantuan,N5 JLPT
遺構,いこう,ikou,(archaeological) remains; remnants (of ancient structures); ancient foundation,peninggalan (arkeologis); sisa-sisa (bangunan,N5 JLPT
異国,いこく,ikoku,foreign country negara asing,negara,N5 JLPT
遺骨,いこつ,ikotsu,cremated remains (esp. the bones); ashes sisa-sisa kremasi (khususnya tulang),abu,N5 JLPT
囲碁,いご,igo,go (board game),pergi (permainan papan),N5 JLPT
居心地,いごこち,igokochi,feeling of a house or a room perasaan,sebuah rumah atau ruangan,N5 JLPT
潔い,いさぎよい,isagiyoi,"gracious (defeat, apology, etc.); graceful; honourable (e.g. death) ramah (kekalahan","permintaan maaf, dll); anggun;",N5 JLPT
遺作,いさく,isaku,posthumous works karya anumerta,karya anumerta; karya setelah meninggal,N5 JLPT
些か,いささか,isasaka,a little; a bit; somewhat,sedikit; sedikit; agak,N5 JLPT
遺産,いさん,isan,inheritance; bequest; legacy,warisan; warisan; warisan,N5 JLPT
居酒屋,いざかや,izakaya,"izakaya; tavern, bar, etc. that also serves various dishes and snacks izakaya; kedai, bar, dll",yang juga menyajikan,N5 JLPT
いざこざ,いざこざ,izakoza,trouble; quarrel; difficulties masalah,pertengkaran; kesulitan,N5 JLPT
遺志,いし,ishi,wishes of a deceased person; dying wish keinginan,orang yang sudah meninggal; keinginan sekarat,N5 JLPT
石頭,いしあたま,ishiatama,obstinate person; stubbornness; pigheadedness,orang yang keras kepala; sikap keras kepala; sifat keras kepala,N5 JLPT
医師会,いしかい,ishikai,medical association asosiasi,medis,N5 JLPT
石垣,いしがき,ishigaki,stone wall dinding batu,dinding batu,N5 JLPT
意識調査,いしきちょうさ,ishikichousa,attitude survey; opinion poll survei sikap; jajak pendapat,sikap,N5 JLPT
意識的,いしきてき,ishikiteki,conscious; deliberate; intentional sadar,disengaja; disengaja,N5 JLPT
意思決定,いしけってい,ishikettei,decision-making pengambilan keputusan,pengambilan keputusan,N5 JLPT
礎,いしずえ,ishizue,foundation stone; cornerstone batu pondasi,landasan,N5 JLPT
意思疎通,いしそつう,ishisotsuu,(reciprocal) communication; (coming to a) mutual understanding komunikasi (timbal balik); (sampai,pada a) saling,N5 JLPT
異質,いしつ,ishitsu,"different (quality, nature); heterogeneous","berbeda (kualitas, sifat); heterogen",N5 JLPT
遺失物,いしつぶつ,ishitsubutsu,lost article; lost property barang hilang; harta benda,yang hilang,N5 JLPT
石橋,いしばし,ishibashi,stone bridge jembatan batu,jembatan,N5 JLPT
意思表示,いしひょうじ,ishihyouji,expressing one's feelings; communicating one's intention mengungkapkan perasaan,seseorang;,N5 JLPT
慰謝,いしゃ,isha,consolation penghiburan,penghiburan; hiburan,N5 JLPT
萎縮,いしゅく,ishuku,withering; shrivelling; shrinking layu,mengerut; menyusut,N5 JLPT
遺書,いしょ,isho,note left by a dead person; suicide note; testamentary letter catatan,yang ditinggalkan oleh orang yang sudah,N5 JLPT
委嘱,いしょく,ishoku,commissioning; entrusting (with); request komisioning,mempercayakan (dengan); permintaan,N5 JLPT
異色,いしょく,ishoku,unique; distinctive; novel unik; berbeda,baru,N5 JLPT
移植,いしょく,ishoku,transplanting (a plant); transplant; grafting transplantasi (tanaman); transplantasi; okulasi,transplantasi,N5 JLPT
威信,いしん,ishin,prestige; dignity prestise; martabat,martabat; kehormatan,N5 JLPT
維新,いしん,ishin,reformation; revolution; renewal reformasi; revolusi,pembaharuan,N5 JLPT
遺児,いじ,iji,orphan; child left by the deceased yatim piatu; anak,yang ditinggalkan almarhum,N5 JLPT
虐め,いじめ,ijime,bullying; teasing intimidasi,menggoda,N5 JLPT
苛める,いじめる,ijimeru,to ill-treat; to bully; to torment,untuk memperlakukan dengan buruk; untuk menindas; untuk menyiksa,N5 JLPT
異状,いじょう,ijou,something wrong; something unusual; abnormality,ada yang salah; sesuatu yang tidak biasa; kelainan,N5 JLPT
移譲,いじょう,ijou,"handing over (of a right, property, etc.); transfer; assignment penyerahan (hak, harta benda",dan lain-lain);,N5 JLPT
弄る,いじる,ijiru,to finger; to touch; to play with ke jari,untuk menyentuh; untuk bermain dengannya,N5 JLPT
偉人,いじん,ijin,great person; eminent figure,orang hebat; sosok terkemuka,N5 JLPT
何れ,いずれ,izure,which; where; who,yang mana; Di mana; siapa,N5 JLPT
何れか,いずれか,izureka,one (of); any (one of); either (of),satu (dari); setiap (salah satu); salah satu (dari),N5 JLPT
威勢,いせい,isei,power; might; authority,kekuasaan; mungkin; otoritas,N5 JLPT
移籍,いせき,iseki,transfer (of one's name into another family register) pemindahan (nama,seseorang ke dalam daftar,N5 JLPT
依然として,いぜんとして,izentoshite,still; as yet; as of old tetap saja; masih,seperti yang lama,N5 JLPT
磯,いそ,iso,(rocky) beach; seashore pantai (berbatu); pantai laut,pantai,N5 JLPT
いそいそ,いそいそ,isoiso,cheerfully; joyously; joyfully,dengan riang; dengan gembira; dengan gembira,N5 JLPT
急いで,いそいで,isoide,hurriedly; in haste; in a rush tergesa-gesa,dengan tergesa-gesa; terburu-buru,N5 JLPT
移送,いそう,isou,transfer; transport; transportation,pemindahan; mengangkut; transportasi,N5 JLPT
急ぎ,いそぎ,isogi,haste; hurry; expedition tergesa-gesa; buru-buru; ekspedisi,ekspedisi,N5 JLPT
遺族,いぞく,izoku,bereaved family; surviving family; family of the deceased keluarga,yang berduka; keluarga yang masih,N5 JLPT
依存症,いぞんしょう,izonshou,"dependence (on alcohol, drugs, etc.)","ketergantungan (pada alkohol, obat-obatan, dll.)",N5 JLPT
遺体,いたい,itai,(dead) body; corpse; remains tubuh (mati); mayat; tetap,mayat; tetap,N5 JLPT
悪戯,いたずら,itazura,mischief; prank; trick,kenakalan; lelucon; trik,N5 JLPT
頂,いただき,itadaki,crown (of head); summit (of mountain); spire mahkota (kepala); puncak (gunung); puncak,menara,N5 JLPT
頂きます,いただきます,itadakimasu,thank you (for the meal just served); I receive (this meal) terima kasih (untuk makanan,yang baru saja,N5 JLPT
頂く,いただく,itadaku,to receive; to get; to accept,untuk menerima; untuk mendapatkan; untuk menerima,N5 JLPT
頂ける,いただける,itadakeru,to be able to receive; to be able to take; to be able to accept,untuk dapat menerima; untuk dapat mengambil;,N5 JLPT
至って,いたって,itatte,very much; exceedingly; extremely sangat,banyak; sangat; sangat,N5 JLPT
痛手,いたで,itade,serious wound luka serius,serius,N5 JLPT
痛ましい,いたましい,itamashii,pitiful; heartbreaking; heartrending,menyedihkan; menyayat hati; menyayat hati,N5 JLPT
悼む,いたむ,itamu,to grieve over; to mourn; to lament,untuk berduka; untuk berduka; untuk meratapi,N5 JLPT
痛む,いたむ,itamu,to hurt; to ache; to feel a pain,untuk menyakiti; sakit; merasakan sakit,N5 JLPT
痛める,いためる,itameru,to hurt; to injure; to cause pain,untuk menyakiti; untuk melukai; menyebabkan rasa sakit,N5 JLPT
至る所,いたるところ,itarutokoro,everywhere; all over; throughout dimana-mana,seluruhnya; sepanjang,N5 JLPT
労る,いたわる,itawaru,to pity; to sympathize with; to sympathise with kasihan,untuk bersimpati dengan; untuk bersimpati,N5 JLPT
異端,いたん,itan,heresy; nonconformism; heathenism bid'ah; nonkonformisme; kafir,bid'ah; sesat; tidak konformis,N5 JLPT
板ガラス,いたガラス,itagarasu,plate glass; sheet glass kaca piring,lembaran kaca,N5 JLPT
医大,いだい,idai,medical university; medical college; medical school universitas kedokteran; perguruan,tinggi kedokteran; sekolah kedokteran,N5 JLPT
一位,いちい,ichii,first place; first rank,tempat pertama; peringkat pertama,N5 JLPT
一々,いちいち,ichiichi,one-by-one; separately,satu per satu; secara terpisah,N5 JLPT
一員,いちいん,ichiin,one person; one member,satu orang; satu anggota,N5 JLPT
一因,いちいん,ichiin,one cause; one reason; one factor,satu penyebab; satu alasan; satu faktor,N5 JLPT
一円,いちえん,ichien,one yen,satu yen,N5 JLPT
一億,いちおく,ichioku,"100,000,000; one hundred million; 10^8 100.000.000; seratus juta; 10^8",satu; seseorang,N5 JLPT
１月,いちがつ,ichigatsu,January Januari,Januari,N5 JLPT
一丸,いちがん,ichigan,one lump; one body; one group,satu gumpalan; satu tubuh; satu kelompok,N5 JLPT
一義,いちぎ,ichigi,one meaning,satu arti,N5 JLPT
一行,いちぎょう,ichigyou,(one) line; (one) row (satu) baris; (satu) baris,satu baris; satu deretan,N5 JLPT
一軍,いちぐん,ichigun,an army,sebuah tentara,N5 JLPT
一撃,いちげき,ichigeki,one blow; one hit; one stroke,satu pukulan; satu pukulan; satu pukulan,N5 JLPT
一元,いちげん,ichigen,single element; unitary elemen tunggal,kesatuan,N5 JLPT
一元化,いちげんか,ichigenka,unification; centralization; centralisation,penyatuan; sentralisasi; sentralisasi,N5 JLPT
一期,いちご,ichigo,one's whole life; one's lifetime seumur hidup,seseorang; seumur hidup seseorang,N5 JLPT
苺,いちご,ichigo,"strawberry (esp. the garden strawberry, Fragaria x ananassa) stroberi (khususnya stroberi","kebun, Fragaria x",N5 JLPT
一座,いちざ,ichiza,the whole company; the party; all those present seluruh perusahaan; pesta,semua yang hadir,N5 JLPT
一字,いちじ,ichiji,(one) letter; (one) character (satu) surat; (satu) karakter,karakter; sifat,N5 JLPT
一時間,いちじかん,ichijikan,one hour,satu jam,N5 JLPT
一時期,いちじき,ichijiki,a period (of time),suatu periode (waktu),N5 JLPT
一時金,いちじきん,ichijikin,single amount (of money); one-off payment; lump sum jumlah tunggal (uang); pembayaran,satu kali;,N5 JLPT
一時的,いちじてき,ichijiteki,temporary; transitory; short-lived sementara; sementara; berumur,pendek,N5 JLPT
一助,いちじょ,ichijo,(some small) help; an aid; some assistance (sebagian,kecil) bantuan; sebuah bantuan; beberapa bantuan,N5 JLPT
一女,いちじょ,ichijo,one daughter,satu anak perempuan,N5 JLPT
一条,いちじょう,ichijou,one line; one streak; one stripe,satu baris; satu pukulan; satu garis,N5 JLPT
一人物,いちじんぶつ,ichijinbutsu,person to be reckoned with; person of importance,orang yang harus diperhitungkan; orang penting,N5 JLPT
一途,いちず,ichizu,single-minded; intent; determined,berpikiran tunggal; maksud; ditentukan,N5 JLPT
一族,いちぞく,ichizoku,family; relatives; dependents,keluarga; kerabat; tanggungan,N5 JLPT
１対１,いちたいいち,ichitaiichi,one-to-one; one-on-one,satu lawan satu; satu lawan satu,N5 JLPT
一打,いちだ,ichida,stroke; blow pukulan,pukulan,N5 JLPT
一代,いちだい,ichidai,generation; lifetime; age generasi; seumur hidup; usia,generasi,N5 JLPT
一台,いちだい,ichidai,one machine; one vehicle,satu mesin; satu kendaraan,N5 JLPT
一大,いちだい,ichidai,one large ...; a great ...,satu besar...; bagus ...,N5 JLPT
一団,いちだん,ichidan,body; group; party tubuh,kelompok; pesta,N5 JLPT
一段,いちだん,ichidan,even more; still more; much more bahkan lebih; masih,banyak lagi; lebih banyak lagi,N5 JLPT
一段落,いちだんらく,ichidanraku,reaching a stopping place; settling down (before the next stage); getting to a point where one can rest,beristirahat,N5 JLPT
位置付け,いちづけ,ichizuke,placement; fixed position; mapping out,penempatan; posisi tetap; memetakan,N5 JLPT
位置付ける,いちづける,ichizukeru,to place (in relation to the whole); to rank; to position,untuk menempatkan (dalam kaitannya dengan,N5 JLPT
一堂,いちどう,ichidou,"one building (hall, temple, shrine, room)","satu bangunan (aula, candi, kuil, ruangan)",N5 JLPT
一男,いちなん,ichinan,boy; eldest son anak laki-laki; putra sulung,anak laki-laki,N5 JLPT
一二,いちに,ichini,the first and second; a few,yang pertama dan kedua; beberapa,N5 JLPT
一日中,いちにちじゅう,ichinichijuu,all day long; all the day; throughout the day sepanjang hari; sepanjang hari; sepanjang hari,semua; seluruh,N5 JLPT
一任,いちにん,ichinin,entrusting (everything to); leaving (a matter) entirely with,mempercayakan (segalanya kepada);,N5 JLPT
一人前,いちにんまえ,ichininmae,one portion; one serving; one person,satu porsi; satu porsi; satu orang,N5 JLPT
一年,いちねん,ichinen,one year; some time ago,satu tahun; beberapa waktu lalu,N5 JLPT
一年間,いちねんかん,ichinenkan,(period of) one year (jangka,waktu) satu tahun,N5 JLPT
一年中,いちねんじゅう,ichinenjuu,all year round sepanjang tahun,tahun,N5 JLPT
１年生,いちねんせい,ichinensei,first-year student; first-year pupil mahasiswa tahun,pertama; murid tahun pertama,N5 JLPT
いち早く,いちはやく,ichihayaku,promptly; quickly; without delay segera,dengan cepat; tanpa penundaan,N5 JLPT
一番上,いちばんうえ,ichibanue,highest; uppermost; topmost paling,tinggi; paling atas; paling atas,N5 JLPT
一番手,いちばんて,ichibante,first person (to do); person going first,orang pertama (yang melakukan); orang pergi duluan,N5 JLPT
一番乗り,いちばんのり,ichibannori,first rider in a charge pembalap,pertama yang bertanggung jawab,N5 JLPT
一分,いちぶ,ichibu,one tenth; one hundredth; one percent sepersepuluh; seperseratus,satu persen,N5 JLPT
一部,いちぶ,ichibu,one part; one portion; one section,satu bagian; satu porsi; satu bagian,N5 JLPT
一枚,いちまい,ichimai,"one (thin, flat object); one sheet",satu (benda tipis dan datar); satu lembar,N5 JLPT
一枚岩,いちまいいわ,ichimaiiwa,monolith; large slab of rock monolit; lempengan batu,besar,N5 JLPT
１万,いちまん,ichiman,"10,000; ten thousand; 10^4 10.000",sepuluh ribu; 10^4,N5 JLPT
一問,いちもん,ichimon,one question,satu pertanyaan,N5 JLPT
一文,いちもん,ichimon,tiny amount of money; a penny; a cent sejumlah,kecil uang; satu sen; satu sen,N5 JLPT
一門,いちもん,ichimon,family; clan; kin,keluarga; klan; saudara,N5 JLPT
一夜,いちや,ichiya,one night; all night; overnight,suatu malam; sepanjang malam; semalaman,N5 JLPT
一躍,いちやく,ichiyaku,"suddenly (rising to fame, etc.); instantly; immediately tiba-tiba (menjadi","terkenal, dll.); segera; segera",N5 JLPT
医長,いちょう,ichou,medical director; chief,physician direktur medis; dokter kepala,N5 JLPT
胃腸,いちょう,ichou,stomach and intestines; gastrointestinal tract; digestive organs lambung,dan usus; saluran pencernaan; organ,N5 JLPT
一翼,いちよく,ichiyoku,one wing,satu sayap,N5 JLPT
一覧,いちらん,ichiran,look; glance; sight lihat,lirikan; penglihatan,N5 JLPT
一覧表,いちらんひょう,ichiranhyou,list; table; schedule daftar,meja; jadwal,N5 JLPT
一両,いちりょう,ichiryou,one vehicle,satu kendaraan,N5 JLPT
一塁,いちるい,ichirui,first base pangkalan,pertama,N5 JLPT
一例,いちれい,ichirei,example; an instance contoh,sebuah contoh,N5 JLPT
１割,いちわり,ichiwari,ten percent,sepuluh persen,N5 JLPT
一過,いっか,ikka,passing (e.g. of a typhoon); going past lewat (misalnya angin topan),melewati,N5 JLPT
一回,いっかい,ikkai,once; one time; one round sekali,satu kali; satu putaran,N5 JLPT
一階,いっかい,ikkai,first floor; ground floor lantai,pertama; lantai dasar,N5 JLPT
一角,いっかく,ikkaku,corner; section; point sudut,bagian; titik,N5 JLPT
一ヶ月,いっかげつ,ikkagetsu,one month,satu bulan,N5 JLPT
一環,いっかん,ikkan,"link (e.g. in a chain of events); part (of a plan, campaign, activities, etc.) tautan (misalnya",dalam rangkaian peristiwa);,N5 JLPT
一貫,いっかん,ikkan,consistency; coherence; integration konsistensi; koherensi; integrasi,konsistensi,N5 JLPT
一騎打ち,いっきうち,ikkiuchi,single combat; duel; one-on-one fight pertarungan tunggal; duel; pertarungan,satu lawan satu,N5 JLPT
一気に,いっきに,ikkini,in one go; in one gulp; in one breath,dalam sekali jalan; dalam satu tegukan; dalam satu tarikan napas,N5 JLPT
一級,いっきゅう,ikkyuu,one grade; first-class; primary,satu kelas; kelas satu; utama,N5 JLPT
一挙,いっきょ,ikkyo,one effort; one action,satu upaya; satu tindakan,N5 JLPT
一局,いっきょく,ikkyoku,"one game (of go, shogi, etc.)","satu permainan (go, shogi, dll.)",N5 JLPT
一曲,いっきょく,ikkyoku,"tune (melody, piece of music) nada (melodi, karya musik)",melodi; lagu; nada,N5 JLPT
一件,いっけん,ikken,(one) matter; (one) item; (one) case (satu),hal; (satu) barang; (satu) kasus,N5 JLPT
一軒,いっけん,ikken,one house,satu rumah,N5 JLPT
一個,いっこ,ikko,one (thing); one piece; one item,satu (benda); satu potong; satu barang,N5 JLPT
一向,いっこう,ikkou,completely; absolutely; totally,sepenuhnya; sangat; sepenuhnya,N5 JLPT
一校,いっこう,ikkou,one school,satu sekolah,N5 JLPT
一向に,いっこうに,ikkouni,completely; absolutely; totally,sepenuhnya; sangat; sepenuhnya,N5 JLPT
一刻,いっこく,ikkoku,a moment; a minute; an instant sebentar; sebentar; sekejap,sebuah; suatu,N5 JLPT
一国,いっこく,ikkoku,one country,satu negara,N5 JLPT
一戸建て,いっこだて,ikkodate,detached house; stand-alone house; single-family home rumah terpisah; rumah,yang berdiri sendiri; rumah,N5 JLPT
一冊,いっさつ,issatsu,"one copy (of a book, magazine, etc.); one volume","satu eksemplar (buku, majalah, dll); satu volume",N5 JLPT
一酸化炭素,いっさんかたんそ,issankatanso,carbon monoxide karbon monoksida,karbon monoksida,N5 JLPT
一式,いっしき,isshiki,(complete) set; outfit; kit (lengkap) set,pakaian; perlengkapan,N5 JLPT
一室,いっしつ,isshitsu,one room,satu ruangan,N5 JLPT
一首,いっしゅ,isshu,one tanka; one poem,satu tanka; satu puisi,N5 JLPT
一周,いっしゅう,isshuu,one round; one circuit; one revolution,satu putaran; satu sirkuit; satu revolusi,N5 JLPT
一週間,いっしゅうかん,isshuukan,one week,satu minggu,N5 JLPT
一周年,いっしゅうねん,isshuunen,one full year,satu tahun penuh,N5 JLPT
一色,いっしょく,isshoku,one color,satu warna,N5 JLPT
一緒に,いっしょに,isshoni,together (with),bersama (dengan),N5 JLPT
一審,いっしん,isshin,first instance; first trial contoh,pertama; percobaan pertama,N5 JLPT
一新,いっしん,isshin,complete change; reform; restoration,perubahan total; pembaruan; restorasi,N5 JLPT
一身,いっしん,isshin,oneself; one's body diri,sendiri; tubuh seseorang,N5 JLPT
一心に,いっしんに,isshinni,wholeheartedly; single-mindedly; fervently,dengan sepenuh hati; dengan sepenuh hati; dengan sungguh-sungguh,N5 JLPT
一世,いっせい,issei,generation; lifetime generasi; seumur hidup,generasi,N5 JLPT
一斉に,いっせいに,isseini,simultaneously; all at once; in unison,secara bersamaan; sekaligus; serempak,N5 JLPT
一石,いっせき,isseki,one game (of go),satu pertandingan (pergi),N5 JLPT
一石二鳥,いっせきにちょう,issekinichou,killing two birds with one stone membunuh,dua burung dengan satu batu,N5 JLPT
一節,いっせつ,issetsu,one passage; one paragraph; one stanza,satu bagian; satu paragraf; satu bait,N5 JLPT
一戦,いっせん,issen,battle; game; bout,pertempuran; permainan; pertarungan,N5 JLPT
一線,いっせん,issen,one line; (a) single line,satu baris; (a) satu baris,N5 JLPT
１０００,いっせん,issen,"1,000; one thousand 1.000; seribu",satu; seseorang,N5 JLPT
一掃,いっそう,issou,clean sweep; purging; doing away with,sapuan bersih; pembersihan; menyingkirkan,N5 JLPT
一足,いっそく,issoku,a pair (of shoes or socks) sepasang (sepatu,atau kaus kaki),N5 JLPT
行ったり来たり,いったりきたり,ittarikitari,going to and fro; back and forth,pergi ke sana kemari; bolak-balik,N5 JLPT
一端,いったん,ittan,one end; an end,satu ujung; sebuah akhir,N5 JLPT
一着,いっちゃく,icchaku,first place (in a race); first to arrive,tempat pertama (dalam perlombaan); pertama tiba,N5 JLPT
一丁,いっちょう,icchou,one leaf (of a book bound in Japanese style),satu lembar (buku yang dijilid gaya Jepang),N5 JLPT
一直線,いっちょくせん,icchokusen,straight line garis lurus,lurus; langsung,N5 JLPT
一通,いっつう,ittsuu,one copy (of a document); one letter,satu salinan (dokumen); satu huruf,N5 JLPT
一手,いって,itte,"one move (in go, shogi, etc.)","satu gerakan (dalam go, shogi, dll.)",N5 JLPT
行ってきます,いってきます,ittekimasu,I'm off (and will be back later); see you later,Saya berangkat (dan akan kembali lagi nanti); sampai jumpa lagi,N5 JLPT
一点,いってん,itten,point; dot; speck titik; dot; bintik,titik; poin,N5 JLPT
一党,いっとう,ittou,one party; one faction; one clique,satu pihak; satu faksi; satu klik,N5 JLPT
一等,いっとう,ittou,first class; first rank; first grade kelas,satu; peringkat pertama; kelas satu,N5 JLPT
一派,いっぱ,ippa,one school; one sect; one denomination,satu sekolah; satu sekte; satu denominasi,N5 JLPT
一敗,いっぱい,ippai,one defeat,satu kekalahan,N5 JLPT
一杯,いっぱい,ippai,one cup (of); one glass (of); one bowl (of),satu cangkir (dari); satu gelas (dari); satu mangkuk (dari),N5 JLPT
一泊,いっぱく,ippaku,(staying) one night; overnight stay (menginap),suatu malam; menginap semalam,N5 JLPT
一発,いっぱつ,ippatsu,one shot; one charge; one explosion,satu tembakan; satu biaya; satu ledakan,N5 JLPT
一般人,いっぱんじん,ippanjin,ordinary person; member of the general public; non-celebrity,orang biasa; anggota masyarakat umum;,N5 JLPT
一般的,いっぱんてき,ippanteki,general; popular; common,umum; populer; umum,N5 JLPT
一般に,いっぱんに,ippanni,generally; in general; widely,secara umum; umumnya; secara luas,N5 JLPT
一匹,いっぴき,ippiki,one (small animal),satu (hewan kecil),N5 JLPT
一票,いっぴょう,ippyou,one vote; one ballot,satu suara; satu surat suara,N5 JLPT
一品,いっぴん,ippin,item; article barang; artikel,barang; artikel,N5 JLPT
一風,いっぷう,ippuu,oddity; eccentricity; peculiarity,keanehan; keanehan; keanehan,N5 JLPT
一辺倒,いっぺんとう,ippentou,complete devotion (to); total commitment (to); unvarying support (for),pengabdian penuh (kepada); komitmen total,N5 JLPT
一遍に,いっぺんに,ippenni,(all) at once; at the same time; in one go (semua) sekaligus,pada saat yang sama; dalam sekali jalan,N5 JLPT
一歩,いっぽ,ippo,(a) step; one step (a) langkah,satu langkah,N5 JLPT
一方通行,いっぽうつうこう,ippoutsuukou,one-way traffic lalu lintas,satu arah,N5 JLPT
一方的,いっぽうてき,ippouteki,one-sided; unilateral; arbitrary sepihak; sepihak; sewenang-wenang,sewenang-wenang; arbitrer,N5 JLPT
一本,いっぽん,ippon,"one long cylindrical thing; one film, TV show, etc.; one goal, home run, etc.","satu benda berbentuk silinder panjang; satu film,",N5 JLPT
何時,いつ,itsu,when; at what time; how soon kapan; Jam berapa; seberapa,cepat,N5 JLPT
５日,いつか,itsuka,5th day of the month hari ke 5,setiap bulannya,N5 JLPT
いつ頃,いつごろ,itsugoro,about when; about what time; how soon,tentang kapan; tentang jam berapa; seberapa cepat,N5 JLPT
逸脱,いつだつ,itsudatsu,deviation; departure penyimpangan,keberangkatan,N5 JLPT
何時でも,いつでも,itsudemo,always; all the time; at all times selalu; sepanjang,waktu; setiap saat,N5 JLPT
何時に無く,いつになく,itsuninaku,unusually; unwontedly; uncharacteristically luar biasa; tanpa disengaja,tidak seperti biasanya,N5 JLPT
いつの間にか,いつのまにか,itsunomanika,before one knows; before one becomes aware of; unnoticed,sebelum orang mengetahuinya; sebelum,N5 JLPT
何時までも,いつまでも,itsumademo,forever; eternally; for good selamanya; selalu,untuk selamanya,N5 JLPT
何時も,いつも,itsumo,always; all the time; at all times selalu; sepanjang,waktu; setiap saat,N5 JLPT
いつも通り,いつもどおり,itsumodoori,as always; as usual,seperti biasa; seperti biasa,N5 JLPT
遺伝,いでん,iden,heredity; (genetic) inheritance,keturunan; warisan (genetik).,N5 JLPT
遺伝子,いでんし,idenshi,gene gen,gen; gen genetika,N5 JLPT
糸口,いとぐち,itoguchi,beginning; start; first step awal; awal; langkah,pertama,N5 JLPT
愛しい,いとしい,itoshii,lovely; dear; beloved indah; Sayang,tercinta,N5 JLPT
意図的,いとてき,itoteki,intentional; on purpose disengaja,dengan sengaja,N5 JLPT
営み,いとなみ,itonami,activity; action; performance aktivitas,tindakan; kinerja,N5 JLPT
射止める,いとめる,itomeru,to shoot dead; to bring down (an animal),untuk menembak mati; untuk menjatuhkan (seekor binatang),N5 JLPT
移動平均,いどうへいきん,idouheikin,moving average rata-rata,bergerak,N5 JLPT
稲作,いなさく,inasaku,rice cultivation; rice crop budidaya padi,tanaman padi,N5 JLPT
稲妻,いなずま,inazuma,lightning; flash of lightning; lightning bolt kilat,kilatan petir; sambaran petir,N5 JLPT
稲田,いなだ,inada,paddy field; rice field sawah; sawah,bidang,N5 JLPT
古,いにしえ,inishie,antiquity; ancient times; bygone days jaman dahulu; zaman kuno; hari-hari,yang lalu,N5 JLPT
委任,いにん,inin,entrusting; charge; delegation,mempercayakan; mengenakan biaya; delegasi,N5 JLPT
戌,いぬ,inu,the Dog (eleventh sign of the Chinese zodiac) Anjing (tanda kesebelas,dari zodiak Cina),N5 JLPT
猪,いのしし,inoshishi,wild boar; wild pig babi hutan; babi hutan,babi hutan,N5 JLPT
居場所,いばしょ,ibasho,whereabouts; place; location keberadaan,tempat; lokasi,N5 JLPT
意表,いひょう,ihyou,surprise; something unexpected kejutan,sesuatu yang tidak terduga,N5 JLPT
遺品,いひん,ihin,things left (to one) by the deceased; inherited item; estate barang-barang,yang ditinggalkan (kepada satu),N5 JLPT
鼾,いびき,ibiki,snoring; snore mendengkur,mendengkur,N5 JLPT
息吹,いぶき,ibuki,breath nafas,nafas; napas,N5 JLPT
異物,いぶつ,ibutsu,foreign substance; foreign body; foreign contamination benda asing; benda asing; kontaminasi asing,asing; luar negeri,N5 JLPT
遺物,いぶつ,ibutsu,relic; remains; memento,peninggalan; tetap; kenang-kenangan,N5 JLPT
異文,いぶん,ibun,variant (in a manuscript or book); part of a text that differs from other versions varian (dalam naskah,atau buku); bagian dari teks,N5 JLPT
異変,いへん,ihen,unusual event; strange occurrence; strange phenomenon kejadian,yang tidak biasa; kejadian aneh;,N5 JLPT
違法,いほう,ihou,illegal; illicit; unlawful ilegal; gelap,melanggar hukum,N5 JLPT
今一,いまいち,imaichi,not quite (right); not very good; somewhat (lacking) kurang tepat (benar),tidak terlalu bagus; agak,N5 JLPT
今頃,いまごろ,imagoro,about this time; about now,tentang saat ini; tentang sekarang,N5 JLPT
戒め,いましめ,imashime,caution; admonition; warning hati-hati,peringatan; peringatan,N5 JLPT
戒める,いましめる,imashimeru,to warn against; to caution against,untuk memperingatkan; untuk berhati-hati,N5 JLPT
今すぐ,いますぐ,imasugu,at once; immediately; right now sekaligus; langsung; sekarang,segera; langsung,N5 JLPT
今時,いまどき,imadoki,these days; nowadays; today hari,ini; dewasa ini; hari ini,N5 JLPT
今ひとつ,いまひとつ,imahitotsu,one more; another (one),satu lagi; yang lain (satu),N5 JLPT
今まで,いままで,imamade,until now; till now; up to now,sampai sekarang; sampai sekarang; sampai sekarang,N5 JLPT
今や,いまや,imaya,now (esp. in contrast to the past); now at last; at present sekarang (khususnya berbeda,dengan masa lalu);,N5 JLPT
意味合い,いみあい,imiai,implication; nuance; shade of,meaning implikasi; nuansa; bayangan makna,N5 JLPT
意味不明,いみふめい,imifumei,of uncertain meaning; ambiguous; cryptic makna,yang tidak pasti; ambigu; samar,N5 JLPT
異名,いみょう,imyou,another name; nickname; alias nama,lain; nama panggilan; alias,N5 JLPT
芋,いも,imo,tuber; taro; potato umbi; talas,kentang,N5 JLPT
否々,いやいや,iyaiya,"no!; no no!; no, not at all tidak!","tidak, tidak!; tidak, tidak sama sekali",N5 JLPT
嫌がらせ,いやがらせ,iyagarase,harassment; pestering pelecehan,mengganggu,N5 JLPT
嫌気,いやき,iyaki,dislike; disgust; disinclination,tidak suka; menjijikkan; keengganan,N5 JLPT
医薬,いやく,iyaku,medicine; (pharmaceutical) drug,medical treatment obat-obatan; obat (farmasi); perawatan medis,N5 JLPT
医薬品,いやくひん,iyakuhin,medical and pharmaceutical products; medicinal supplies; drugs produk medis,dan farmasi; persediaan,N5 JLPT
嫌らしい,いやらしい,iyarashii,unpleasant; disagreeable; nasty,tidak menyenangkan; tidak menyenangkan; jahat,N5 JLPT
愈,いよいよ,iyoiyo,more and more; all the more; increasingly semakin,banyak; terlebih lagi; semakin meningkat,N5 JLPT
異様,いよう,iyou,strange; odd; peculiar aneh; aneh; aneh,aneh,N5 JLPT
苛々,いらいら,iraira,to get irritated; to get annoyed; to be on the edge,merasa kesal; merasa kesal; berada di tepi,N5 JLPT
いらして,いらして,irashite,coming; going; being (somewhere) datang; pergi; berada (di,suatu tempat),N5 JLPT
いらっしゃいませ,いらっしゃいませ,irasshaimase,welcome selamat datang,selamat datang,N5 JLPT
居らっしゃる,いらっしゃる,irassharu,to come; to go; to be (somewhere),akan datang; untuk pergi; menjadi (di suatu tempat),N5 JLPT
入り,いり,iri,entering; entrance; entry masuk; pintu masuk; masuk,masuk; pintu masuk,N5 JLPT
入り口,いりぐち,iriguchi,entrance; entry; gate pintu masuk; pintu masuk; gerbang,pendaftaran,N5 JLPT
入り込み,いりごみ,irigomi,coming in together; unreserved seats for the public datang bersama-sama; kursi,yang tidak dipesan,N5 JLPT
衣料品,いりょうひん,iryouhin,clothing; articles of clothing; apparel,pakaian; barang pakaian; pakaian,N5 JLPT
海豚,いるか,iruka,"dolphin (or other small toothed whales, incl. porpoises, belugas, etc.) lumba-lumba (atau paus bergigi","kecil lainnya,",N5 JLPT
慰霊,いれい,irei,consoling the spirits of the dead menghibur roh,orang mati,N5 JLPT
異例,いれい,irei,exceptional; unusual; extraordinary luar biasa,tidak biasa; luar biasa,N5 JLPT
慰霊祭,いれいさい,ireisai,memorial service layanan,peringatan,N5 JLPT
入れ替え,いれかえ,irekae,replacement; substitution; change,penggantian; substitusi; perubahan,N5 JLPT
入れ墨,いれずみ,irezumi,tattoo (esp. a traditional Japanese one); tattooing tato (khususnya tato tradisional Jepang); tato,tradisional,N5 JLPT
入れ歯,いれば,ireba,false tooth; denture gigi palsu; gigi palsu,gigi palsu; gigi tiruan,N5 JLPT
色合い,いろあい,iroai,colouring; coloring; shade (of colour),mewarnai; warna; naungan (warna),N5 JLPT
色々あって,いろいろあって,iroiroatte,what with this and that; for a number of reasons,ada apa dengan ini dan itu; karena beberapa alasan,N5 JLPT
色気,いろけ,iroke,colouring; coloring; shade of colour (color),mewarnai; warna; bayangan warna (warna),N5 JLPT
彩り,いろどり,irodori,coloring; colouring; coloration,mewarnai; warna; pewarnaan,N5 JLPT
彩る,いろどる,irodoru,to colour; to color; to paint,untuk mewarnai; untuk mewarnai; untuk melukis,N5 JLPT
伊呂波,いろは,iroha,traditional ordering of the Japanese syllabary,susunan tradisional suku kata Jepang,N5 JLPT
色んな,いろんな,ironna,various; a variety of; all sorts of,berbagai; berbagai; segala macam,N5 JLPT
違和感,いわかん,iwakan,uncomfortable feeling; feeling out of place; sense of discomfort perasaan,tidak nyaman; merasa tidak pada,N5 JLPT
曰く,いわく,iwaku,pretext; history; past dalih; sejarah; masa lalu,sejarah,N5 JLPT
鰯,いわし,iwashi,"pilchard (esp. Japanese pilchard, Sardinops","melanostictus); sardine pilchard (khususnya pilchard Jepang, Sardinops",N5 JLPT
岩間,いわま,iwama,among rocks di antara,bebatuan,N5 JLPT
岩山,いわやま,iwayama,rocky mountain gunung,berbatu,N5 JLPT
所謂,いわゆる,iwayuru,what is called; what you call; what they call apa,yang disebut; apa yang kamu sebut; apa yang mereka sebut,N5 JLPT
員,いん,in,member anggota,anggota,N5 JLPT
因果,いんが,inga,cause and effect; causality sebab,dan akibat; kausalitas,N5 JLPT
印紙,いんし,inshi,(revenue) stamp stempel (pendapatan).,prangko; meterai,N5 JLPT
因子,いんし,inshi,factor faktor,faktor,N5 JLPT
飲酒,いんしゅ,inshu,drinking alcohol minum alkohol,minum alkohol,N5 JLPT
印象付ける,いんしょうづける,inshouzukeru,to impress (someone),untuk mengesankan (seseorang),N5 JLPT
印象的,いんしょうてき,inshouteki,impressive; striking; memorable mengesankan; menyolok,mudah diingat,N5 JLPT
飲食,いんしょく,inshoku,food and drink; eating and drinking makanan,dan minuman; makan minum,N5 JLPT
飲食店,いんしょくてん,inshokuten,restaurant restoran,restoran,N5 JLPT
員数,いんずう,inzuu,(total) number (of people or things); count; quota (total) jumlah (orang,atau benda); menghitung; kuota,N5 JLPT
引責,いんせき,inseki,taking responsibility mengambil tanggung jawab,tanggung jawab,N5 JLPT
院長,いんちょう,inchou,"director (of a hospital, institution, academy, etc.); superintendent; rector","direktur (rumah sakit, institusi, akademi, dll.);",N5 JLPT
院内,いんない,innai,inside the House; inside the Diet di,dalam Rumah; di dalam Diet,N5 JLPT
因縁,いんねん,innen,fate; destiny nasib; takdir,takdir; nasib,N5 JLPT
陰謀,いんぼう,inbou,plot; intrigue; scheme,merencanakan; intrik; skema,N5 JLPT
隠滅,いんめつ,inmetsu,destruction (esp. of evidence); spoliation; suppression,pemusnahan (khususnya barang bukti);,N5 JLPT
飲料,いんりょう,inryou,beverage; drink minuman; minum,minum,N5 JLPT
飲料水,いんりょうすい,inryousui,drinking water air minum,air,N5 JLPT
卯,う,u,the Rabbit (fourth sign of the Chinese zodiac); the Hare,Kelinci (tanda keempat zodiak Cina); si Kelinci,N5 JLPT
初陣,ういじん,uijin,one's first campaign; one's first battle kampanye,pertama seseorang; pertarungan pertama seseorang,N5 JLPT
ううん,ううん,uun,um; er; well um; eh,baik,N5 JLPT
飢え,うえ,ue,hunger; starvation kelaparan,kelaparan,N5 JLPT
飢え死に,うえじに,uejini,(death from) starvation; starving to death (kematian,karena) kelaparan; mati kelaparan,N5 JLPT
浮かび上がる,うかびあがる,ukabiagaru,to rise to the surface,untuk naik ke permukaan,N5 JLPT
浮かぶ,うかぶ,ukabu,to float; to be suspended,untuk mengapung; untuk ditangguhkan,N5 JLPT
浮かれる,うかれる,ukareru,to make merry; to be festive,untuk bergembira; menjadi meriah,N5 JLPT
嗽,うがい,ugai,gargling; rinsing one's mouth berkumur; membilas mulut,seseorang,N5 JLPT
浮き,うき,uki,floating; buoyancy mengambang; daya apung,mengambang; daya apung,N5 JLPT
雨季,うき,uki,rainy season musim hujan,membumbui,N5 JLPT
浮き彫り,うきぼり,ukibori,relief; embossed carving,bantuan; ukiran timbul,N5 JLPT
浮世絵,うきよえ,ukiyoe,ukiyo-e; ukiyoe; Edo-period woodblock print ukiyo-e; ukiyoe,Cetakan balok kayu zaman Edo,N5 JLPT
受け,うけ,uke,popularity; favour; favor popularitas,kebaikan; mendukung,N5 JLPT
請負,うけおい,ukeoi,contract (for work); contracting; undertaking kontrak (untuk pekerjaan); kontrak,melakukan,N5 JLPT
請け負う,うけおう,ukeou,to contract (to do); to undertake; to take on (work),untuk mengontrak (melakukan); untuk,N5 JLPT
受け皿,うけざら,ukezara,saucer piring,piring kecil; tataian gelas,N5 JLPT
受付中,うけつけちゅう,uketsukechuu,"currently accepting (applications, etc.)","saat ini menerima (lamaran, dll.)",N5 JLPT
受け取り,うけとり,uketori,receiving; receipt menerima; tanda,terima,N5 JLPT
受取人,うけとりにん,uketorinin,recipient (e.g. of mail); addressee; payee penerima (misalnya surat); penerima; penerima,pembayaran,N5 JLPT
受け持ち,うけもち,ukemochi,charge (of something); matter in one's charge; (one's) assignment biaya (dari,sesuatu); masalah yang menjadi,N5 JLPT
受け渡し,うけわたし,ukewatashi,delivery; transfer; hand-over,pengiriman; transfer; serah terima,N5 JLPT
動き出す,うごきだす,ugokidasu,to start to move; to get going; to come alive,untuk mulai bergerak; untuk memulai; menjadi hidup,N5 JLPT
丑,うし,ushi,the Ox (second sign of the Chinese zodiac) Kerbau (tanda,kedua zodiak Cina),N5 JLPT
後ろ姿,うしろすがた,ushirosugata,(a person's) appearance from behind; person as seen from behind; back view penampakan (seseorang),dari belakang; orang,N5 JLPT
後ろ盾,うしろだて,ushirodate,backing; support; backer,dukungan; mendukung; pendukung,N5 JLPT
後ろ向き,うしろむき,ushiromuki,back-facing; backwards menghadap ke belakang; mundur,menghadap ke belakang; mundur,N5 JLPT
薄着,うすぎ,usugi,being lightly dressed berpakaian,ringan,N5 JLPT
薄まる,うすまる,usumaru,to become weak,menjadi lemah,N5 JLPT
薄れる,うすれる,usureru,to fade; to become dim memudar,menjadi redup,N5 JLPT
うずうず,うずうず,uzuuzu,itching to do something; impatient; sorely tempted gatal,untuk melakukan sesuatu; tidak sabar;,N5 JLPT
蹲る,うずくまる,uzukumaru,to crouch; to squat; to cower,untuk berjongkok; untuk jongkok; gemetar ketakutan,N5 JLPT
渦巻き,うずまき,uzumaki,whirlpool; maelstrom; vortex,pusaran air; pusaran air; pusaran,N5 JLPT
右折,うせつ,usetsu,turning to the right; right turn,berbelok ke kanan; belok kanan,N5 JLPT
嘘,うそ,uso,lie; fib; falsehood,berbohong; bikinan; dusta,N5 JLPT
歌合,うたあわせ,utaawase,poetry contest lomba puisi,lomba puisi,N5 JLPT
謳う,うたう,utau,to extol; to sing the praises of; to celebrate,untuk memuji; untuk menyanyikan pujian; untuk merayakan,N5 JLPT
疑い,うたがい,utagai,doubt; question; uncertainty,keraguan; pertanyaan; ketidakpastian,N5 JLPT
疑わしい,うたがわしい,utagawashii,doubtful; questionable; uncertain diragukan; dipertanyakan,tidak pasti,N5 JLPT
宴,うたげ,utage,party; banquet; feast pesta,perjamuan; pesta,N5 JLPT
歌声,うたごえ,utagoe,singing voice; (sound of) singing suara,nyanyian; (suara) nyanyian,N5 JLPT
打ち合い,うちあい,uchiai,exchange of blows; long rally pertukaran pukulan; reli,panjang,N5 JLPT
打ち上げ,うちあげ,uchiage,"launch (of a rocket, satellite, etc.); lift-off; shooting off (fireworks)","peluncuran (roket, satelit, dll.); lepas landas;",N5 JLPT
打ち上げる,うちあげる,uchiageru,to launch; to shoot up; to hit (a ball) high,untuk meluncurkan; untuk menembak; untuk memukul (bola) tinggi,N5 JLPT
打ち合わせ,うちあわせ,uchiawase,(preparatory) meeting; briefing session; (making) advance arrangements,pertemuan (persiapan); sesi pengarahan;,N5 JLPT
打ち合わせる,うちあわせる,uchiawaseru,to knock together; to strike against each other; to clash,untuk bersatu; untuk menyerang satu sama lain;,N5 JLPT
内々,うちうち,uchiuchi,private; confidential,informal swasta; rahasia; tidak resmi,N5 JLPT
内側,うちがわ,uchigawa,inside; interior; inner part di,dalam; pedalaman; bagian dalam,N5 JLPT
内気,うちき,uchiki,shy; bashful; timid pemalu; malu; pemalu,pemalu,N5 JLPT
打ち切り,うちきり,uchikiri,end; close; finish akhir,menutup; selesai,N5 JLPT
打ち込み,うちこみ,uchikomi,driving; pounding in; shooting into mengemudi; berdebar kencang; menembak ke,dalam,N5 JLPT
打ち出す,うちだす,uchidasu,to emboss,untuk membuat timbul,N5 JLPT
内幕,うちまく,uchimaku,lowdown; inside information; hidden circumstances rendahan; informasi,orang dalam; keadaan,N5 JLPT
宇宙開発,うちゅうかいはつ,uchuukaihatsu,space development; space exploration,pengembangan ruang angkasa; eksplorasi luar angkasa,N5 JLPT
宇宙開発事業団,うちゅうかいはつじぎょう,だん,uchuukaihatsujigyoudan National Space Development Agency; NASDA Badan,Pengembangan Antariksa Nasional; NASDA,N5 JLPT
右中間,うちゅうかん,uchuukan,between right and center fielders (centre) antara fielder kanan,dan tengah (tengah),N5 JLPT
宇宙空間,うちゅうくうかん,uchuukuukan,(outer) space (luar) angkasa,luar angkasa; antariksa,N5 JLPT
宇宙飛行士,うちゅうひこうし,uchuuhikoushi,astronaut astronot,astronaut,N5 JLPT
有頂天,うちょうてん,uchouten,ecstasy ekstasi,ekstasi; kesenangan luar biasa,N5 JLPT
内輪,うちわ,uchiwa,"family circle; one's circle (of friends, co-workers, etc.); one's fellows lingkaran keluarga; lingkaran","seseorang (teman,",N5 JLPT
鬱陶しい,うっとうしい,uttoushii,gloomy (e.g. mood); depressing suram (misalnya suasana hati),menyedihkan,N5 JLPT
鬱,うつ,utsu,depression; low spirits depresi; semangat,rendah,N5 JLPT
映し出す,うつしだす,utsushidasu,"to project; to show (on a screen); to reflect (of a mirror, lake, etc.)",untuk memproyeksikan; untuk menunjukkan (di,N5 JLPT
移す,うつす,utsusu,"to transfer (to a different place, group, etc.); to change; to move (something)","untuk mentransfer (ke tempat lain, kelompok,",N5 JLPT
うつ病,うつびょう,utsubyou,depression depresi,depresi ekonomi,N5 JLPT
俯く,うつむく,utsumuku,to hang one's head; to look down; to cast one's eyes downward,untuk menggantung kepala; untuk melihat ke,N5 JLPT
移り変わり,うつりかわり,utsurikawari,change (e.g. season),perubahan (misalnya musim),N5 JLPT
腕時計,うでどけい,udedokei,wristwatch; watch jam,tangan; menonton,N5 JLPT
うとうと,うとうと,utouto,falling into a doze; dozing off; nodding off,tertidur; tertidur; mengangguk,N5 JLPT
饂飩,うどん,udon,udon; thick Japanese wheat noodles udon; mie gandum Jepang,yang kental,N5 JLPT
鰻,うなぎ,unagi,"eel (esp. the Japanese eel, Anguilla japonica) belut (khususnya belut Jepang, Anguilla japonica)",belut (khususnya belut Jepang),N5 JLPT
頷く,うなずく,unazuku,to nod; to bow one's head in assent; to agree,untuk mengangguk; untuk menundukkan kepala sebagai persetujuan; setuju,N5 JLPT
唸る,うなる,unaru,to groan; to moan,mengerang; mengerang,N5 JLPT
自惚れ,うぬぼれ,unubore,conceit; vanity; pride,kesombongan; kesombongan; kebanggaan,N5 JLPT
自惚れる,うぬぼれる,unuboreru,to be conceited,menjadi sombong,N5 JLPT
畝り,うねり,uneri,undulation; winding; meandering undulasi; lekok; berkelok-kelok,membungkuk,N5 JLPT
畝る,うねる,uneru,"to wind (of a road, river, etc.); to meander; to twist","untuk angin (dari jalan, sungai, dll.); untuk",N5 JLPT
右派,うは,uha,right wing sayap kanan,hak,N5 JLPT
午,うま,uma,the Horse (seventh sign of the Chinese zodiac) Kuda (tanda,ketujuh zodiak Cina),N5 JLPT
上手い,うまい,umai,skillful; skilful; skilled,terampil; trampil; terampil,N5 JLPT
上手く行く,うまくいく,umakuiku,to go smoothly; to turn out well; to do the trick agar berjalan lancar,untuk menjadi baik; untuk melakukan triknya,N5 JLPT
馬主,うまぬし,umanushi,owner of a horse (esp. racehorse) pemilik kuda (khususnya kuda,pacuan),N5 JLPT
生まれ育つ,うまれそだつ,umaresodatsu,to be born and raised (in); to be born and brought up; to be born and bred,untuk dilahirkan dan dibesarkan (di); untuk,N5 JLPT
生み,うみ,umi,birth; giving birth,kelahiran; melahirkan,N5 JLPT
生み出す,うみだす,umidasu,to create; to bring forth; to produce,untuk membuat; untuk menghasilkan; untuk menghasilkan,N5 JLPT
生みの親,うみのおや,uminooya,biological parent,orang tua biologis,N5 JLPT
海辺,うみべ,umibe,beach; seashore; seaside pantai; pantai laut; tepi laut,laut,N5 JLPT
生む,うむ,umu,to give birth; to bear (child); to lay (eggs),untuk melahirkan; untuk melahirkan (anak); untuk bertelur (telur),N5 JLPT
埋め立て,うめたて,umetate,land reclamation; land fill reklamasi lahan,timbunan tanah,N5 JLPT
埋め立て地,うめたてち,umetatechi,reclaimed land tanah reklamasi,tanah reklamasi,N5 JLPT
羽毛,うもう,umou,feather; plume; plumage bulu; bulu-bulu; bulu,plum,N5 JLPT
有耶無耶,うやむや,uyamuya,indefinite; hazy; vague,tidak terbatas; kabur; tidak jelas,N5 JLPT
右翼,うよく,uyoku,right wing sayap kanan,hak,N5 JLPT
浦,うら,ura,inlet saluran masuk,teluk kecil; selat kecil; saluran masuk,N5 JLPT
裏表,うらおもて,uraomote,back and front; inside and outside; both sides belakang,dan depan; di dalam dan di luar; kedua sisi,N5 JLPT
裏方,うらかた,urakata,someone working behind-the-scenes; scene shifter,seseorang yang bekerja di belakang layar;,N5 JLPT
裏金,うらがね,uragane,bribe menyuap,menyuap,N5 JLPT
裏側,うらがわ,uragawa,the reverse (side); back (side); other side sebaliknya (samping); belakang (samping); sisi,lain,N5 JLPT
裏切り,うらぎり,uragiri,treachery; betrayal; perfidy,pengkhianatan; pengkhianatan; pengkhianatan,N5 JLPT
裏切り者,うらぎりもの,uragirimono,betrayer; traitor; turncoat pengkhianat; pengkhianat; pengkhianat,giliran; putaran,N5 JLPT
裏付け,うらづけ,urazuke,support (e.g. for an argument); backing; proof dukungan (misalnya,untuk argumen); dukungan; bukti,N5 JLPT
裏付ける,うらづける,urazukeru,"to support (a theory, claim, etc.); to back up; to substantiate","untuk mendukung (teori, klaim, dll.); untuk",N5 JLPT
裏通り,うらどおり,uradoori,side street (often parallel to a main street); back street; alley jalan samping (sering kali sejajar,dengan jalan,N5 JLPT
占い,うらない,uranai,fortune-telling; divination meramal,ramalan,N5 JLPT
裏腹,うらはら,urahara,opposite; reverse; contrary,sebaliknya; balik; sebaliknya,N5 JLPT
裏目,うらめ,urame,reverse side sisi,sebaliknya,N5 JLPT
裏面,うらめん,uramen,back (side); reverse belakang (samping),terbalik,N5 JLPT
裏門,うらもん,uramon,back gate gerbang belakang,belakang; kembali,N5 JLPT
売り,うり,uri,sale; selling penjualan,menjual,N5 JLPT
売り上げ,うりあげ,uriage,amount sold; sales; proceeds jumlah,yang terjual; penjualan; hasil,N5 JLPT
売上金,うりあげきん,uriagekin,proceeds (from a sale); takings,hasil (dari penjualan); pengambilan,N5 JLPT
売上高,うりあげだか,uriagedaka,sales; amount sold; proceeds penjualan; jumlah,yang terjual; hasil,N5 JLPT
売り込み,うりこみ,urikomi,sales promotion; hard selling promosi penjualan; penjualan,yang sulit,N5 JLPT
売り込む,うりこむ,urikomu,to build a market for; to promote (a product); to sell,untuk membangun pasar; untuk mempromosikan,N5 JLPT
売り手,うりて,urite,seller; vendor penjual; penjual,penjual; vendor,N5 JLPT
売り物,うりもの,urimono,article for sale; goods for sale; offering barang,untuk dijual; barang untuk dijual; penawaran,N5 JLPT
雨量,うりょう,uryou,(amount of) rainfall (jumlah) curah hujan,jumlah curah hujan,N5 JLPT
閏年,うるうどし,uruudoshi,leap year tahun kabisat,tahun,N5 JLPT
潤い,うるおい,uruoi,moisture; damp; wetness,kelembaban; lembap; basah,N5 JLPT
煩い,うるさい,urusai,noisy; loud berisik,keras,N5 JLPT
漆,うるし,urushi,East Asian lacquer; japan,Pernis Asia Timur; Jepang,N5 JLPT
憂える,うれえる,ureeru,to worry about; to be anxious about; to be concerned about perlu dikhawatirkan,menjadi cemas tentang;,N5 JLPT
嬉しい,うれしい,ureshii,happy; glad; pleased senang; senang; senang,bahagia; senang,N5 JLPT
売れ筋,うれすじ,uresuji,popular line (of products); best-selling line; hot sellers lini populer (produk); lini,terlaris; penjual panas,N5 JLPT
売れ筋ランキング,うれすじランキング,uresujirankingu,list of top-selling products daftar produk,terlaris,N5 JLPT
売れ行き,うれゆき,ureyuki,sales; demand penjualan,permintaan,N5 JLPT
鱗,うろこ,uroko,"scale (of fish, snake, etc.) skala (ikan, ular, dll.)",skala,N5 JLPT
彷徨く,うろつく,urotsuku,to loiter; to hang around; to wander around berkeliaran,untuk berkeliaran; untuk berkeliaran,N5 JLPT
上唇,うわくちびる,uwakuchibiru,upper lip bibir atas,atas; bagian atas,N5 JLPT
上っ調子,うわっちょうし,uwacchoushi,flippant; frivolous; shallow kurang ajar; sembrono; dangkal,sembrono; tidak serius; dangkal,N5 JLPT
上積み,うわづみ,uwazumi,loading on top; piling on top; upper load,memuat di atas; menumpuk di atas; beban atas,N5 JLPT
上手投げ,うわてなげ,uwatenage,overhand throw lemparan,dari atas,N5 JLPT
上乗せ,うわのせ,uwanose,adding (an extra amount); increasing; tacking on (a charge),menambahkan (jumlah tambahan); meningkat;,N5 JLPT
上向き,うわむき,uwamuki,pointing up; pointing upward; upturn,menunjuk ke atas; menunjuk ke atas; kemajuan,N5 JLPT
運休,うんきゅう,unkyuu,suspension (of a transportation service); cancellation; stoppage,penghentian sementara (jasa transportasi);,N5 JLPT
うんこ,うんこ,unko,poop; poo; faeces,kotoran; kotoran; kotoran,N5 JLPT
運航,うんこう,unkou,operation (of a ship or aircraft route); service; navigation pengoperasian (rute kapal,atau pesawat udara);,N5 JLPT
運行,うんこう,unkou,operation (of a bus or train service); service; running pengoperasian (layanan bus,atau kereta api);,N5 JLPT
運転士,うんてんし,untenshi,"(professional) driver (of a taxi, train, etc.)","motorman supir (profesional) (taksi, kereta api, dll.);",N5 JLPT
運転免許,うんてんめんきょ,untenmenkyo,driver's license; driver's licence; driving licence surat izin,mengemudi; surat izin mengemudi; surat izin mengemudi,N5 JLPT
運動会,うんどうかい,undoukai,athletic meet (esp. at a school); sports day; field day,pertemuan atletik (khususnya di sekolah); hari,N5 JLPT
運動場,うんどうじょう,undoujou,sports ground; playing field; playground,lapangan olahraga; lapangan bermain; taman bermain,N5 JLPT
運動不足,うんどうぶそく,undoubusoku,lack of physical exercise; insufficient exercise; inactivity kurang latihan fisik; olahraga,yang tidak,N5 JLPT
運輸省,うんゆしょう,unyushou,Ministry of Transport,Kementerian Perhubungan,N5 JLPT
運良く,うんよく,unyoku,luckily untungnya,untungnya; syukurlah,N5 JLPT
え,え,e,eh?; what?; oh? ya?; Apa?; Oh?,hah?; apa?; ya?,N5 JLPT
江,え,e,inlet; bay saluran masuk; teluk,teluk,N5 JLPT
英,えい,ei,United Kingdom; Britain Inggris; Inggris,sangat baik,N5 JLPT
英会話,えいかいわ,eikaiwa,English conversation Percakapan bahasa Inggris,percakapan bahasa Inggris,N5 JLPT
栄冠,えいかん,eikan,laurels; garland kemenangan,karangan bunga,N5 JLPT
英気,えいき,eiki,great wisdom; excellent disposition kebijaksanaan,yang luar biasa; disposisi yang sangat baik,N5 JLPT
影響力,えいきょうりょく,eikyouryoku,influence; clout; leverage pengaruh; pengaruh; daya ungkit,pengaruh,N5 JLPT
営業所,えいぎょうしょ,eigyousho,business office; place of business kantor bisnis,tempat usaha,N5 JLPT
営業時間,えいぎょうじかん,eigyoujikan,business hours; opening hours; office hours jam,kerja; jam buka; jam kantor,N5 JLPT
営業マン,えいぎょうマン,eigyouman,salesman; businessman penjual; pengusaha,penjual; pengusaha,N5 JLPT
栄光,えいこう,eikou,glory kemuliaan,kemuliaan; kejayaan,N5 JLPT
英国,えいこく,eikoku,United Kingdom; Britain; Great Britain Inggris; Britania; Inggris Raya,sangat baik,N5 JLPT
永住,えいじゅう,eijuu,permanent residence,tempat tinggal permanen,N5 JLPT
英数字,えいすうじ,eisuuji,alphanumeric character; letters (of the English alphabet) and numbers karakter alfanumerik; huruf (abjad Inggris),dan,N5 JLPT
衛生,えいせい,eisei,hygiene; sanitation; cleanliness,kebersihan; kebersihan; kebersihan,N5 JLPT
衛生的,えいせいてき,eiseiteki,hygienic; sanitary higienis; sanitasi,menyehatkan,N5 JLPT
永続,えいぞく,eizoku,permanence; continuation keabadian,kelanjutan,N5 JLPT
永代,えいたい,eitai,permanence; eternity keabadian,keabadian,N5 JLPT
英単語,えいたんご,eitango,English word kata bahasa Inggris,kata,N5 JLPT
営団,えいだん,eidan,corporation; foundation korporasi,yayasan,N5 JLPT
英知,えいち,eichi,wisdom; intelligence; sagacity,kebijaksanaan; intelijen; kebijaksanaan,N5 JLPT
営農,えいのう,einou,farming; agriculture pertanian,pertanian,N5 JLPT
英文学,えいぶんがく,eibungaku,English(-language) literature Sastra Inggris (-bahasa).,sastra bahasa Inggris,N5 JLPT
英明,えいめい,eimei,intelligent; wise; bright cerdas; bijak; cerah,cerah; terang,N5 JLPT
英訳,えいやく,eiyaku,English translation Terjemahan bahasa Inggris,terjemahan bahasa Inggris,N5 JLPT
栄誉,えいよ,eiyo,honour; honor kehormatan,kehormatan,N5 JLPT
栄養学,えいようがく,eiyougaku,dietetics; nutritional science,dietetika; ilmu gizi,N5 JLPT
栄養士,えいようし,eiyoushi,dietitian; (licensed) nutritionist ahli gizi; (berlisensi) ahli gizi,ahli gizi; nutrisionis,N5 JLPT
栄養失調,えいようしっちょう,eiyoushicchou,malnutrition malnutrisi,malnutrisi; gizi buruk,N5 JLPT
栄養素,えいようそ,eiyouso,nutrient nutrisi,nutrisi; zat gizi,N5 JLPT
営利,えいり,eiri,money-making; commercialized; commercialised,menghasilkan uang; dikomersialkan; dikomersialkan,N5 JLPT
益,えき,eki,benefit; use; good manfaat,menggunakan; bagus,N5 JLPT
駅員,えきいん,ekiin,(train) station attendant; station employee; station staff petugas stasiun (kereta api); pegawai stasiun;,stasiun,N5 JLPT
液化,えきか,ekika,liquefaction pencairan,pencairan; likuifaksi,N5 JLPT
液晶,えきしょう,ekishou,liquid crystal kristal cair,kristal,N5 JLPT
駅長,えきちょう,ekichou,station master kepala stasiun,stasiun,N5 JLPT
駅伝,えきでん,ekiden,long-distance relay race lomba lari estafet jarak jauh,lomba lari estafet jarak jauh,N5 JLPT
駅弁,えきべん,ekiben,boxed lunch bought at a station (often a local specialty) kotak makan siang,yang dibeli di stasiun (sering,N5 JLPT
駅前,えきまえ,ekimae,in front of a station di depan,sebuah stasiun,N5 JLPT
笑窪,えくぼ,ekubo,dimple lesung pipit,lesung pipit,N5 JLPT
会釈,えしゃく,eshaku,slight bow (as a greeting or sign of gratitude); nod; salutation,sedikit membungkuk (sebagai salam atau tanda,N5 JLPT
越後,えちご,echigo,Echigo (former province located in present-day Niigata Prefecture) Echigo (bekas provinsi,yang terletak di Prefektur,N5 JLPT
越境,えっきょう,ekkyou,crossing a border (illegally); border violation; border transgression,melintasi perbatasan (secara ilegal); pelanggaran,N5 JLPT
えっと,えっと,etto,let me see; well; errr ... biarkan aku melihat; Sehat,salah...,N5 JLPT
越冬,えっとう,ettou,passing the winter; hibernation,melewati musim dingin; hibernasi,N5 JLPT
越年,えつねん,etsunen,seeing the old year out; greeting the New Year; passing the winter,melihat tahun lalu berlalu; menyambut Tahun,N5 JLPT
江戸,えど,edo,Edo (shogunate capital; former name of Tokyo); Yedo Edo (ibukota keshogunan; nama,lama Tokyo);,N5 JLPT
江戸時代,えどじだい,edojidai,Edo period (1603-1868) Zaman Edo (1603-1868),periode; masa,N5 JLPT
江戸っ子,えどっこ,edokko,(true) Tokyoite; Edoite; Tokyo native (benar),orang Tokyo; orang Edo; penduduk asli Tokyo,N5 JLPT
絵葉書,えはがき,ehagaki,picture postcard kartu pos,bergambar,N5 JLPT
海老,えび,ebi,prawn; shrimp; lobster udang; udang; lobster,udang; lobster,N5 JLPT
恵比寿,えびす,ebisu,Ebisu; god of fishing and commerce Ebisu; dewa perikanan,dan perdagangan,N5 JLPT
絵本,えほん,ehon,picture book buku,bergambar,N5 JLPT
絵巻,えまき,emaki,picture scroll gulir gambar,gulungan gambar,N5 JLPT
笑み,えみ,emi,smile tersenyum,senyum,N5 JLPT
絵文字,えもじ,emoji,emoji emoji,emoji,N5 JLPT
襟巻き,えりまき,erimaki,scarf (esp. one worn for warmth); muffler syal (khususnya,yang dipakai untuk kehangatan); knalpot,N5 JLPT
絵を描く,えをかく,ewokaku,to paint a picture; to draw a picture,untuk melukis gambar; untuk menggambar,N5 JLPT
園,えん,en,garden; orchard; park taman,kebun buah-buahan; taman,N5 JLPT
延々,えんえん,enen,endlessly; continuously; (going) on and on tanpa henti,terus menerus; (berlangsung) terus menerus,N5 JLPT
塩化,えんか,enka,chloridation; salification klorida; salifikasi,klorinasi; pembentukan garam,N5 JLPT
演歌,えんか,enka,enka; traditional-style Japanese popular ballad enka; balada populer Jepang gaya tradisional,populer,N5 JLPT
沿海,えんかい,enkai,sea along the coast; coastal waters; inshore waters laut di sepanjang pantai,perairan pantai; perairan,N5 JLPT
沿海州,えんかいしゅう,enkaishuu,Primorskaya Oblast (Russia) Oblast Primorskaya (Rusia),Oblast Primorskaya (Rusia),N5 JLPT
遠隔,えんかく,enkaku,distant; remote; isolated jauh,terpencil; terpencil,N5 JLPT
塩基,えんき,enki,base dasar,mendasarkan,N5 JLPT
遠距離,えんきょり,enkyori,long distance; long range jarak jauh; jarak jauh,kisaran; rentang,N5 JLPT
縁起,えんぎ,engi,omen; sign of luck,pertanda; tanda keberuntungan,N5 JLPT
演技力,えんぎりょく,engiryoku,acting ability; talent as a performer kemampuan akting; bakat,sebagai pemain,N5 JLPT
円形,えんけい,enkei,round shape; circle; circular form bentuk bulat,lingkaran; bentuk lingkaran,N5 JLPT
演芸,えんげい,engei,entertainment; performance hiburan; kinerja,dan minuman),N5 JLPT
援護,えんご,engo,support; help; backing dukungan,membantu; dukungan,N5 JLPT
演算,えんざん,enzan,operation; calculation operasi,perhitungan,N5 JLPT
遠山,えんざん,enzan,distant mountain gunung,yang jauh,N5 JLPT
演習,えんしゅう,enshuu,practice; exercise; drill,berlatih; latihan; bor,N5 JLPT
演出家,えんしゅつか,enshutsuka,"director (of a film, play, etc.) sutradara (film, drama, dll.)",bermain; drama,N5 JLPT
炎症,えんしょう,enshou,inflammation; irritation peradangan; iritasi,peradangan,N5 JLPT
園児,えんじ,enji,kindergarten pupil; kindergartener; preschooler murid TK; anak TK; anak prasekolah,murid TK; anak prasekolah,N5 JLPT
炎上,えんじょう,enjou,going up in flames; destruction by fire (esp. of a large building) terbakar; kehancuran,karena kebakaran,N5 JLPT
援助交際,えんじょこうさい,enjokousai,paid dating (esp. with an underage girl; oft. involving selling of sex); compensated dating kencan berbayar (khususnya,dengan gadis di,N5 JLPT
遠征,えんせい,ensei,(military) expedition; campaign ekspedisi (militer); kampanye,ekspedisi ; kampanye,N5 JLPT
塩素,えんそ,enso,chlorine (Cl) klorin (Cl),klorin (Cl),N5 JLPT
演奏会,えんそうかい,ensoukai,concert; recital konser,pertunjukan,N5 JLPT
円相場,えんそうば,ensouba,yen exchange rate nilai tukar yen,pertukaran,N5 JLPT
延滞,えんたい,entai,arrears; (being) overdue; delay (e.g. in payment),tunggakan; (sedang) terlambat; keterlambatan (misalnya pembayaran),N5 JLPT
円卓,えんたく,entaku,round table meja bundar,meja bundar,N5 JLPT
円高,えんだか,endaka,appreciation of the yen; strong yen apresiasi yen; yen,yang kuat,N5 JLPT
円建て,えんだて,endate,"yen basis (for trade, exchange, etc.) basis yen (untuk","perdagangan, pertukaran, dll.)",N5 JLPT
演壇,えんだん,endan,rostrum; platform mimbar; platform,rumah,N5 JLPT
園長,えんちょう,enchou,head of a garden; kindergarten principal; nursery school principal,kepala taman; kepala sekolah TK; kepala sekolah,N5 JLPT
炎天,えんてん,enten,blazing heat; scorching sun panas,terik; terik matahari,N5 JLPT
塩田,えんでん,enden,saltpan; field for drying salt panci garam; ladang,untuk mengeringkan garam,N5 JLPT
円筒,えんとう,entou,cylinder silinder,silinder; tabung,N5 JLPT
沿道,えんどう,endou,roadside; wayside; route pinggir jalan; pinggir jalan; rute,rute; jalur,N5 JLPT
園内,えんない,ennai,inside the kindergarten di,dalam taman kanak-kanak,N5 JLPT
円盤,えんばん,enban,disk; discus; platter cakram,diskus; piring,N5 JLPT
演舞,えんぶ,enbu,dance performance pertunjukan tari,tarian; menari,N5 JLPT
塩分,えんぶん,enbun,salt; salt content; amount of salt garam,kandungan garam; jumlah garam,N5 JLPT
延命,えんめい,enmei,keeping alive longer; prolonging life; life extension tetap hidup lebih,lama; memperpanjang hidup; perpanjangan hidup,N5 JLPT
演目,えんもく,enmoku,"program (musical, concert, theatrical, etc.); programme program (musik, konser, teater, dll.); program",program,N5 JLPT
円安,えんやす,enyasu,depreciation of the yen; weak yen depresiasi yen; yen,lemah,N5 JLPT
御,お,o,honorific/polite/humble prefix awalan kehormatan/sopan/rendah hati,awalan kehormatan; prefiks sopan,N5 JLPT
緒,お,o,cord; strap; thong kabel,mengikat; tali,N5 JLPT
おい,おい,oi,hey!; say!; I say! hei!; mengatakan!; kataku!,hei!; hai!,N5 JLPT
甥,おい,oi,nephew keponakan,keponakan laki-laki,N5 JLPT
追い上げる,おいあげる,oiageru,to gain on; to put pressure on; to close in on,untuk mendapatkan keuntungan; untuk memberi tekanan; untuk mendekat,N5 JLPT
追い討ち,おいうち,oiuchi,attacking a fleeing enemy menyerang musuh,yang melarikan diri,N5 JLPT
おいおい,おいおい,oioi,hey!; wait a minute!; whoa! hei!; Tunggu sebentar!; wah!,hei!; hai!,N5 JLPT
追い風,おいかぜ,oikaze,tailwind; fair wind; favorable wind (favourable) angin penarik; angin kencang; angin,yang menguntungkan (menguntungkan),N5 JLPT
追い込み,おいこみ,oikomi,final stage; final stretch; final spurt tahap akhir,peregangan terakhir; semburan terakhir,N5 JLPT
お医者さん,おいしゃさん,oishasan,doctor dokter,dokter,N5 JLPT
生い立ち,おいたち,oitachi,growth; development pertumbuhan,pengembangan,N5 JLPT
追いつく,おいつく,oitsuku,to catch up (with); to draw level; to pull even,untuk mengejar ketinggalan (dengan); untuk menggambar tingkat; untuk menarik bahkan,N5 JLPT
追い抜く,おいぬく,oinuku,to pass (a car); to overtake,untuk lewat (mobil); untuk menyalip,N5 JLPT
負い目,おいめ,oime,(feeling of) indebtedness; feeling obliged (perasaan),berhutang budi; merasa wajib,N5 JLPT
王位,おうい,oui,the throne; the crown takhta; mahkota,(kata sandang),N5 JLPT
王宮,おうきゅう,oukyuu,royal palace istana,kerajaan,N5 JLPT
扇,おうぎ,ougi,folding fan kipas lipat,kipas lipat,N5 JLPT
扇形,おうぎがた,ougigata,fan shape bentuk kipas,bentuk kipas,N5 JLPT
横行,おうこう,oukou,being rampant; being widespread; being prevalent merajalela; tersebar,luas; menjadi lazim,N5 JLPT
王国,おうこく,oukoku,kingdom; monarchy kerajaan; monarki,kerajaan; monarki,N5 JLPT
黄金時代,おうごんじだい,ougonjidai,golden age zaman,keemasan,N5 JLPT
応札,おうさつ,ousatsu,making a bid; tendering a bid,membuat penawaran; mengajukan penawaran,N5 JLPT
王座,おうざ,ouza,throne takhta,takhta; singgasana,N5 JLPT
王室,おうしつ,oushitsu,royal family keluarga,kerajaan,N5 JLPT
応酬,おうしゅう,oushuu,"exchange (of words, views, punches, cups, etc.); give-and-take","pertukaran (kata-kata, pandangan, pukulan,",N5 JLPT
押収,おうしゅう,oushuu,seizure; confiscation penyitaan,penyitaan,N5 JLPT
欧州,おうしゅう,oushuu,Europe Eropa,Eropa,N5 JLPT
王将,おうしょう,oushou,(senior player's) king raja (pemain senior).,raja (catur/shogi),N5 JLPT
王者,おうじゃ,ouja,king; monarch; ruler raja; raja; penguasa,raja,N5 JLPT
往生,おうじょう,oujou,passing on to the next life,meneruskannya ke kehidupan selanjutnya,N5 JLPT
旺盛,おうせい,ousei,lively; vigorous; energetic hidup,kuat; energik,N5 JLPT
横線,おうせん,ousen,horizontal line garis horizontal,horizontal,N5 JLPT
王族,おうぞく,ouzoku,royalty; royal family royalti,keluarga kerajaan,N5 JLPT
殴打,おうだ,ouda,hit; strike; blow,memukul; memukul; pukulan,N5 JLPT
横断歩道,おうだんほどう,oudanhodou,pedestrian crossing; crosswalk,penyeberangan pejalan kaki; penyeberangan,N5 JLPT
横断幕,おうだんまく,oudanmaku,horizontal banner spanduk horisontal,horizontal,N5 JLPT
お家,おうち,ouchi,your home; your family; their home rumahmu; keluargamu; rumah,mereka,N5 JLPT
横着,おうちゃく,ouchaku,laziness; shirking kemalasan,melalaikan,N5 JLPT
王朝,おうちょう,ouchou,dynasty dinasti,dinasti; wangsa,N5 JLPT
王手,おうて,oute,check periksa,memeriksa,N5 JLPT
横転,おうてん,outen,toppling sideways; turning sideways; falling over sideways,terjatuh ke samping; berbelok ke samping;,N5 JLPT
嘔吐,おうと,outo,vomiting; emesis muntah; emesis,muntah; emesis,N5 JLPT
応答,おうとう,outou,reply; answer; response,membalas; menjawab; tanggapan,N5 JLPT
往年,おうねん,ounen,years gone by; earlier years; former years tahun-tahun,berlalu; tahun-tahun sebelumnya; tahun-tahun sebelumnya,N5 JLPT
王妃,おうひ,ouhi,queen (consort); empress (consort) ratu (permaisuri),permaisuri (permaisuri),N5 JLPT
応分,おうぶん,oubun,according to one's abilities; appropriate; reasonable sesuai,dengan kemampuan seseorang; sesuai;,N5 JLPT
横暴,おうぼう,oubou,violence; oppression; high-handedness,kekerasan; penindasan; sikap sombong,N5 JLPT
応募者,おうぼしゃ,oubosha,applicant pemohon,pemohon; pelamar,N5 JLPT
往来,おうらい,ourai,coming and going; traffic datang,dan pergi; lalu lintas,N5 JLPT
王立,おうりつ,ouritsu,royal (institution) kerajaan (institusi),kerajaan; institusi kerajaan,N5 JLPT
横領,おうりょう,ouryou,embezzlement; misappropriation; usurpation,penggelapan; penyalahgunaan; perampasan,N5 JLPT
大商い,おおあきない,ooakinai,heavy turnover (trading) perputaran,besar (perdagangan),N5 JLPT
大当たり,おおあたり,ooatari,great success; big hit; smash hit sukses,besar; sukses besar; pukulan telak,N5 JLPT
大雨,おおあめ,ooame,heavy rain; torrential rainfall; downpour hujan lebat; curah hujan,yang deras; hujan lebat,N5 JLPT
おおい,おおい,ooi,hey!; oi!; ahoy! hei!; oi!; ahoi!,hei!; hai!,N5 JLPT
大急ぎ,おおいそぎ,ooisogi,great hurry; great haste; rush sangat terburu-buru; sangat tergesa-gesa; terburu-buru,sangat baik,N5 JLPT
狼,おおかみ,ookami,wolf (Canis lupus) serigala (Canis lupus),serigala,N5 JLPT
大掛かり,おおがかり,oogakari,large-scale skala,besar,N5 JLPT
大型,おおがた,oogata,large; large-sized; large-scale,besar; berukuran besar; skala besar,N5 JLPT
大きくなる,おおきくなる,ookikunaru,to grow up; to become an adult,untuk tumbuh dewasa; untuk menjadi dewasa,N5 JLPT
大きさ,おおきさ,ookisa,size; dimensions; volume,ukuran; ukuran; volume,N5 JLPT
多く,おおく,ooku,many; much; plenty,banyak; banyak; banyak,N5 JLPT
大蔵,おおくら,ookura,Ministry of Finance,Kementerian Keuangan,N5 JLPT
大蔵省,おおくらしょう,ookurashou,Ministry of Finance (1869-2001),Kementerian Keuangan (1869-2001),N5 JLPT
大口,おおぐち,ooguchi,big mouth; mouth opened wide mulut,besar; mulut terbuka lebar,N5 JLPT
大げさ,おおげさ,oogesa,exaggerated; overdone; overblown,berlebihan; berlebihan; berlebihan,N5 JLPT
大声,おおごえ,oogoe,loud voice suara,keras,N5 JLPT
大阪,おおさか,oosaka,"Osaka (city, prefecture) Osaka (kota, prefektur)","Osaka (kota, prefektur)",N5 JLPT
大さじ,おおさじ,oosaji,tablespoon sendok makan,sendok makan,N5 JLPT
大騒ぎ,おおさわぎ,oosawagi,clamour; clamor; uproar,keributan; keributan; keributan,N5 JLPT
大雑把,おおざっぱ,oozappa,"rough (estimate, summary, etc.); broad; general kasar (perkiraan, ringkasan, dll)",luas; umum,N5 JLPT
大時代,おおじだい,oojidai,old-fashioned; antiquated; anachronistic kuno; kuno; anakronistik,kuno; ketinggalan zaman,N5 JLPT
大相撲,おおずもう,oozumou,professional sumo wrestling gulat sumo profesional,sumo; gulat tradisional Jepang,N5 JLPT
大関,おおぜき,oozeki,ōzeki (second highest rank in sumo) ōzeki (peringkat tertinggi,kedua di sumo),N5 JLPT
大台,おおだい,oodai,(major) mark; level; barrier tanda (utama),tingkat; penghalang,N5 JLPT
大店,おおだな,oodana,large store toko,besar,N5 JLPT
大粒,おおつぶ,ootsubu,"large drop (of rain, sweat, tears, etc.); large grain-like object (e.g. grape, cherry) tetesan","besar (hujan, keringat, air mata, dll.);",N5 JLPT
大詰め,おおづめ,oozume,final scene; the end; finale,adegan terakhir; akhir; akhir,N5 JLPT
大手,おおて,oote,major company; big company perusahaan,besar; perusahaan besar,N5 JLPT
大手企業,おおてきぎょう,ootekigyou,big corporation; major firm; leading company perusahaan,besar; perusahaan besar; perusahaan terkemuka,N5 JLPT
大野,おおの,oono,large field lapangan,besar,N5 JLPT
大船,おおぶね,oobune,large boat perahu,besar,N5 JLPT
大まか,おおまか,oomaka,"rough (estimate, outline, etc.); broad; general kasar (perkiraan, garis","besar, dll); luas; umum",N5 JLPT
大晦日,おおみそか,oomisoka,New Year's Eve Malam Tahun,Baru,N5 JLPT
大麦,おおむぎ,oomugi,barley (Hordeum vulgare) jelai (Hordeum vulgare),jelai; gandum,N5 JLPT
多め,おおめ,oome,somewhat larger (amount); quite a lot; a little more (than usual) agak lebih,besar (jumlah); cukup banyak; sedikit,N5 JLPT
大文字,おおもじ,oomoji,uppercase letter; capital letter huruf,besar; huruf kapital,N5 JLPT
大物,おおもの,oomono,important person; influential figure; big shot,orang penting; tokoh berpengaruh; pukulan besar,N5 JLPT
大盛り,おおもり,oomori,large serving; large portion porsi,besar; sebagian besar,N5 JLPT
大雪,おおゆき,ooyuki,heavy snow; heavy snowfall salju lebat; hujan salju lebat,berat,N5 JLPT
大喜び,おおよろこび,ooyorokobi,great joy; delight; jubilation kegembiraan,yang luar biasa; sukacita; kegembiraan,N5 JLPT
お会計,おかいけい,okaikei,bill (at a restaurant); check,tagihan (di restoran); periksa,N5 JLPT
お買い得,おかいどく,okaidoku,bargain; good buy; budget tawar-menawar; pembelian,yang bagus; anggaran,N5 JLPT
お返し,おかえし,okaeshi,return gift; return favour,mengembalikan hadiah; membalas budi,N5 JLPT
お帰りなさい,おかえりなさい,okaerinasai,welcome home selamat datang di rumah,rumah; rumah asal,N5 JLPT
お陰様で,おかげさまで,okagesamade,thankfully; fortunately; luckily,untungnya; untung; untungnya,N5 JLPT
お陰で,おかげで,okagede,thanks to ...; owing to ...; because of ... terima kasih kepada...,karena ...; karena...,N5 JLPT
可笑しい,おかしい,okashii,funny; amusing; comical lucu,menyenangkan; lucu,N5 JLPT
可笑しな,おかしな,okashina,funny; amusing; comical lucu,menyenangkan; lucu,N5 JLPT
お菓子屋,おかしや,okashiya,confectionery shop; candy store; sweet shop toko gula-gula; toko,permen; toko manis,N5 JLPT
冒す,おかす,okasu,to brave; to risk; to face,untuk berani; mengambil risiko; untuk menghadapi,N5 JLPT
お菜,おかず,okazu,small dish (usu. one of several accompanying rice); side dish piring,kecil (biasanya salah satu dari beberapa,N5 JLPT
悪寒,おかん,okan,chill; shakes; ague,dinginkan; bergetar; ague,N5 JLPT
小川,おがわ,ogawa,stream; brook; creek aliran; sungai; sungai,kecil,N5 JLPT
沖合,おきあい,okiai,off the coast; offshore; out at sea lepas pantai; lepas pantai,keluar di laut,N5 JLPT
起き上がる,おきあがる,okiagaru,to rise; to get up; to stand up,untuk bangkit; untuk bangun; untuk berdiri,N5 JLPT
置き換える,おきかえる,okikaeru,to move (something) to another location; to change the position of; to rearrange,untuk memindahkan (sesuatu) ke lokasi lain;,N5 JLPT
置き去り,おきざり,okizari,leaving behind; desertion; abandonment,meninggalkan; desersi; pengabaian,N5 JLPT
掟,おきて,okite,law; regulation; rule hukum,peraturan; aturan,N5 JLPT
翁,おきな,okina,old man; venerable gentleman,orang tua; tuan yang terhormat,N5 JLPT
沖縄,おきなわ,okinawa,"Okinawa (city, prefecture) Okinawa (kota, prefektur)","Okinawa (kota, prefektur)",N5 JLPT
お気に入り,おきにいり,okiniiri,favorite; favourite; pet (e.g. teacher's pet) favorit; favorit; hewan,peliharaan (misalnya hewan peliharaan guru),N5 JLPT
置き場,おきば,okiba,place to put something; storage space; storehouse,tempat untuk menaruh sesuatu; ruang,N5 JLPT
置物,おきもの,okimono,ornament; decorative object,hiasan; objek dekoratif,N5 JLPT
お客様,おきゃくさま,okyakusama,guest; visitor tamu; pengunjung,tamu,N5 JLPT
荻,おぎ,ogi,Amur silvergrass (Miscanthus sacchariflorus) Rumput,perak Amur (Miscanthus sacchariflorus),N5 JLPT
奥様,おくさま,okusama,wife; your wife; his wife istri; istrimu,istrinya,N5 JLPT
憶測,おくそく,okusoku,guess; speculation; supposition tebak; spekulasi,anggapan,N5 JLPT
奥地,おくち,okuchi,interior; backwoods; hinterland,pedalaman; dusun; pedalaman,N5 JLPT
屋内,おくない,okunai,indoors di,dalam ruangan,N5 JLPT
臆病者,おくびょうもの,okubyoumono,coward; wimp pengecut; pengecut,pengecut; penakut,N5 JLPT
奥山,おくやま,okuyama,remote mountain; mountain recesses gunung,terpencil; ceruk gunung,N5 JLPT
奥行き,おくゆき,okuyuki,depth; length kedalaman,panjang,N5 JLPT
送り,おくり,okuri,seeing off; sending off,mengantar; mengirim,N5 JLPT
送り込む,おくりこむ,okurikomu,to send in,untuk mengirim,N5 JLPT
送り先,おくりさき,okurisaki,recipient; addressee penerima; penerima,penerima; alamat penerima,N5 JLPT
送り出し,おくりだし,okuridashi,pushing (propelling) (one's opponent) out of the ring from behind,mendorong (mendorong) (lawannya) keluar ring,N5 JLPT
桶,おけ,oke,bucket; pail; tub ember; ember; bak mandi,ember; timba; bak,N5 JLPT
お子様,おこさま,okosama,(another's) child anak (orang,lain).,N5 JLPT
興す,おこす,okosu,to vitalize (e.g. an industry); to invigorate; to energize,untuk menghidupkan (misalnya industri); untuk,N5 JLPT
お小遣い,おこづかい,okozukai,pocket money; spending money; pin money uang saku,menghabiskan uang; menyematkan uang,N5 JLPT
お好み焼き,おこのみやき,okonomiyaki,okonomiyaki; savoury pancake fried on an iron griddle with vegetables,meat and/or seafood and topped with various sa...,N5 JLPT
怒らせる,おこらせる,okoraseru,to make (someone) angry; to anger; to offend,untuk membuat (seseorang) marah; untuk marah; untuk menyinggung,N5 JLPT
奢る,おごる,ogoru,to treat (someone) to (something); to give (someone) a treat; to buy (someone a,"meal, drink, etc.)",N5 JLPT
驕る,おごる,ogoru,to be proud; to be haughty; to be arrogant,menjadi bangga; menjadi sombong; menjadi sombong,N5 JLPT
抑え,おさえ,osae,weight (e.g. paperweight); pressing down,berat (misalnya pemberat kertas); menekan,N5 JLPT
抑える,おさえる,osaeru,to keep within limits (e.g. spending); to restrain (e.g. emotions); to control,untuk tetap dalam batasan (misalnya,N5 JLPT
押さえる,おさえる,osaeru,to pin down; to hold down; to press down,untuk menjabarkan; untuk menahan; untuk menekan,N5 JLPT
幼なじみ,おさななじみ,osananajimi,childhood friend; friend from infancy; old playmate teman masa,kecil; teman sejak bayi; teman bermain lama,N5 JLPT
収まり,おさまり,osamari,conclusion; end; settlement,kesimpulan; akhir; pemukiman,N5 JLPT
修める,おさめる,osameru,to study; to complete (a course); to cultivate,untuk belajar; untuk menyelesaikan (kursus); untuk mengolah,N5 JLPT
押し,おし,oshi,push; pushing mendorong,mendorong,N5 JLPT
押し入り,おしいり,oshiiri,breaking into; burglar,membobol; pencuri,N5 JLPT
押し入る,おしいる,oshiiru,to push in; to force into; to break in (e.g. into a house),untuk mendorong; untuk memaksa masuk; untuk,N5 JLPT
押入れ,おしいれ,oshiire,"closet (built into the wall, usu. with sliding doors); (built-in) wardrobe lemari (dibangun di dinding",biasanya dengan,N5 JLPT
押し売り,おしうり,oshiuri,high-pressure selling; aggressive peddling; the hard sell penjualan bertekanan,tinggi; menjajakan secara,N5 JLPT
教え子,おしえご,oshiego,one's student (esp. a former one); one's pupil; one's,disciple muridnya (khususnya mantan muridnya); murid,N5 JLPT
押し出し,おしだし,oshidashi,pushing something out; extrusion mendorong,sesuatu keluar; ekstrusi,N5 JLPT
おしっこ,おしっこ,oshikko,wee-wee; pee-pee; number one wee-wee; kencing-kencing; nomor,satu,N5 JLPT
押し付ける,おしつける,oshitsukeru,to press against; to push against; to force against,untuk menekan; untuk melawan; untuk memaksa melawan,N5 JLPT
お支払い方法,おしはらいほうほう,oshiharaihouhou,payment method metode,pembayaran,N5 JLPT
お絞り,おしぼり,oshibori,"wet towel (supplied at table); hot, moistened hand towel handuk basah (disediakan di",meja); handuk,N5 JLPT
お仕舞い,おしまい,oshimai,the end; closing; being done for akhir; penutupan; sedang,dilakukan untuk,N5 JLPT
押し問答,おしもんどう,oshimondou,arguing back and forth; bandying words; verbal tug-of-war berdebat bolak-balik; kata-kata,yang,N5 JLPT
汚職,おしょく,oshoku,corruption (esp. by a government employee); bribery; graft korupsi (khususnya oleh pegawai pemerintah);,pemerintah,N5 JLPT
白粉,おしろい,oshiroi,white makeup powder; (face) powder bedak riasan,putih; bedak (wajah).,N5 JLPT
お祖父さん,おじいさん,ojiisan,grandfather kakek,kakek,N5 JLPT
お時間,おじかん,ojikan,(your) time,waktu (Anda).,N5 JLPT
お酢,おす,osu,vinegar cuka,cuka,N5 JLPT
推す,おす,osu,to recommend; to endorse (e.g. a candidate); to nominate,untuk merekomendasikan; untuk mendukung,N5 JLPT
汚水,おすい,osui,filthy water; sewage air kotor; limbah,sangat kotor,N5 JLPT
お墨付き,おすみつき,osumitsuki,certificate; certified document; authorization sertifikat; dokumen,bersertifikat; otorisasi,N5 JLPT
お歳暮,おせいぼ,oseibo,year-end gift hadiah akhir tahun,hadiah akhir tahun; bingkisan tahun baru,N5 JLPT
お世辞,おせじ,oseji,flattery; compliment sanjungan,pujian,N5 JLPT
お節,おせち,osechi,osechi; food eaten during the New Year's Holidays osechi; makanan,yang dimakan saat liburan tahun baru,N5 JLPT
おせち料理,おせちりょうり,osechiryouri,osechi; osechi-ryōri; traditional food eaten during the New Year's holidays osechi; osechi-ryōri; makanan tradisional,yang,N5 JLPT
お節介,おせっかい,osekkai,meddling; meddlesomeness; nosiness campur,tangan; campur tangan; keusilan,N5 JLPT
お世話になる,おせわになる,osewaninaru,to receive favor; to receive assistance; to receive help,untuk menerima bantuan; untuk menerima,N5 JLPT
恐る恐る,おそるおそる,osoruosoru,fearfully; timidly; nervously,dengan ketakutan; dengan takut-takut; dengan gugup,N5 JLPT
恐るべき,おそるべき,osorubeki,terrible; terrifying; dreadful,mengerikan; menakutkan; mengerikan,N5 JLPT
お互いに,おたがいに,otagaini,mutually; with each other; reciprocally saling,satu sama lain; secara timbal balik,N5 JLPT
お誕生日,おたんじょうび,otanjoubi,birthday ulang tahun,ulang tahun,N5 JLPT
お誕生日おめでとうご,ざいます,おたんじょうびおめでとう,ございます otanjoubiomedetougozai masu,Selamat Ulang Tahun (otanjoubi omedetou gozaimasu),N5 JLPT
汚濁,おだく,odaku,pollution; contamination; corruption polusi; kontaminasi; korupsi,polusi; pencemaran,N5 JLPT
落ち,おち,ochi,slip; omission tergelincir,kelalaian,N5 JLPT
落ち合う,おちあう,ochiau,to meet up (as arranged); to rendezvous; to get together,untuk bertemu (sesuai rencana); untuk bertemu;,N5 JLPT
陥る,おちいる,ochiiru,to fall into (e.g. a hole),untuk jatuh ke dalam (misalnya lubang),N5 JLPT
落ちこぼれ,おちこぼれ,ochikobore,fallen scraps; scatterings sisa-sisa,yang jatuh; hamburan,N5 JLPT
落ち着いた,おちついた,ochitsuita,calm; composed; cool tenang,tersusun; keren,N5 JLPT
落ち着く,おちつく,ochitsuku,to calm down; to compose oneself; to regain presence of mind,untuk menenangkan diri; untuk menenangkan diri;,N5 JLPT
落ち度,おちど,ochido,mistake; error; fault,kesalahan; kesalahan; kesalahan,N5 JLPT
落ち葉,おちば,ochiba,fallen leaves; leaf litter; falling leaves daun-daun,berguguran; serasah daun; daun-daun berguguran,N5 JLPT
お中元,おちゅうげん,ochuugen,mid-year gift; summer gift hadiah tengah tahun; hadiah musim panas,musim panas,N5 JLPT
落ちる,おちる,ochiru,to fall; to drop; to come down jatuh,untuk menjatuhkan; untuk turun,N5 JLPT
追っかけ,おっかけ,okkake,chase; pursuit mengejar,pengejaran,N5 JLPT
追っかける,おっかける,okkakeru,to chase; to run after; to pursue,untuk mengejar; untuk mengejar; untuk mengejar,N5 JLPT
大っきい,おっきい,okkii,big; large; great,besar; besar; bagus,N5 JLPT
おっさん,おっさん,ossan,middle-aged man pria paruh baya,pria paruh baya,N5 JLPT
仰る,おっしゃる,ossharu,to say; to speak; to tell,untuk mengatakan; untuk berbicara; untuk memberitahu,N5 JLPT
おっと,おっと,otto,uh-oh; oops; sorry uh-oh; ups; maaf,maaf; menyesal,N5 JLPT
おっぱい,おっぱい,oppai,boobs; boobies; breasts payudara; payudara; payudara,payudara; dada wanita,N5 JLPT
お疲れ様,おつかれさま,otsukaresama,thank you (for your hard work); good work terima kasih (atas kerja,keras Anda); kerja bagus,N5 JLPT
お釣り,おつり,otsuri,change (for a purchase),perubahan (untuk pembelian),N5 JLPT
お手数,おてすう,otesuu,trouble; bother masalah,mengganggu,N5 JLPT
お手数ですが,おてすうですが,otesuudesuga,"sorry to bother you, but ... maaf","mengganggumu, tapi...",N5 JLPT
お手伝い,おてつだい,otetsudai,maid; helper pembantu; pembantu,pembantu; asisten,N5 JLPT
お天気,おてんき,otenki,weather cuaca,cuaca,N5 JLPT
お出かけ,おでかけ,odekake,about to start out; just about to leave or go out,akan memulai; baru saja akan pergi atau keluar,N5 JLPT
お凸,おでこ,odeko,brow; forehead alis; dahi,alis; dahi,N5 JLPT
御田,おでん,oden,"oden; dish of various ingredients, e.g. egg, daikon, potato, chikuwa, konnyaku stewed in soy-flavored dashi",berbagai,N5 JLPT
男たち,おとこたち,otokotachi,men; males laki-laki; laki-laki,laki-laki; pria,N5 JLPT
男前,おとこまえ,otokomae,handsome man; man's looks; good looks pria,tampan; penampilan pria; ketampanan,N5 JLPT
男らしい,おとこらしい,otokorashii,manly; masculine; like a man jantan; maskulin,seperti laki-laki,N5 JLPT
落とし穴,おとしあな,otoshiana,pitfall; trap; pit,jebakan; perangkap; lubang,N5 JLPT
お年玉,おとしだま,otoshidama,New Year's gift (usu. money given to a child by relatives and visitors) Hadiah Tahun,Baru (biasanya uang diberikan,N5 JLPT
お年寄り,おとしより,otoshiyori,old person; elderly person; senior citizen,orang tua; orang lanjut usia; warga negara senior,N5 JLPT
落とす,おとす,otosu,to drop; to lose; to let fall,untuk menjatuhkan; kalah; untuk membiarkan jatuh,N5 JLPT
訪れ,おとずれ,otozure,visit; call mengunjungi,panggilan,N5 JLPT
大人っぽい,おとなっぽい,otonappoi,"grown-up (manner, etc.); mature; adult dewasa (cara, dll.); dewasa; dewasa",orang dewasa,N5 JLPT
大人になる,おとなになる,otonaninaru,to grow up; to become an adult,untuk tumbuh dewasa; untuk menjadi dewasa,N5 JLPT
衰え,おとろえ,otoroe,weakening; emaciation; decline,melemah; kekurusan; penurunan,N5 JLPT
脅し,おどし,odoshi,threat ancaman,ancaman,N5 JLPT
躍り,おどり,odori,leaping; jumping; spring,melompat; melompat; musim semi,N5 JLPT
踊り子,おどりこ,odoriko,dancer (usu. female) penari (usu.perempuan),penari (biasanya perempuan),N5 JLPT
驚くほど,おどろくほど,odorokuhodo,to a surprising degree; to a remarkable extent; surprisingly,pada tingkat yang mengejutkan; sampai pada,N5 JLPT
お腹の子,おなかのこ,onakanoko,child one is expecting; child in one's womb anak,yang diharapkan; anak dalam kandungan seseorang,N5 JLPT
同じく,おなじく,onajiku,in the same way; like; likewise,dengan cara yang sama; menyukai; demikian pula,N5 JLPT
お馴染み,おなじみ,onajimi,familiar; well-known; regular (e.g. customer) akrab,terkenal; reguler (misalnya pelanggan),N5 JLPT
お名前,おなまえ,onamae,name nama,nama,N5 JLPT
おなら,おなら,onara,wind; gas; fart angin; gas,kentut,N5 JLPT
お握り,おにぎり,onigiri,"onigiri; rice ball (often triangular, sometimes with a filling and wrapped in nori) onigiri; bola nasi (biasanya","berbentuk segitiga,",N5 JLPT
鬼ごっこ,おにごっこ,onigokko,tag (children's game); tig tag (permainan anak-anak); tig,menandai; tanda,N5 JLPT
尾根,おね,one,(mountain) ridge punggungan (gunung).,punggung bukit; punggungan gunung,N5 JLPT
お願い,おねがい,onegai,request; favour (to ask); wish,permintaan; bantuan (meminta); keinginan,N5 JLPT
お願いいたします,おねがいいたします,onegaiitashimasu,please tolong,mohon; silakan,N5 JLPT
己,おのれ,onore,"oneself (itself, etc.) diri","sendiri (itu sendiri, dll.)",N5 JLPT
十八番,おはこ,ohako,one's favourite party trick (favorite); one's specialty; one's forte trik pesta favorit (favorit); spesialisasi,seseorang;,N5 JLPT
お話,おはなし,ohanashi,story; tale cerita; kisah,bertingkat,N5 JLPT
お話中,おはなしちゅう,ohanashichuu,busy (phone) sibuk (telepon),sibuk,N5 JLPT
お早う,おはよう,ohayou,good morning selamat pagi,pagi,N5 JLPT
お早うございます,おはようございます,ohayougozaimasu,good morning selamat pagi,pagi,N5 JLPT
お祖母さん,おばあさん,obaasan,grandmother nenek,nenek,N5 JLPT
お婆ちゃん,おばあちゃん,obaachan,granny; grandma; gran nenek; nenek; nenek,nenek; grandma,N5 JLPT
お化け,おばけ,obake,ghost; apparition hantu,penampakan,N5 JLPT
お久しぶり,おひさしぶり,ohisashiburi,it's been a long time; long time no see,sudah lama sekali; lama tidak bertemu,N5 JLPT
お一人様,おひとりさま,ohitorisama,one person; one customer,satu orang; satu pelanggan,N5 JLPT
夥しい,おびただしい,obitadashii,large number; innumerable; great many sejumlah,besar; banyak sekali; banyak sekali,N5 JLPT
お坊さん,おぼうさん,obousan,Buddhist priest; monk pendeta Buddha; biksu,pendeta Buddha; biksu,N5 JLPT
覚書,おぼえがき,oboegaki,memo; memorandum; note,catatan; nota; catatan,N5 JLPT
お負け,おまけ,omake,something thrown in (with a purchase); something extra; free gift,sesuatu yang dilemparkan (dengan pembelian);,N5 JLPT
お負けに,おまけに,omakeni,to make matters worse; besides; what's more,untuk memperburuk keadaan; di samping itu; terlebih lagi,N5 JLPT
お守り,おまもり,omamori,charm; amulet; talisman pesona; jimat; jimat,pesona; daya tarik,N5 JLPT
お巡りさん,おまわりさん,omawarisan,police officer petugas polisi,polisi,N5 JLPT
お神輿,おみこし,omikoshi,mikoshi; portable Shinto shrine carried through the streets during festivals mikoshi; kuil Shinto portabel,dibawa melalui,N5 JLPT
お店,おみせ,omise,store; shop; establishment toko; toko,pendirian,N5 JLPT
お見積もり,おみつもり,omitsumori,(price) quotation; quote,kutipan (harga); kutipan,N5 JLPT
お襁褓,おむつ,omutsu,diaper; nappy popok; popok,popok; popok bayi,N5 JLPT
汚名,おめい,omei,bad name; bad reputation; disgrace nama,buruk; reputasi buruk; aib,N5 JLPT
御目出度う,おめでとう,omedetou,congratulations!; well done!; best wishes! selamat!; bagus sekali!; Semoga sukses!,sumur,N5 JLPT
おめでとう御座います,おめでとうございます,omedetougozaimasu,congratulations selamat,selamat; ucapan selamat,N5 JLPT
思い,おもい,omoi,thought pikir,pikiran; pemikiran,N5 JLPT
思い上がる,おもいあがる,omoiagaru,to be conceited,menjadi sombong,N5 JLPT
思い当たる,おもいあたる,omoiataru,to suddenly understand (esp. on basis of experience or,tiba-tiba mengerti; teringat; tersadar,N5 JLPT
思い描く,おもいえがく,omoiegaku,to imagine; to picture; to figure,untuk membayangkan; untuk membayangkan; untuk mencari,N5 JLPT
思い起こす,おもいおこす,omoiokosu,to recall; to remember,untuk mengingat; untuk diingat,N5 JLPT
思い思い,おもいおもい,omoiomoi,just as (each) one likes; as (each) one pleases; as (each) one prefers,seperti yang disukai (masing-masing); sesuai,N5 JLPT
思いがけない,おもいがけない,omoigakenai,unexpected; contrary to expectations; by chance,tidak terduga; bertentangan dengan harapan; secara kebetulan,N5 JLPT
思い切って,おもいきって,omoikitte,resolutely; boldly; decisively,dengan tegas; dengan berani; dengan tegas,N5 JLPT
思い切る,おもいきる,omoikiru,to give up (all thoughts of); to abandon; to despair of,untuk menyerah (semua pemikiran); untuk,N5 JLPT
思いっきり,おもいっきり,omoikkiri,to one's heart's content; as much as one wants; as hard as one can sepuasnya; sebanyak,yang diinginkan; sekeras,N5 JLPT
思いつき,おもいつき,omoitsuki,idea; plan; fancy ide; rencana,mewah,N5 JLPT
思いつく,おもいつく,omoitsuku,to think of; to hit upon; to come into one's mind,untuk memikirkan; untuk menyerang; untuk muncul dalam pikiran seseorang,N5 JLPT
思いとどまる,おもいとどまる,omoitodomaru,to give up (an idea or plan); to abandon; to refrain from (doing) menyerah (ide,atau rencana); untuk,N5 JLPT
思い直す,おもいなおす,omoinaosu,to re-think; to think back upon; to change one's mind,untuk memikirkan kembali; untuk memikirkan,N5 JLPT
思いやり,おもいやり,omoiyari,consideration; thoughtfulness; sympathy,pertimbangan; perhatian; simpati,N5 JLPT
思いやる,おもいやる,omoiyaru,to sympathize with; to sympathise with; to feel for,untuk bersimpati dengan; untuk bersimpati,N5 JLPT
思う存分,おもうぞんぶん,omouzonbun,to one's heart's content; to one's complete satisfaction; as much as one likes sepuasnya,untuk kepuasan penuh seseorang;,N5 JLPT
面影,おもかげ,omokage,face; looks; countenance wajah,penampilan; wajah,N5 JLPT
重き,おもき,omoki,importance; emphasis; stress,pentingnya; tekanan; stres,N5 JLPT
重さ,おもさ,omosa,weight berat,berat,N5 JLPT
重し,おもし,omoshi,stone weight (as used on pickle-tub covers),berat batu (seperti yang digunakan pada penutup bak acar),N5 JLPT
面白,おもしろ,omoshiro,amusing; funny; interesting lucu; lucu,menarik,N5 JLPT
表立って,おもてだって,omotedatte,publicly; openly; ostensibly di depan,umum; secara terbuka; seolah-olah,N5 JLPT
表立つ,おもてだつ,omotedatsu,to become public; to become known; to come out in the open,untuk menjadi publik; untuk menjadi dikenal;,N5 JLPT
表通り,おもてどおり,omotedoori,main street (as opposed to a side street); high street jalan,utama (bukan jalan samping); jalan raya,N5 JLPT
お持て成し,おもてなし,omotenashi,hospitality; reception; treatment,keramahtamahan; penerimaan; pengobatan,N5 JLPT
表向き,おもてむき,omotemuki,outward appearance; ostensible; public penampilan luar; nyata,publik,N5 JLPT
重荷,おもに,omoni,heavy load; heavy luggage; heavy freight beban,berat; bagasi berat; angkutan berat,N5 JLPT
重み,おもみ,omomi,weight berat,berat,N5 JLPT
面持ち,おももち,omomochi,expression; look; countenance ekspresi; Lihat; wajah,ekspresi; ungkapan,N5 JLPT
重る,おもる,omoru,to get heavy,menjadi berat,N5 JLPT
思惑,おもわく,omowaku,expectation; anticipation; prediction,harapan; antisipasi; prediksi,N5 JLPT
思われる,おもわれる,omowareru,to seem; to appear tampak,untuk muncul,N5 JLPT
おや,おや,oya,oh!; oh?; my! oh!; Oh?; ku!,oh!; aduh!; astaga!,N5 JLPT
親方,おやかた,oyakata,master; boss; chief,menguasai; bos; kepala,N5 JLPT
親会社,おやがいしゃ,oyagaisha,parent company perusahaan induk,perusahaan,N5 JLPT
親子,おやこ,oyako,parent and child,orang tua dan anak,N5 JLPT
親孝行,おやこうこう,oyakoukou,filial piety; being kind to one's parents; taking care of one's parents berbakti; bersikap,baik kepada orang tua;,N5 JLPT
お休みなさい,おやすみなさい,oyasuminasai,good night selamat malam,malam,N5 JLPT
お八つ,おやつ,oyatsu,between-meal snack camilan di antara,waktu makan,N5 JLPT
親バカ,おやばか,oyabaka,over-fond parent; doting parent,orang tua yang terlalu sayang; orang tua yang penyayang,N5 JLPT
親不孝,おやふこう,oyafukou,lack of filial piety; disobedience to one's parents kurangnya rasa berbakti; ketidaktaatan kepada,orang tua,N5 JLPT
親分,おやぶん,oyabun,boss; leader; kingpin bos; pemimpin; gembong,pemimpin,N5 JLPT
凡そ,およそ,oyoso,about; roughly; approximately,tentang; dengan kasar; kira-kira,N5 JLPT
織り,おり,ori,weave; weaving; woven item,menenun; menenun; barang tenun,N5 JLPT
折り合い,おりあい,oriai,agreement (e.g. business,"dispute); understanding; compromise perjanjian (misalnya bisnis, perselisihan);",N5 JLPT
折々,おりおり,oriori,occasionally; now and then; from time to time kadang-kadang; sesekali,dari waktu ke waktu,N5 JLPT
折り返し,おりかえし,orikaeshi,by return; (call or write back) without delay,dengan kembali; (menelepon atau membalas surat) tanpa penundaan,N5 JLPT
折から,おりから,orikara,just then; at that time; at that moment,saat itu; pada saat itu; pada saat itu,N5 JLPT
折り紙,おりがみ,origami,origami; art of paper folding origami; seni,melipat kertas,N5 JLPT
折りたたみ,おりたたみ,oritatami,folding; collapsible; telescopic melipat,bisa dilipat; teleskopis,N5 JLPT
おろおろ,おろおろ,orooro,in confusion; in a fluster; in bewilderment,dalam kebingungan; dalam kebingungan; dalam kebingungan,N5 JLPT
疎か,おろか,oroka,not to mention ...; needless to say ...; not to speak of ... belum lagi...; tak perlu dikatakan lagi...,untuk,N5 JLPT
卸,おろし,oroshi,wholesale grosir,grosir,N5 JLPT
卸売,おろしうり,oroshiuri,wholesale; wholesaling grosir; grosir,grosir,N5 JLPT
卸売市場,おろしうりしじょう,oroshiurishijou,wholesale market pasar grosir,pasar,N5 JLPT
卸売物価,おろしうりぶっか,oroshiuribukka,wholesale price harga grosir,harga,N5 JLPT
下ろす,おろす,orosu,"to take down; to bring down; to lower (a hand, flag, shutter, etc.)",untuk mencatat; untuk menjatuhkan; untuk,N5 JLPT
お詫び,おわび,owabi,apology permintaan maaf,permintaan maaf; permohonan maaf,N5 JLPT
終値,おわりね,owarine,closing price harga,penutupan,N5 JLPT
終わる,おわる,owaru,to end; to come to an end; to finish,untuk mengakhiri; untuk mencapai akhir; untuk menyelesaikan,N5 JLPT
恩返し,おんがえし,ongaeshi,"paying back a favour; repayment (of an obligation, kindness, etc.)","membalas budi; pembayaran kembali (kewajiban,",N5 JLPT
音楽家,おんがくか,ongakuka,musician musisi,musisi,N5 JLPT
音響,おんきょう,onkyou,sound; noise; audio suara,kebisingan; audio,N5 JLPT
穏健,おんけん,onken,"moderate (view, politics, etc.); temperate; sensible moderat (pandangan, politik, dll); sedang; masuk",politik,N5 JLPT
温厚,おんこう,onkou,gentle; mild-mannered,lembut; berwatak halus,N5 JLPT
恩師,おんし,onshi,teacher (to whom one owes a debt of gratitude); mentor; one's former teacher guru (kepada siapa,seseorang berhutang budi);,N5 JLPT
音質,おんしつ,onshitsu,tone quality; sound quality kualitas nada; kualitas suara,kualitas; mutu,N5 JLPT
御社,おんしゃ,onsha,your company perusahaan,Anda,N5 JLPT
恩赦,おんしゃ,onsha,amnesty; pardon amnesti; maaf,amnesti; pengampunan,N5 JLPT
温床,おんしょう,onshou,hotbed; breeding ground sarang,tempat berkembang biak,N5 JLPT
恩知らず,おんしらず,onshirazu,ungrateful tidak berterima kasih,tidak berterima kasih; tidak tahu berterima kasih,N5 JLPT
恩人,おんじん,onjin,benefactor; patron; person to whom one owes a great deal dermawan; pelindung,orang yang kepadanya,N5 JLPT
音声,おんせい,onsei,voice; speech; sound of a voice suara; pidato; suara,sebuah suara,N5 JLPT
温存,おんぞん,onzon,preservation; retainment; keeping,kelestarian; retensi; menjaga,N5 JLPT
音頭,おんど,ondo,"lead (in a cheer, toast, song, etc.); (someone's) lead","memimpin (dalam sorakan, bersulang, lagu, dll.);",N5 JLPT
音読,おんどく,ondoku,reading aloud membaca,dengan suara keras,N5 JLPT
温度計,おんどけい,ondokei,thermometer termometer,termometer,N5 JLPT
女形,おんながた,onnagata,onnagata; male actor in female kabuki roles onnagata; aktor laki-laki,dalam peran kabuki perempuan,N5 JLPT
女らしい,おんならしい,onnarashii,womanly; ladylike; feminine feminin; sopan; feminin,feminin; kewanitaan,N5 JLPT
負んぶ,おんぶ,onbu,carrying (someone) on one's back (esp. a child); piggyback ride,menggendong (seseorang) di punggungnya,N5 JLPT
音読み,おんよみ,onyomi,on reading; on'yomi; Chinese-derived reading of a kanji,saat membaca; on'yomi; Pembacaan kanji yang,N5 JLPT
音量,おんりょう,onryou,volume (sound) volume (suara),volume,N5 JLPT
か,か,ka,indicates a question,menunjukkan sebuah pertanyaan,N5 JLPT
加,か,ka,addition tambahan,penambahan; tambahan,N5 JLPT
科,か,ka,department (of a university or hospital) departemen (universitas,atau rumah sakit),N5 JLPT
母さん,かあさん,kaasan,mother ibu,ibu,N5 JLPT
加圧,かあつ,kaatsu,pressurization; applying pressure (to),tekanan; memberikan tekanan (ke),N5 JLPT
かい,かい,kai,yes?; no?; isn't it? ya?; TIDAK?; bukan?,ya?; bukan?; kan?,N5 JLPT
下位,かい,kai,low rank; lower position; subordinate position peringkat,rendah; posisi lebih rendah; posisi bawahan,N5 JLPT
会,かい,kai,meeting; assembly; party,pertemuan; perakitan; pesta,N5 JLPT
回,かい,kai,counter for occurrences counter,untuk kejadian,N5 JLPT
甲斐,かい,kai,result (that makes an act worthwhile); worth (in doing something); value,hasil (yang membuat suatu tindakan,N5 JLPT
買い,かい,kai,buying; shopping membeli,berbelanja,N5 JLPT
階,かい,kai,storey; story; floor,bertingkat; cerita; lantai,N5 JLPT
買い上げ,かいあげ,kaiage,buying; purchasing; procurement,membeli; pembelian; pengadaan,N5 JLPT
海域,かいいき,kaiiki,area of sea; waters wilayah laut,perairan,N5 JLPT
買い入れ,かいいれ,kaiire,buying; purchasing; laying in,membeli; pembelian; berbaring,N5 JLPT
開演,かいえん,kaien,"curtain raising; starting (e.g. play, concert)","menaikkan tirai; permulaan (misalnya bermain, konser)",N5 JLPT
海王星,かいおうせい,kaiousei,Neptune (planet) Neptunus (planet),Neptunus (planet),N5 JLPT
開花,かいか,kaika,flowering; blooming; blossoming,berbunga; berbunga; mekar,N5 JLPT
快感,かいかん,kaikan,pleasant feeling; pleasant sensation; pleasure,perasaan menyenangkan; sensasi menyenangkan; kesenangan,N5 JLPT
開館,かいかん,kaikan,"opening (for that day's business; of a library, museum, cinema, etc.) pembukaan (untuk urusan hari","itu; perpustakaan,",N5 JLPT
海外出張,かいがいしゅっちょう,kaigaishucchou,overseas business trip,perjalanan bisnis ke luar negeri,N5 JLPT
海外旅行,かいがいりょこう,kaigairyokou,trip abroad; overseas travel,perjalanan ke luar negeri; perjalanan ke luar negeri,N5 JLPT
海岸線,かいがんせん,kaigansen,coastline; shoreline garis pantai; garis pantai,garis pantai; pesisir,N5 JLPT
会期,かいき,kaiki,session (of a legislature) sidang (dari badan legislatif),sidang (badan legislatif),N5 JLPT
回帰,かいき,kaiki,return (to); revolution; recurrence,kembali (ke); revolusi; kekambuhan,N4 JLPT
回忌,かいき,kaiki,death anniversary; anniversary of a person's death,peringatan kematian; peringatan kematian,N4 JLPT
怪奇,かいき,kaiki,bizarre; strange; weird aneh; aneh; aneh,aneh,N4 JLPT
快挙,かいきょ,kaikyo,brilliant achievement; spectacular feat; splendid accomplishment prestasi gemilang; prestasi spektakuler;,prestasi,N4 JLPT
開局,かいきょく,kaikyoku,"opening (of a broadcasting station, post office, bureau, etc.); establishment","pembukaan (stasiun penyiaran, kantor pos, biro,",N4 JLPT
解禁,かいきん,kaikin,"lifting a ban; raising an embargo; opening a season (hunting, fishing, etc.)",mencabut larangan; menaikkan embargo;,N4 JLPT
懐疑,かいぎ,kaigi,doubt; skepticism; scepticism,keraguan; keraguan; skeptisisme,N4 JLPT
開業,かいぎょう,kaigyou,opening a business; opening a practice,membuka usaha; membuka praktik,N4 JLPT
開業医,かいぎょうい,kaigyoui,private clinician; physician in private practice dokter,swasta; dokter di praktik swasta,N4 JLPT
海軍,かいぐん,kaigun,navy; naval force,angkatan laut; kekuatan angkatan laut,N4 JLPT
会計検査院,かいけいけんさいん,kaikeikensain,Board of Audit Dewan Audit,dewan; papan,N4 JLPT
会計士,かいけいし,kaikeishi,accountant akuntan,akuntan,N4 JLPT
会計年度,かいけいねんど,kaikeinendo,fiscal year tahun fiskal,tahun,N4 JLPT
解決策,かいけつさく,kaiketsusaku,solution; solution strategy solusi; strategi solusi,solusi,N4 JLPT
解決方法,かいけつほうほう,kaiketsuhouhou,way of solving (a problem); solution,cara penyelesaian (suatu masalah); solusi,N4 JLPT
改憲,かいけん,kaiken,constitutional change; revising the constitution,perubahan konstitusi; merevisi konstitusi,N4 JLPT
戒厳令,かいげんれい,kaigenrei,martial law darurat militer,darurat militer; hukum militer,N4 JLPT
回顧,かいこ,kaiko,recollecting; reminiscing; looking back,mengingat kembali; mengenang; melihat ke belakang,N4 JLPT
解雇,かいこ,kaiko,dismissal (of an employee),discharge; firing pemecatan (seorang karyawan); memulangkan; penembakan,N4 JLPT
開口,かいこう,kaikou,opening; aperture (e.g. camera),pembukaan; bukaan (misalnya kamera),N4 JLPT
開校,かいこう,kaikou,opening a school,membuka sekolah,N4 JLPT
開港,かいこう,kaikou,"opening a port (seaport, airport, etc.); starting operations at a port","pembukaan pelabuhan (pelabuhan, bandar udara,",N4 JLPT
戒告,かいこく,kaikoku,admonition; warning; caution,peringatan; peringatan; hati-hati,N4 JLPT
開国,かいこく,kaikoku,founding a country mendirikan,sebuah negara,N4 JLPT
改札口,かいさつぐち,kaisatsuguchi,ticket barrier; ticket gate; wicket penghalang tiket; gerbang tiket; gawang,tiket,N4 JLPT
海産物,かいさんぶつ,kaisanbutsu,marine products produk laut,laut; angkatan laut,N4 JLPT
介在,かいざい,kaizai,existing (between); interposition; intervention,yang ada (antara); perantaraan; intervensi,N4 JLPT
改ざん,かいざん,kaizan,alteration; falsification; faking,perubahan; pemalsuan; berpura-pura,N4 JLPT
開始時刻,かいしじこく,kaishijikoku,starting time,waktu mulai,N4 JLPT
買い占め,かいしめ,kaishime,buying up of goods; cornering (market),membeli barang; menikung (pasar),N4 JLPT
買い占める,かいしめる,kaishimeru,to buy up,untuk membeli,N4 JLPT
会社員,かいしゃいん,kaishain,company employee; office worker; white-collar worker,karyawan perusahaan; pekerja kantor; pekerja,N4 JLPT
会社更生法,かいしゃこうせいほう,kaishakouseihou,Corporate Reorganization Act Undang-Undang Reorganisasi,Perusahaan,N4 JLPT
楷書,かいしょ,kaisho,printed style (of writing Chinese characters); square style; block style gaya cetak (penulisan karakter Cina); gaya,menghalangi; memblokir,N4 JLPT
快勝,かいしょう,kaishou,sweeping victory; easy victory kemenangan,besar; kemenangan mudah,N4 JLPT
解消,かいしょう,kaishou,cancellation; liquidation; resolution,pembatalan; likuidasi; resolusi,N4 JLPT
会食,かいしょく,kaishoku,eating together; dining together; having a meal together makan,bersama; makan bersama; sedang makan,N4 JLPT
会心,かいしん,kaishin,congeniality; satisfaction; gratification,kesesuaian; kepuasan; kepuasan,N4 JLPT
改新,かいしん,kaishin,reformation reformasi,reformasi,N4 JLPT
開示,かいじ,kaiji,"release (of information, documents, etc.)","disclosure; display pelepasan (informasi, dokumen, dll.);",N4 JLPT
介助,かいじょ,kaijo,help; assistance; aid,bantuan; bantuan; bantuan,N4 JLPT
海上,かいじょう,kaijou,(on the) sea; surface of the sea (di) laut,permukaan laut,N4 JLPT
開場,かいじょう,kaijou,opening (the doors of a venue) pembukaan (pintu,suatu tempat),N4 JLPT
海上自衛隊,かいじょうじえいたい,kaijoujieitai,Maritime Self Defense Forces (Defence),Pasukan Bela Diri Maritim (Pertahanan),N4 JLPT
海上保安庁,かいじょうほあんちょう,kaijouhoanchou,Japan Coast Guard; JCG Penjaga Pantai Jepang; JCG,Penjaga Pantai Jepang; JCG,N4 JLPT
海水,かいすい,kaisui,seawater; saltwater air laut; asin,air laut; air asin,N4 JLPT
海水浴場,かいすいよくじょう,kaisuiyokujou,swimming area (in the ocean); swimming beach; seawater baths area,berenang (di laut); pantai berenang;,N4 JLPT
回生,かいせい,kaisei,resurrection; resuscitation; coming back to life,kebangkitan; resusitasi; hidup kembali,N4 JLPT
解析,かいせき,kaiseki,analysis; analytical study analisis; studi analitis,analisis,N4 JLPT
開設,かいせつ,kaisetsu,establishment; opening; setting up,pendirian; pembukaan; pengaturan,N4 JLPT
回戦,かいせん,kaisen,"event with ... rounds, innings, legs, etc. acara","dengan ... babak, babak, babak, dll.",N4 JLPT
回線,かいせん,kaisen,circuit; line sirkuit; garis,garis; baris; jalur,N4 JLPT
改選,かいせん,kaisen,election (for a seat or position at the end of a term) pemilihan (untuk kursi,atau posisi di akhir masa,N4 JLPT
海戦,かいせん,kaisen,naval battle pertempuran laut,pertempuran laut,N4 JLPT
開戦,かいせん,kaisen,outbreak of war; starting a war,pecahnya perang; memulai perang,N4 JLPT
改組,かいそ,kaiso,reorganization; reorganisation; reshuffle reorganisasi; reorganisasi,perombakan,N4 JLPT
回想,かいそう,kaisou,recollection; retrospection; reflection,ingatan; retrospeksi; refleksi,N4 JLPT
改装,かいそう,kaisou,remodelling; remodeling; reorganization renovasi; renovasi; reorganisasi,renovasi; reorganisasi,N4 JLPT
海藻,かいそう,kaisou,seaweed rumput laut,rumput laut,N4 JLPT
快速,かいそく,kaisoku,high speed; rapidity kecepatan,tinggi; kecepatan,N4 JLPT
海賊,かいぞく,kaizoku,pirate bajak laut,bajak laut; perompak,N4 JLPT
解体,かいたい,kaitai,demolition; taking down,dismantling pembongkaran; mencatat; pembongkaran,N4 JLPT
買い出し,かいだし,kaidashi,going out to shop; going shopping,pergi berbelanja; pergi berbelanja,N4 JLPT
怪談,かいだん,kaidan,ghost story; tale of the supernatural cerita hantu; kisah supranatural,cerita hantu; kisah supranatural,N4 JLPT
改築,かいちく,kaichiku,structural alteration (of a building); reconstruction; rebuilding,perubahan struktur (suatu bangunan);,N4 JLPT
海中,かいちゅう,kaichuu,in the sea di laut,dalam; di,N4 JLPT
会長,かいちょう,kaichou,president (of a society),chairman presiden (suatu masyarakat); ketua,N4 JLPT
快調,かいちょう,kaichou,good (condition); going well; fine,baik (kondisi); berjalan dengan baik; baiklah,N4 JLPT
買い付け,かいつけ,kaitsuke,buying (in large quantities); (wholesale) purchase; buying in pembelian (dalam jumlah,banyak); pembelian,N4 JLPT
買い手,かいて,kaite,buyer pembeli,pembeli,N4 JLPT
海底,かいてい,kaitei,bottom of the ocean; seafloor; seabed dasar laut; dasar laut; dasar laut,dasar laut,N4 JLPT
開店,かいてん,kaiten,opening a new shop membuka toko,baru,N4 JLPT
会頭,かいとう,kaitou,society president presiden masyarakat,masyarakat,N4 JLPT
買取,かいとり,kaitori,purchase; buying; buying out,pembelian; pembelian; membeli keluar,N4 JLPT
会堂,かいどう,kaidou,church; chapel; synagogue gereja; kapel; sinagoga,gereja; kapel; sinagoga,N4 JLPT
海道,かいどう,kaidou,sea route jalur laut,jalur laut,N4 JLPT
解読,かいどく,kaidoku,deciphering; decoding menguraikan,penguraian kode,N4 JLPT
買い得,かいどく,kaidoku,bargain; good buy tawar-menawar; pembelian,yang bagus,N4 JLPT
か否か,かいなか,kainaka,whether or not apakah,atau tidak,N4 JLPT
海難,かいなん,kainan,accident at sea; sea,disaster; shipwreck kecelakaan di laut; bencana laut; kapal karam,N4 JLPT
解任,かいにん,kainin,dismissal (from a post),discharge; removal pemecatan (dari jabatan); memulangkan; penghapusan,N4 JLPT
飼い主,かいぬし,kainushi,(pet) owner; keeper pemilik (hewan,peliharaan); penjaga,N4 JLPT
開発者,かいはつしゃ,kaihatsusha,developer pengembang,pengembang; developer,N4 JLPT
開発途上国,かいはつとじょうこく,kaihatsutojoukoku,developing country negara,berkembang,N4 JLPT
開発部,かいはつぶ,kaihatsubu,development department departemen,pengembangan,N4 JLPT
開発元,かいはつもと,kaihatsumoto,"developer (of software, video games, etc.) pengembang (perangkat lunak, video game, dll.)",pengembang perangkat lunak; developer,N4 JLPT
会費,かいひ,kaihi,membership fee biaya,keanggotaan,N4 JLPT
回避,かいひ,kaihi,evasion; avoidance penghindaran,penghindaran,N4 JLPT
開票,かいひょう,kaihyou,counting ballots; tally (of votes),menghitung surat suara; penghitungan (suara),N4 JLPT
海浜,かいひん,kaihin,seashore; seaside; beach pantai laut; tepi laut; pantai,pantai; tepi laut,N4 JLPT
買い控え,かいびかえ,kaibikae,restrained buying pembelian,yang terkendali,N4 JLPT
怪物,かいぶつ,kaibutsu,monster raksasa,monster; makhluk besar,N4 JLPT
開閉,かいへい,kaihei,opening and shutting; opening and closing membuka,dan menutup; pembukaan dan penutupan,N4 JLPT
海兵隊,かいへいたい,kaiheitai,Marine Corps; Royal Marines Korps Marinir; Marinir,Kerajaan,N4 JLPT
改編,かいへん,kaihen,reorganization; reorganisation reorganisasi; reorganisasi,perombakan,N4 JLPT
会報,かいほう,kaihou,bulletin (issued by a society); report; newsletter buletin (dikeluarkan oleh,suatu masyarakat); laporan; buletin,N4 JLPT
開幕,かいまく,kaimaku,raising the curtain,mengangkat tirai,N4 JLPT
皆無,かいむ,kaimu,nonexistent; nil; none,tidak ada; nol; tidak ada,N4 JLPT
回目,かいめ,kaime,nth time,yang kesekian kalinya,N4 JLPT
解明,かいめい,kaimei,elucidation; explication; explaining,penjelasan; penjelasan; menjelaskan,N4 JLPT
壊滅,かいめつ,kaimetsu,(complete) destruction; annihilation; devastation (lengkap),kehancuran; penghancuran; kehancuran,N4 JLPT
海面,かいめん,kaimen,sea level; (surface of) sea,permukaan laut; (permukaan) laut,N4 JLPT
買い戻し,かいもどし,kaimodoshi,repurchase; redemption membeli,kembali; penebusan,N4 JLPT
解約,かいやく,kaiyaku,cancellation of a contract,pembatalan kontrak,N4 JLPT
快楽,かいらく,kairaku,pleasure kesenangan,kesenangan,N4 JLPT
回廊,かいろう,kairou,corridor; gallery; hallway koridor; galeri; lorong,koridor; lorong; galeri,N4 JLPT
界隈,かいわい,kaiwai,neighborhood; neighbourhood; vicinity,lingkungan; lingkungan; sekitarnya,N4 JLPT
下院,かいん,kain,lower house; lower legislative chamber majelis,rendah; kamar legislatif yang lebih rendah,N4 JLPT
課員,かいん,kain,section staff staf,bagian,N4 JLPT
替え,かえ,kae,change; alteration perubahan,perubahan,N4 JLPT
替え玉,かえだま,kaedama,stand-in; proxy; substitute pengganti; wakil; pengganti,menggantikan,N4 JLPT
返り咲き,かえりざき,kaerizaki,comeback (e.g. in business); reinstatement kembali (misalnya,dalam bisnis); pemulihan,N4 JLPT
帰り道,かえりみち,kaerimichi,the way back; the way home; return trip jalan,kembali; jalan pulang; perjalanan pulang,N4 JLPT
蛙,かえる,kaeru,frog katak,katak; kodok,N4 JLPT
返る,かえる,kaeru,to return; to come back; to go back,untuk kembali; untuk kembali; untuk kembali,N4 JLPT
火炎瓶,かえんびん,kaenbin,Molotov cocktail; petrol bomb; gasoline bomb bom molotov; bom bensin; bom bensin,bom molotov; bom bensin,N4 JLPT
顔合わせ,かおあわせ,kaoawase,(preliminary) meeting; face-to-face introduction,pertemuan (pendahuluan); pengenalan tatap muka,N4 JLPT
顔色,かおいろ,kaoiro,complexion; skin tone; skin colour corak; warna kulit; warna kulit,kulit,N4 JLPT
顔立ち,かおだち,kaodachi,looks; features penampilan; fitur,penampilan luar,N4 JLPT
顔つき,かおつき,kaotsuki,(outward) looks; features; face (luar) tampak; fitur,menghadapi,N4 JLPT
顔なじみ,かおなじみ,kaonajimi,acquaintance; friend; familiar face kenalan; teman; wajah,yang familiar,N4 JLPT
顔ぶれ,かおぶれ,kaobure,personnel; members; lineup (of a team) personel; anggota; susunan pemain (dari,sebuah tim),N4 JLPT
顔負け,かおまけ,kaomake,being put to shame; being outshone; being eclipsed dipermalukan,menjadi lebih cemerlang; sedang,N4 JLPT
顔見知り,かおみしり,kaomishiri,acquaintance kenalan,kenalan,N4 JLPT
香る,かおる,kaoru,to smell sweet; to be fragrant berbau harum,menjadi harum,N4 JLPT
顔を出す,かおをだす,kaowodasu,to turn up; to make an appearance; to put in an appearance,untuk muncul; untuk membuat penampilan; untuk,N4 JLPT
顔を潰す,かおをつぶす,kaowotsubusu,to make someone lose face; to embarrass someone; to make someone look foolish,untuk membuat seseorang kehilangan muka;,N4 JLPT
抱え,かかえ,kakae,armful setumpuk,setumpuk; sepelukan,N4 JLPT
欠かす,かかす,kakasu,to miss (doing); to fail (to do),ketinggalan (melakukan); gagal (melakukan),N4 JLPT
踵,かかと,kakato,"heel (of foot, shoe, stocking, etc.) tumit (kaki, sepatu, stocking, dll.)",tumit,N4 JLPT
係員,かかりいん,kakariin,person in charge; official; attendant penanggung jawab,resmi; petugas,N4 JLPT
係官,かかりかん,kakarikan,official in charge pejabat,yang bertanggung jawab,N4 JLPT
係長,かかりちょう,kakarichou,subsection head; assistant manager; chief clerk,kepala subbagian; asisten manajer; kepala juru tulis,N4 JLPT
掛かる,かかる,kakaru,"to take (a resource, e.g. time or money)","untuk mengambil (sumber daya, misalnya waktu atau uang)",N4 JLPT
関わらず,かかわらず,kakawarazu,in spite of; despite; although,meskipun; meskipun; meskipun,N4 JLPT
関わる,かかわる,kakawaru,to be involved (in); to get involved (in); to concern oneself (with),untuk terlibat (dalam); untuk terlibat (dalam);,N4 JLPT
果敢,かかん,kakan,resolute; determined; bold tegas,bertekad; berani,N4 JLPT
加害者,かがいしゃ,kagaisha,perpetrator; wrong-doer; aggressor pelaku; pelaku,kesalahan; agresor,N4 JLPT
科学技術,かがくぎじゅつ,kagakugijutsu,science and technology; technology; scientific techniques ilmu pengetahuan,dan teknologi; teknologi; teknik,N4 JLPT
科学技術庁,かがくぎじゅつちょう,kagakugijutsuchou,Science and Technology Agency (1956-2001) Badan Sains,dan Teknologi (1956-2001),N4 JLPT
科学者,かがくしゃ,kagakusha,scientist ilmuwan,ilmuwan; peneliti,N4 JLPT
科学的,かがくてき,kagakuteki,scientific ilmiah,ilmiah,N4 JLPT
化学肥料,かがくひりょう,kagakuhiryou,chemical fertilizer; chemical fertiliser pupuk kimia; pupuk kimia,kimia; bahan kimia,N4 JLPT
化学物質,かがくぶっしつ,kagakubusshitsu,chemical substance; chemical bahan kimia; kimia,kimia; bahan kimia,N4 JLPT
化学兵器,かがくへいき,kagakuheiki,chemical weapon senjata kimia,kimia; bahan kimia,N4 JLPT
輝かしい,かがやかしい,kagayakashii,brilliant; glorious; glittering,brilian; mulia; berkilauan,N4 JLPT
輝き,かがやき,kagayaki,brightness; brilliance; brilliancy,kecerahan; kecemerlangan; kecemerlangan,N4 JLPT
下記,かき,kaki,the following berikut,ini,N4 JLPT
垣,かき,kaki,fence; hedge; railing pagar; pagar; pagar,lindung nilai; pagar,N4 JLPT
夏季,かき,kaki,summer season; summer; summertime musim panas; musim panas; musim panas,musim panas,N4 JLPT
夏期,かき,kaki,summer term (e.g. school); summer,period semester musim panas (misalnya sekolah); periode musim panas,N4 JLPT
柿,かき,kaki,kaki; Japanese persimmon (Diospyros kaki) kaki,Kesemek Jepang (Diospyros kaki),N4 JLPT
火器,かき,kaki,firearms; guns senjata api; senjata,senjata api; pistol,N4 JLPT
牡蠣,かき,kaki,oyster; oyster shell tiram; cangkang tiram,tiram; kerang tiram,N4 JLPT
書き上げる,かきあげる,kakiageru,to finish writing; to complete,untuk menyelesaikan menulis; untuk menyelesaikan,N4 JLPT
書き換える,かきかえる,kakikaeru,to rewrite; to overwrite; to renew,untuk menulis ulang; untuk menimpa; untuk memperbarui,N4 JLPT
書き方,かきかた,kakikata,way of writing; manner of writing,cara menulis; cara penulisan,N4 JLPT
書き言葉,かきことば,kakikotoba,written word; written language kata-kata,tertulis; bahasa tertulis,N4 JLPT
書き込み,かきこみ,kakikomi,writing menulis,menulis; tulisan,N4 JLPT
書き込む,かきこむ,kakikomu,"to fill in (field, entry, etc.); to fill out (form)","untuk mengisi (bidang, entri, dll.); untuk mengisi (formulir)",N4 JLPT
かき氷,かきごおり,kakigoori,shaved ice (usually served with flavored simple syrup); Italian ice; snow cone es serut (biasanya disajikan,dengan sirup,N4 JLPT
書き初め,かきぞめ,kakizome,first calligraphy of the year kaligrafi,pertama tahun ini,N4 JLPT
書き取り,かきとり,kakitori,writing down from other written material; writing kanji text from hiragana menulis,dari bahan tertulis lainnya; menulis teks,N4 JLPT
書き直す,かきなおす,kakinaosu,to write out; to make a fair copy; to rewrite,untuk menulis; untuk membuat salinan yang adil; untuk menulis ulang,N4 JLPT
下級,かきゅう,kakyuu,lower grade; low class; junior (officer) kelas bawah; kelas,rendah; junior (petugas),N4 JLPT
架橋,かきょう,kakyou,bridge-building; bridge construction,pembangunan jembatan; konstruksi jembatan,N4 JLPT
華僑,かきょう,kakyou,overseas Chinese Tionghoa,perantauan,N4 JLPT
歌曲,かきょく,kakyoku,melody; tune; song,melodi; lagu; lagu,N4 JLPT
家業,かぎょう,kagyou,family business; family trade bisnis,keluarga; perdagangan keluarga,N4 JLPT
限りない,かぎりない,kagirinai,unlimited; endless; boundless,tidak terbatas; tak ada habisnya; tak terbatas,N4 JLPT
各,かく,kaku,each; every; all masing-masing,setiap; semua,N4 JLPT
画,かく,kaku,stroke (of a kanji),guratan (dari kanji),N4 JLPT
格上げ,かくあげ,kakuage,status elevation; upgrading; promotion,peningkatan status; perbaikan; promosi,N4 JLPT
各位,かくい,kakui,everyone; each and every one (of you); ladies and gentlemen,semuanya; masing-masing (dari kalian); hadirin,N4 JLPT
画一,かくいつ,kakuitsu,uniformity; standardization; standardisation,keseragaman; standardisasi; standardisasi,N4 JLPT
角界,かくかい,kakukai,the world of sumo dunia sumo,(kata sandang),N4 JLPT
核家族,かくかぞく,kakukazoku,nuclear family keluarga inti,keluarga,N4 JLPT
閣議,かくぎ,kakugi,cabinet meeting rapat kabinet,kabinet,N4 JLPT
隔月,かくげつ,kakugetsu,every second month; every other month,setiap bulan kedua; setiap bulan lainnya,N4 JLPT
核酸,かくさん,kakusan,nucleic acid asam nukleat,asam nukleat,N4 JLPT
確執,かくしつ,kakushitsu,discord; antagonism perselisihan; antagonisme,perselisihan; pertentangan,N4 JLPT
隠し引き出し,かくしひきだし,kakushihikidashi,secret drawer; hidden drawer laci rahasia; laci,tersembunyi,N4 JLPT
核心,かくしん,kakushin,core; heart (of the matter); point inti; hati (tentang masalah); titik,hati; jantung; titik; poin,N4 JLPT
核実験,かくじっけん,kakujikken,nuclear (bomb) test uji coba nuklir (bom).,tes; ujian,N4 JLPT
画数,かくすう,kakusuu,stroke count (of a kanji),hitungan guratan (kanji),N4 JLPT
画する,かくする,kakusuru,to draw (a line),menggambar (garis),N4 JLPT
覚醒,かくせい,kakusei,waking up; awakening; arousal bangun; bangun; gairah,bangun tidur; kebangkitan,N4 JLPT
覚醒剤,かくせいざい,kakuseizai,"stimulant (e.g. psychoactive drugs like methamphetamine, ritalin, etc.) stimulan (misalnya obat psikoaktif",seperti,N4 JLPT
拡大均衡,かくだいきんこう,kakudaikinkou,an expanded or expanding equilibrium keseimbangan,yang diperluas atau meluas,N4 JLPT
格段,かくだん,kakudan,dramatic (improvement); remarkable (difference); marked dramatis (perbaikan); luar biasa (perbedaan);,dramatis,N4 JLPT
核弾頭,かくだんとう,kakudantou,nuclear warhead hulu ledak nuklir,hulu ledak nuklir,N4 JLPT
拡張子,かくちょうし,kakuchoushi,file extension ekstensi file,ekstensi file,N4 JLPT
格付け,かくづけ,kakuzuke,rating; ranking; grading,peringkat; peringkat; penilaian,N4 JLPT
格闘,かくとう,kakutou,(hand-to-hand) fight; grapple; scuffle,pertarungan (tangan kosong); bergulat; perkelahian,N4 JLPT
閣内,かくない,kakunai,(inside the) Cabinet (di,dalam) Kabinet,N4 JLPT
核燃料,かくねんりょう,kakunenryou,nuclear fuel bahan bakar nuklir,nuklir,N4 JLPT
核武装,かくぶそう,kakubusou,nuclear arms senjata nuklir,nuklir,N4 JLPT
核分裂,かくぶんれつ,kakubunretsu,nuclear fission fisi nuklir,nuklir,N4 JLPT
核兵器,かくへいき,kakuheiki,nuclear weapon senjata nuklir,senjata nuklir,N4 JLPT
角膜,かくまく,kakumaku,cornea kornea,kornea,N4 JLPT
確約,かくやく,kakuyaku,firm promise; definite promise janji tegas; janji,yang pasti,N4 JLPT
格安,かくやす,kakuyasu,(very) cheap; (very) inexpensive; cut-price (sangat) murah; (sangat) murah,potongan harga,N4 JLPT
格安航空券,かくやすこうくうけん,kakuyasukoukuuken,discount airline ticket,diskon tiket pesawat,N4 JLPT
核融合,かくゆうごう,kakuyuugou,nuclear fusion fusi nuklir,nuklir,N4 JLPT
隔離,かくり,kakuri,isolation; segregation; separation isolasi,pemisahan; pemisahan,N4 JLPT
閣僚,かくりょう,kakuryou,cabinet ministers menteri kabinet,kabinet,N4 JLPT
神楽,かぐら,kagura,kagura; traditional Shinto music and dancing kagura; musik,dan tarian tradisional Shinto,N4 JLPT
掛け,かけ,kake,credit kredit,kredit,N4 JLPT
賭け,かけ,kake,bet; wager; stake,bertaruh; taruhan; taruhan,N4 JLPT
家系,かけい,kakei,family lineage garis,keturunan keluarga,N4 JLPT
家計簿,かけいぼ,kakeibo,household account book buku rekening rumah tangga,buku,N4 JLPT
掛け金,かけきん,kakekin,installment; instalment; premium,angsuran; cicilan; premium,N4 JLPT
駆け込み,かけこみ,kakekomi,running in; rushing into,berlari masuk; bergegas masuk,N4 JLPT
掛け声,かけごえ,kakegoe,"shout (of encouragement, etc.); yell (used to time or encourage activity, e.g. ""Heave ho!"")","berteriak (memberi semangat, dll.); berteriak",N4 JLPT
掛け軸,かけじく,kakejiku,hanging scroll gulir gantung,gulungan gambar gantung; kakejiku,N4 JLPT
駆けつける,かけつける,kaketsukeru,to run to; to come running; to rush (someplace),untuk lari ke; untuk berlari; untuk bergegas (suatu tempat),N4 JLPT
かけ離れる,かけはなれる,kakehanareru,to be far apart (from); to be a long way off (from); to be remote berjauhan (dari); berada jauh (dari),menjadi,N4 JLPT
駆け引き,かけひき,kakehiki,bargaining; haggling tawar-menawar; tawar-menawar,tawar-menawar; negosiasi harga,N4 JLPT
欠片,かけら,kakera,fragment; broken piece; chip pecahan; bagian,yang rusak; keping,N4 JLPT
翔る,かける,kakeru,to soar; to fly,untuk melonjak; untuk terbang,N4 JLPT
歌劇,かげき,kageki,opera opera,opera,N4 JLPT
過激,かげき,kageki,"extreme (measure, idea, etc.); radical; violent (language) ekstrim (ukuran, ide, dll); radikal",kekerasan,N4 JLPT
陰口,かげぐち,kageguchi,malicious gossip; backbiting; speaking ill behind someone's back gosip jahat; fitnah; berbicara,buruk di belakang,N4 JLPT
ヶ月,かげつ,kagetsu,counter for months counter selama berbulan-bulan,penghitung; konter,N4 JLPT
影の内閣,かげのないかく,kagenonaikaku,shadow cabinet kabinet,bayangan,N4 JLPT
陰り,かげり,kageri,shadow (e.g. on someone's happiness); cloud; shade bayangan (misalnya,pada kebahagiaan,N4 JLPT
下限,かげん,kagen,lower limit batas bawah,batas,N4 JLPT
囲い,かこい,kakoi,enclosure; fence; wall kandang; pagar,dinding,N4 JLPT
囲う,かこう,kakou,to enclose; to surround; to encircle,untuk melampirkan; untuk mengelilingi; untuk mengelilingi,N4 JLPT
河口,かこう,kakou,mouth of river; estuary muara sungai; muara,muara sungai; muara,N4 JLPT
カ国,かこく,kakoku,counter for countries counter,untuk negara-negara,N4 JLPT
過酷,かこく,kakoku,severe; harsh; hard parah; kasar,keras,N4 JLPT
囲み,かこみ,kakomi,enclosure; box kandang; kotak,dinding,N4 JLPT
化合物,かごうぶつ,kagoubutsu,compound senyawa,senyawa; majemuk,N4 JLPT
過言,かごん,kagon,exaggeration; overstatement; saying too much berlebihan; melebih-lebihkan,mengatakan terlalu banyak,N4 JLPT
笠,かさ,kasa,conical hat (East-Asian style); coolie hat topi,berbentuk kerucut (gaya Asia Timur); topi kuli,N4 JLPT
家裁,かさい,kasai,family court pengadilan,keluarga,N4 JLPT
火災保険,かさいほけん,kasaihoken,fire insurance asuransi,kebakaran,N4 JLPT
火砕流,かさいりゅう,kasairyuu,pyroclastic flow aliran piroklastik,mengalir,N4 JLPT
佳作,かさく,kasaku,fine (piece of) work; excellent work,pekerjaan halus (sepotong); pekerjaan luar biasa,N4 JLPT
重ね合わせ,かさねあわせ,kasaneawase,superposition superposisi,superposisi,N4 JLPT
加算,かさん,kasan,addition; adding; supplement,tambahan; menambahkan; suplemen,N4 JLPT
風穴,かざあな,kazaana,air hole; windhole; air vent lubang udara; lubang angin; ventilasi udara,udara,N4 JLPT
家財,かざい,kazai,household belongings; household goods barang-barang rumah tangga; barang-barang rumah tangga,barang,N4 JLPT
風上,かざかみ,kazakami,windward; upwind ke arah angin,melawan arah angin,N4 JLPT
風下,かざしも,kazashimo,leeward; lee; downwind di bawah angin; Lee,melawan arah angin,N4 JLPT
風向き,かざむき,kazamuki,wind direction arah angin,arah,N4 JLPT
火山灰,かざんばい,kazanbai,volcanic ash,abu vulkanik,N4 JLPT
歌詞,かし,kashi,song lyrics; words of a song; libretto lirik lagu; kata-kata,dari sebuah lagu; libretto,N4 JLPT
貸し切り,かしきり,kashikiri,reserving (for exclusive use); (full) booking; chartering pemesanan (untuk,penggunaan eksklusif);,N4 JLPT
貸金,かしきん,kashikin,loan; advance pinjaman; muka,pinjaman,N4 JLPT
傾げる,かしげる,kashigeru,to tilt (esp. head); to lean; to incline,untuk memiringkan (khususnya kepala); untuk bersandar; untuk mencondongkan tubuh,N4 JLPT
畏まりました,かしこまりました,kashikomarimashita,certainly!; very well; with pleasure tentu saja!; sangat,baik; dengan senang hati,N4 JLPT
貸出,かしだし,kashidashi,lending; loaning pinjaman,pinjaman,N4 JLPT
貸出用,かしだしよう,kashidashiyou,circulation or lending (e.g. library books) peredaran,atau peminjaman (misalnya buku perpustakaan),N4 JLPT
貸し出す,かしだす,kashidasu,to lend; to loan; to let out on hire,untuk meminjamkan; untuk meminjamkan; untuk disewa,N4 JLPT
貸付,かしつけ,kashitsuke,loan pinjaman,pinjaman,N4 JLPT
過失致死,かしつちし,kashitsuchishi,involuntary manslaughter; accidental homicide; negligent homicide pembunuhan,tidak disengaja; pembunuhan yang,N4 JLPT
貨車,かしゃ,kasha,freight car; van gerbong barang; mobil van,gerbong barang; van,N4 JLPT
歌集,かしゅう,kashuu,collection of waka poems; anthology,kumpulan puisi waka; antologi,N4 JLPT
仮称,かしょう,kashou,temporary name; provisional name nama sementara; nama sementara,sementara,N4 JLPT
歌唱,かしょう,kashou,song; singing lagu,bernyanyi,N4 JLPT
過小評価,かしょうひょうか,kashouhyouka,underestimation; undervaluation meremehkan; penilaian,yang terlalu rendah,N4 JLPT
かしら,かしら,kashira,I wonder; do you think?; I might,Saya bertanya-tanya; menurut mu?; saya mungkin,N4 JLPT
頭文字,かしらもじ,kashiramoji,first letter of a word; capital letter (at the start of a word or sentence) huruf,pertama dari sebuah kata; huruf kapital (di,N4 JLPT
柏,かしわ,kashiwa,daimyo oak (Quercus dentata); Japanese emperor oak pohon ek daimyo (Quercus dentata); Pohon ek,Jepang,N4 JLPT
柏木,かしわぎ,kashiwagi,oak tree pohon ek,pohon,N4 JLPT
舵,かじ,kaji,rudder; helm kemudi,kemudi,N4 JLPT
果樹,かじゅ,kaju,fruit tree pohon buah-buahan,buah,N4 JLPT
加重,かじゅう,kajuu,weighting (in averaging); aggravation,pembobotan (rata-rata); kejengkelan,N4 JLPT
果汁,かじゅう,kajuu,fruit juice jus buah,buah,N4 JLPT
家人,かじん,kajin,occupant of a house; family,member; household member (incl. servants) penghuni rumah; anggota keluarga; anggota,N4 JLPT
歌人,かじん,kajin,poet (of tanka poems) penyair (puisi tanka),penyair tanka,N4 JLPT
霞,かすみ,kasumi,haze (esp. in spring); mist kabut (khususnya di musim semi); kabut,kabut tipis (terutama musim semi),N4 JLPT
科する,かする,kasuru,"to inflict; to impose (a fine, etc.)","untuk menimbulkan; untuk mengenakan (denda, dll.)",N4 JLPT
課する,かする,kasuru,"to impose (a tax, fine, etc.); to levy; to assign (a task, duty, etc.)","untuk mengenakan (pajak, denda, dll.); untuk",N4 JLPT
数多く,かずおおく,kazuooku,in great numbers,dalam jumlah yang besar,N4 JLPT
数々,かずかず,kazukazu,many; numerous; various,banyak; banyak; berbagai,N4 JLPT
数少ない,かずすくない,kazusukunai,few in number jumlahnya,sedikit,N4 JLPT
化成,かせい,kasei,change; transformation perubahan; transformasi,perubahan,N4 JLPT
家政婦,かせいふ,kaseifu,housekeeper; maid pengurus rumah tangga; pembantu,pengurus rumah tangga; pembantu,N4 JLPT
稼ぎ,かせぎ,kasegi,earnings pendapatan,pendapatan; penghasilan,N4 JLPT
仮設,かせつ,kasetsu,temporary construction; temporary establishment; provisional construction konstruksi sementara,pendirian sementara;,N4 JLPT
仮説,かせつ,kasetsu,hypothesis; supposition; assumption hipotesis,anggapan; asumsi,N4 JLPT
寡占,かせん,kasen,oligopoly; control of a market oligopoli; pengendalian,suatu pasar,N4 JLPT
河川敷,かせんじき,kasenjiki,flood plain; river terrace; riverside area,dataran banjir; teras sungai; daerah tepi sungai,N4 JLPT
風当たり,かぜあたり,kazeatari,exposure to wind,paparan angin,N4 JLPT
風邪薬,かぜぐすり,kazegusuri,remedy for a cold; cold,medicine obat flu; obat flu,N4 JLPT
風通し,かぜとおし,kazetooshi,ventilation ventilasi,ventilasi; sirkulasi udara,N4 JLPT
風邪をひく,かぜをひく,kazewohiku,to catch a cold,untuk masuk angin,N4 JLPT
仮想,かそう,kasou,imagination; supposition; virtual imajinasi,anggapan; maya,N4 JLPT
火葬,かそう,kasou,cremation kremasi,kremasi; pembakaran jenazah,N4 JLPT
家族計画,かぞくけいかく,kazokukeikaku,family planning keluarga,berencana,N4 JLPT
過多,かた,kata,excess; surplus; superabundance kelebihan; kelebihan; kelimpahan,yang berlebihan,N4 JLPT
片思い,かたおもい,kataomoi,unrequited love; one-sided love cinta tak,berbalas; cinta bertepuk sebelah tangan,N4 JLPT
肩書き,かたがき,katagaki,"title (e.g. Doctor, Professor, Lord); job title; position (in a company) gelar (misalnya Doktor, Profesor, Tuan)",jabatan;,N4 JLPT
片側,かたがわ,katagawa,one side,satu sisi,N4 JLPT
肩代わり,かたがわり,katagawari,"taking over (another's debt, work); shouldering someone else's burden; subrogation mengambil alih (utang","orang lain, pekerjaan);",N4 JLPT
家宅,かたく,kataku,domicile; premises domisili,tempat,N4 JLPT
頑な,かたくな,katakuna,obstinate; stubborn; mulish,keras kepala; keras kepala; mulish,N4 JLPT
肩こり,かたこり,katakori,stiff neck; stiff shoulders leher kaku; bahu kaku,kaku; bahu kaku,N4 JLPT
硬さ,かたさ,katasa,firmness; hardness; stiffness,ketegasan; kekerasan; kekakuan,N4 JLPT
型式,かたしき,katashiki,model (e.g. of a vehicle); type model (misalnya,kendaraan); mengetik,N4 JLPT
片隅,かたすみ,katasumi,corner; nook sudut; sudut,sudut; pojok,N4 JLPT
片手,かたて,katate,one hand,satu tangan,N4 JLPT
片方,かたほう,katahou,one side; one party; the other side,satu sisi; satu pihak; sisi lain,N4 JLPT
形見,かたみ,katami,memento (esp. of a deceased person); keepsake; heirloom kenang-kenangan (khususnya,orang yang sudah,N4 JLPT
固め,かため,katame,hardening; fortifying pengerasan,memperkuat,N4 JLPT
偏り,かたより,katayori,deviation; inclination; offset,penyimpangan; kecenderungan; mengimbangi,N4 JLPT
偏る,かたよる,katayoru,to lean (to one side); to incline,untuk bersandar (ke satu sisi); untuk mencondongkan tubuh,N4 JLPT
語らう,かたらう,katarau,to talk; to tell; to recite,untuk berbicara; untuk memberitahu; untuk membaca,N4 JLPT
語り,かたり,katari,talk; recital bicara,pertunjukan,N4 JLPT
語り口,かたりくち,katarikuchi,way of reciting; way of telling a story,cara membaca; cara menyampaikan sebuah cerita,N4 JLPT
加担,かたん,katan,support; participation; assistance,dukungan; partisipasi; bantuan,N4 JLPT
仮題,かだい,kadai,tentative title judul tentatif,judul sementara; judul tentatif,N4 JLPT
過大,かだい,kadai,excessive; too much; unreasonable berlebihan; terlalu,banyak; tidak masuk akal,N3 JLPT
価値観,かちかん,kachikan,sense of values; values; value system rasa nilai; nilai-nilai; sistem nilai,sistem,N3 JLPT
勝ち越し,かちこし,kachikoshi,having more wins than losses,memiliki lebih banyak kemenangan daripada kekalahan,N3 JLPT
勝ち越す,かちこす,kachikosu,to have more wins than losses; to lead an opponent (e.g. by two games); to be ahead (in wins),memimpin,N3 JLPT
勝ち星,かちぼし,kachiboshi,(mark indicating) a win (tanda,menunjukkan) kemenangan,N3 JLPT
勝ち負け,かちまけ,kachimake,victory or defeat; victory and defeat kemenangan,atau kekalahan; kemenangan dan kekalahan,N3 JLPT
渦中,かちゅう,kachuu,vortex; maelstrom; whirlpool,pusaran; pusaran air; pusaran air,N3 JLPT
課徴金,かちょうきん,kachoukin,charges (i.e. fees) biaya (yaitu biaya),biaya; ongkos,N3 JLPT
画期的,かっきてき,kakkiteki,ground-breaking; revolutionary; unprecedented terobosan; revolusioner; belum pernah,terjadi sebelumnya,N3 JLPT
活況,かっきょう,kakkyou,activity; briskness; prosperity aktivitas,kecepatan; kemakmuran,N3 JLPT
確固,かっこ,kakko,firm; unshakeable; resolute tegas; tak,tergoyahkan; tegas,N3 JLPT
格好いい,かっこいい,kakkoii,attractive; good-looking; stylish,menarik; tampan; bergaya,N3 JLPT
格好,かっこう,kakkou,shape; form; figure bentuk,membentuk; gambar,N3 JLPT
滑降,かっこう,kakkou,descent (esp. in skiing); sliding down; skiing down keturunan (khususnya,dalam bermain ski); meluncur ke bawah; bermain ski,N3 JLPT
各国,かっこく,kakkoku,each country; every country; various countries,setiap negara; setiap negara; berbagai negara,N3 JLPT
褐色,かっしょく,kasshoku,dark brown; colour of tanned skin,coklat tua; warna kulit kecokelatan,N3 JLPT
渇水,かっすい,kassui,water shortage kekurangan air,air,N3 JLPT
活性,かっせい,kassei,activity aktivitas,aktivitas; kegiatan,N3 JLPT
合戦,かっせん,kassen,battle; fight; fighting,pertempuran; bertarung; berkelahi,N3 JLPT
滑走,かっそう,kassou,gliding; sliding; skating (on ice),meluncur; geser; skating (di atas es),N3 JLPT
滑走路,かっそうろ,kassouro,runway; airstrip; landing strip,landasan pacu; landasan terbang; jalur pendaratan,N3 JLPT
勝手気まま,かってきまま,kattekimama,self-willed; (doing or saying things) to suit one's own convenience; oblivious to the convenience of others,egois; mengikuti kemauannya sendiri; acuh pada orang lain,N3 JLPT
葛藤,かっとう,kattou,conflict; complication; troubles konflik; komplikasi; masalah,konflik,N3 JLPT
担ぎ,かつぎ,katsugi,carrier pembawa,pembawa; kurir,N3 JLPT
嘗て,かつて,katsute,once; before; formerly sekali,sebelum; sebelumnya,N3 JLPT
活動家,かつどうか,katsudouka,activist aktivis,aktivis,N3 JLPT
桂,かつら,katsura,katsura (Cercidiphyllum japonicum); Japanese Judas tree katsura (Cercidiphyllum japonicum); Pohon Yudas,pohon,N3 JLPT
鬘,かつら,katsura,wig; hairpiece; toupee rambut palsu; sopak; rambut palsu,rambut palsu; wig,N3 JLPT
活路,かつろ,katsuro,means of survival; means of escape; way out of a difficulty sarana,untuk bertahan hidup; sarana untuk,N3 JLPT
家庭科,かていか,kateika,home economics perekonomian rumah tangga,rumah; rumah asal,N3 JLPT
家庭教師,かていきょうし,kateikyoushi,(home) tutor; private tutor; private teacher (rumah) guru; guru privat; guru,swasta,N3 JLPT
家庭内,かていない,kateinai,within the family; in the home; domestic,dalam keluarga; di rumah; domestik,N3 JLPT
加点,かてん,katen,adding points menambahkan poin,menambahkan poin; penilaian tambah,N3 JLPT
家電,かでん,kaden,household (electrical) appliances; home appliances; consumer electronics,peralatan rumah tangga (listrik); peralatan rumah,N3 JLPT
かと,かと,kato,I figured ...; ... or something; maybe ...?,Saya pikir...; ... atau sesuatu; Mungkin ...?,N3 JLPT
過渡,かと,kato,crossing; ferry penyeberangan; feri,penyeberangan; feri,N3 JLPT
下等,かとう,katou,inferior; base; vulgar lebih,rendah; basis; vulgar,N3 JLPT
過当,かとう,katou,excessive; exorbitant berlebihan; selangit,berlebihan,N3 JLPT
過渡期,かとき,katoki,transition period masa transisi,periode; masa,N3 JLPT
過度,かど,kado,excessive; immoderate berlebihan,tidak moderat,N3 JLPT
稼働,かどう,kadou,operation (of a machine); running,pengoperasian (mesin); berlari,N3 JLPT
か如何か,かどうか,kadouka,whether (or not); if apakah (atau,tidak); jika,N3 JLPT
稼働率,かどうりつ,kadouritsu,operating rate; utilization rate; occupancy rate,tingkat operasi; tingkat pemanfaatan; tingkat hunian,N3 JLPT
かな,かな,kana,I wonder,Saya bertanya-tanya,N3 JLPT
金網,かなあみ,kanaami,wire netting; wire mesh; wire gauze jaring kawat; jaring kawat; kasa kawat,jaring kawat; kasa kawat,N3 JLPT
金具,かなぐ,kanagu,metal fittings; metal fixtures,perlengkapan logam; perlengkapan logam,N3 JLPT
悲しみ,かなしみ,kanashimi,sadness; sorrow; grief,kesedihan; duka; kesedihan,N3 JLPT
要,かなめ,kaname,pivot poros,poros; titik tumpu,N3 JLPT
可也,かなり,kanari,considerably; fairly; quite sangat,secara adil; cukup,N3 JLPT
敵わない,かなわない,kanawanai,no match for; cannot compete with; not in the same league as,tidak ada tandingannya; tidak dapat bersaing,N3 JLPT
蟹,かに,kani,crab kepiting,kepiting,N3 JLPT
かね,かね,kane,interrogative sentence-ending particle expressing doubt partikel akhir kalimat interogatif,yang,N3 JLPT
兼ね合い,かねあい,kaneai,equilibrium; good balance; poise keseimbangan; keseimbangan,yang baik; ketenangan,N3 JLPT
金がない,かねがない,kaneganai,broke; poor; short pecah; miskin,pendek,N3 JLPT
兼ね備える,かねそなえる,kanesonaeru,to have both; to possess both; to combine with,untuk memiliki keduanya; untuk memiliki keduanya; untuk digabungkan dengan,N3 JLPT
過熱,かねつ,kanetsu,overheating; excessive heating,terlalu panas; pemanasan berlebihan,N3 JLPT
金儲け,かねもうけ,kanemouke,moneymaking; earning money,menghasilkan uang; menghasilkan uang,N3 JLPT
金持ち,かねもち,kanemochi,rich person; wealthy person,orang kaya; orang kaya,N3 JLPT
可燃物,かねんぶつ,kanenbutsu,combustibles; inflammables; flammables,mudah terbakar; mudah terbakar; mudah terbakar,N3 JLPT
可能性,かのうせい,kanousei,possibility; chance; likelihood,kemungkinan; peluang; kemungkinan,N3 JLPT
可能性が高い,かのうせいがたかい,kanouseigatakai,very likely; very probable sangat mungkin; sangat mungkin,sangat,N3 JLPT
可能にする,かのうにする,kanounisuru,to allow; to enable; to make possible,untuk mengizinkan; untuk mengaktifkan; untuk memungkinkan,N3 JLPT
下半身,かはんしん,kahanshin,lower half of the body; nether parts,bagian bawah tubuh; bagian bawah,N3 JLPT
鞄,かばん,kaban,bag; satchel; briefcase tas; tas; tas,kerja,N3 JLPT
可否,かひ,kahi,propriety; right and wrong; advisability kepatutan,benar dan salah; kelayakan,N3 JLPT
過敏,かびん,kabin,nervousness; oversensitivity kegugupan; sensitivitas,berlebihan,N3 JLPT
寡婦,かふ,kafu,widow; divorced woman not remarried; unmarried woman janda; wanita,yang bercerai dan belum menikah,N3 JLPT
花粉症,かふんしょう,kafunshou,hay fever; pollinosis (allergy to pollen) demam; pollinosis (alergi,terhadap serbuk sari),N3 JLPT
下部,かぶ,kabu,lower part; substructure,bagian bawah; struktur bawah,N3 JLPT
株価,かぶか,kabuka,stock prices harga saham,saham; stok,N3 JLPT
歌舞伎,かぶき,kabuki,kabuki; traditional form of drama and music,performed by male actors wearing makeup mainly in white and red,N3 JLPT
株券,かぶけん,kabuken,stock certificate sertifikat stok,sertifikat,N3 JLPT
株式会社,かぶしきがいしゃ,kabushikigaisha,stock company; corporation; kabushiki kaisha,perusahaan saham; perusahaan; kabushiki kaisha,N3 JLPT
株式市場,かぶしきしじょう,kabushikishijou,stock market pasar saham,pasar,N3 JLPT
兜,かぶと,kabuto,helmet (of a warrior); headpiece helm (pejuang); topi baja,helm pejuang; topi baja,N3 JLPT
株主,かぶぬし,kabunushi,shareholder; stockholder pemegang saham; pemegang saham,pemegang saham,N3 JLPT
下方,かほう,kahou,lower region; lower part; region below wilayah,yang lebih rendah; bagian bawah; wilayah di bawah ini,N3 JLPT
南瓜,かぼちゃ,kabocha,pumpkin (Cucurbita sp.); squash labu,kuning (Cucurbita sp.); labu,N3 JLPT
窯,かま,kama,stove; furnace; kiln kompor; perapian,tempat pembakaran,N3 JLPT
鎌,かま,kama,sickle sabit,sabit,N3 JLPT
構う,かまう,kamau,to mind; to care about; to be concerned about,dalam pikiran; untuk peduli; untuk dikhawatirkan,N3 JLPT
かまくら,かまくら,kamakura,"mid-January festival in northern Japan, with snow huts in which children play house festival","pertengahan Januari di Jepang utara,",N3 JLPT
鎌倉,かまくら,kamakura,Kamakura (city) Kamakura (kota),Kamakura (kota),N3 JLPT
髪型,かみがた,kamigata,hair style; coiffure; hairdo gaya rambut; gaya,potongan rambut; tatanan rambut,N3 JLPT
上期,かみき,kamiki,first half of the (fiscal) year paruh,pertama tahun (fiskal).,N3 JLPT
紙くず,かみくず,kamikuzu,wastepaper; scrap of paper; paper scraps,kertas bekas; secarik kertas; potongan kertas,N3 JLPT
紙芝居,かみしばい,kamishibai,kamishibai; storytelling with pictures; form of Japanese street theater and storytelling (popular from the 1930s to t...,jalan,N3 JLPT
噛み付く,かみつく,kamitsuku,to bite (at); to snap at,untuk menggigit (pada); untuk membentak,N3 JLPT
上半期,かみはんき,kamihanki,first half of the year; first half of the fiscal year paruh,pertama tahun ini; paruh pertama tahun fiskal,N3 JLPT
紙袋,かみぶくろ,kamibukuro,paper bag kantong,kertas,N3 JLPT
神業,かみわざ,kamiwaza,divine work; miracle,superhuman feat pekerjaan ilahi; keajaiban; prestasi manusia super,N3 JLPT
む,かむ,kamu,to blow (one's nose),untuk meniup (hidung seseorang),N3 JLPT
亀,かめ,kame,tortoise; turtle kura-kura; kura-kura,kura-kura,N3 JLPT
加盟,かめい,kamei,"joining (an association, agreement, etc.); participation; affiliation","bergabung (asosiasi, perjanjian, dll); partisipasi;",N3 JLPT
仮面,かめん,kamen,mask topeng,masker; topeng,N3 JLPT
かも,かも,kamo,may; might; perhaps mungkin; mungkin; mungkin,mungkin; boleh,N3 JLPT
鴨,かも,kamo,duck bebek,bebek; itik,N3 JLPT
かも知れない,かもしれない,kamoshirenai,may; might; perhaps mungkin; mungkin; mungkin,mungkin; boleh,N3 JLPT
かも知れません,かもしれません,kamoshiremasen,may; might; perhaps mungkin; mungkin; mungkin,mungkin; boleh,N3 JLPT
かも知れん,かもしれん,kamoshiren,may; might; perhaps mungkin; mungkin; mungkin,mungkin; boleh,N3 JLPT
蚊帳,かや,kaya,mosquito net kelambu,kelambu,N3 JLPT
火薬,かやく,kayaku,gunpowder; powder bubuk,mesiu; bubuk,N3 JLPT
痒い,かゆい,kayui,itchy gatal,gatal,N3 JLPT
通い,かよい,kayoi,coming and going; going back and forth (between); running between datang,dan pergi; bolak-balik (antara); berjalan di,N3 JLPT
火曜,かよう,kayou,Tuesday Selasa,Selasa,N3 JLPT
歌謡曲,かようきょく,kayoukyoku,kayōkyoku; form of Japanese popular music that developed during the Showa era kayōkyoku; bentuk musik populer Jepang,yang,N3 JLPT
か弱い,かよわい,kayowai,weak; feeble; delicate,lemah; lemah; halus,N3 JLPT
から,から,kara,"from (e.g. time, place, numerical quantity); since","dari (misalnya waktu, tempat, kuantitas numerik); sejak itu",N3 JLPT
揶揄う,からかう,karakau,to tease; to make fun of; to poke fun at,untuk menggoda; untuk mengolok-olok; untuk mengolok-olok,N3 JLPT
辛口,からくち,karakuchi,"dry taste (e.g. sake, wine) rasa","kering (misalnya sake, anggur)",N3 JLPT
辛子,からし,karashi,mustard mustar,mustar; mustard,N3 JLPT
体つき,からだつき,karadatsuki,body build; figure,pembentukan tubuh; gambar,N3 JLPT
からって,からって,karatte,just because; even if; even though,hanya karena; meskipun; meskipun begitu,N3 JLPT
空手,からて,karate,karate karate,karate,N3 JLPT
空振り,からぶり,karaburi,swing and a miss berayun,dan meleset,N3 JLPT
絡み,からみ,karami,linkage; entanglement; involvement,keterkaitan; belitan; keterlibatan,N3 JLPT
からり,からり,karari,with a clatter,dengan suara gemerincing,N3 JLPT
仮,かり,kari,temporary; provisional; interim sementara; sementara; sementara,sementara,N3 JLPT
雁,かり,kari,wild goose angsa liar,angsa liar,N3 JLPT
借り入れ,かりいれ,kariire,borrowing (money) pinjaman (uang),pinjaman uang; meminjam,N3 JLPT
借入金,かりいれきん,kariirekin,loan; loan payable; debt,pinjaman; hutang pinjaman; hutang,N3 JLPT
刈り込む,かりこむ,karikomu,to prune; to trim; to cut back,untuk memangkas; untuk memangkas; untuk mengurangi,N3 JLPT
仮処分,かりしょぶん,karishobun,provisional disposition; temporary injunction,disposisi sementara; perintah sementara,N3 JLPT
仮に,かりに,karini,supposing; even if; granting that seandainya; meskipun; memberikan,itu,N3 JLPT
狩場,かりば,kariba,hunting ground; hunting preserve,tempat berburu; cagar alam perburuan,N3 JLPT
下流,かりゅう,karyuu,downstream; lower reaches of a river hilir,bagian hilir sungai,N3 JLPT
花柳,かりゅう,karyuu,red-light district distrik lampu,merah,N3 JLPT
火力,かりょく,karyoku,heating power; thermal power daya pemanas; daya,termal,N3 JLPT
軽々,かるがる,karugaru,lightly; easily; carelessly,ringan; dengan mudah; sembarangan,N3 JLPT
軽はずみ,かるはずみ,karuhazumi,thoughtless; rash; hasty ceroboh; ruam; tergesa-gesa,merebus,N3 JLPT
華麗,かれい,karei,splendid; magnificent; gorgeous luar biasa; agung; cantik,denda; cemerlang,N3 JLPT
枯れ木,かれき,kareki,dead tree; withered tree pohon mati; pohon layu,pohon,N3 JLPT
枯葉,かれは,kareha,dead leaf; dry leaves daun mati; daun,kering,N3 JLPT
可憐,かれん,karen,"sweet (e.g. young girls, flowers blooming); touchingly lovely; cute manis (misalnya gadis","muda, bunga bermekaran);",N3 JLPT
辛うじて,かろうじて,karoujite,barely; narrowly; only just hampir,tidak; nyaris; hanya saja,N3 JLPT
軽やか,かろやか,karoyaka,light; easy; non-serious,ringan; mudah; tidak serius,N3 JLPT
川,かわ,kawa,river; stream sungai,aliran,N3 JLPT
可哀想,かわいそう,kawaisou,poor; pitiable; pathetic miskin,menyedihkan; menyedihkan,N3 JLPT
川上,かわかみ,kawakami,upper reaches of a river; upstream hulu sungai; hulu,atas; bagian atas,N3 JLPT
渇き,かわき,kawaki,thirst haus,haus; rasa haus,N3 JLPT
皮切り,かわきり,kawakiri,beginning; start awal; mulai,permulaan; awal,N3 JLPT
川岸,かわぎし,kawagishi,riverbank; riverside tepi sungai; tepi sungai,tepi sungai,N3 JLPT
川崎,かわさき,kawasaki,Kawasaki (city) Kawasaki (kota),Kawasaki (kota),N3 JLPT
交わす,かわす,kawasu,"to exchange (messages, greetings, arguments, etc.)","untuk bertukar (pesan, salam, argumen, dll.)",N3 JLPT
為替相場,かわせそうば,kawasesouba,exchange rate; rate of exchange nilai tukar; nilai tukar,pertukaran,N3 JLPT
川沿い,かわぞい,kawazoi,along the river; riverside di sepanjang sungai; tepi sungai,sepanjang; di sepanjang,N3 JLPT
変わった,かわった,kawatta,unusual; abnormal; strange,tidak biasa; abnormal; aneh,N3 JLPT
川端,かわばた,kawabata,riverside; riverbank tepi sungai; tepi sungai,tepi sungai; bantaran sungai,N3 JLPT
河原,かわら,kawara,dry riverbed; river beach dasar sungai,yang kering; pantai sungai,N3 JLPT
変わらない,かわらない,kawaranai,constant; invariant konstan,invarian,N3 JLPT
変わり,かわり,kawari,change; alteration perubahan,perubahan,N3 JLPT
替わる,かわる,kawaru,to succeed; to relieve; to replace,untuk berhasil; untuk meringankan; untuk menggantikan,N3 JLPT
代わる代わる,かわるがわる,kawarugawaru,alternately; by turns bergantian,secara bergiliran,N3 JLPT
棺,かん,kan,coffin; casket peti mati; peti mati,peti mati; peti jenazah,N3 JLPT
艦,かん,kan,warship kapal perang,kapal perang,N3 JLPT
観,かん,kan,look; appearance lihat,penampilan,N3 JLPT
貫,かん,kan,"kan (obs. unit of weight, approx. 3.75 kg, 8.3 lb) kan (obs. satuan","berat, kira-kira 3,75 kg, 8,3 lb)",N3 JLPT
勘案,かんあん,kanan,taking into consideration; giving consideration (to),dengan mempertimbangkan; memberikan,N3 JLPT
間一髪,かんいっぱつ,kanippatsu,hair's breadth luasnya rambut,selebar rambut; sangat tipis,N3 JLPT
簡易保険,かんいほけん,kanihoken,postal life insurance asuransi jiwa pos,kehidupan,N3 JLPT
肝炎,かんえん,kanen,hepatitis hepatitis,hepatitis,N3 JLPT
感化,かんか,kanka,influence (on someone); inspiration pengaruh (pada,seseorang); inspirasi,N3 JLPT
看過,かんか,kanka,overlooking; turning a blind eye,menghadap; menutup mata,N3 JLPT
官界,かんかい,kankai,bureaucracy birokrasi,birokrasi,N3 JLPT
管轄,かんかつ,kankatsu,jurisdiction; control yurisdiksi; kontrol,yurisdiksi; kewenangan,N3 JLPT
感慨,かんがい,kangai,deep emotion; strong feelings emosi,yang mendalam; perasaan yang kuat,N3 JLPT
考え方,かんがえかた,kangaekata,way of thinking; point of view; opinion,cara berpikir; sudut pandang; pendapat,N3 JLPT
考えてみれば,かんがえてみれば,kangaetemireba,if you think about it; come to think of it,jika Anda memikirkannya; kalau dipikir-pikir itu,N3 JLPT
考え直す,かんがえなおす,kangaenaosu,to reconsider; to rethink; to reassess,untuk mempertimbangkan kembali; untuk memikirkan kembali; untuk menilai kembali,N3 JLPT
乾季,かんき,kanki,dry season musim,kemarau,N3 JLPT
喚起,かんき,kanki,arousal; excitation; awakening gairah,perangsangan; kebangkitan,N3 JLPT
歓喜,かんき,kanki,delight; great joy senang; kegembiraan,yang luar biasa,N3 JLPT
換気扇,かんきせん,kankisen,ventilation fan; extractor fan kipas ventilasi; kipas ekstraktor,kipas angin; ventilasi,N3 JLPT
緩急,かんきゅう,kankyuu,high and low speed; fast and slow; pace kecepatan,tinggi dan rendah; cepat dan lambat; laju,N3 JLPT
環境庁,かんきょうちょう,kankyouchou,Environment Agency Badan,Lingkungan Hidup,N3 JLPT
環境保護,かんきょうほご,kankyouhogo,environmental protection perlindungan,lingkungan,N3 JLPT
環境問題,かんきょうもんだい,kankyoumondai,environmental problem; environmental issue masalah,lingkungan; masalah lingkungan hidup,N3 JLPT
換金,かんきん,kankin,realization (of goods into money); conversion (into money); liquidation realisasi (barang,menjadi uang); konversi,N3 JLPT
監禁,かんきん,kankin,confinement; imprisonment; incarceration,kurungan; hukuman penjara; penahanan,N3 JLPT
管区,かんく,kanku,jurisdiction yurisdiksi,yurisdiksi,N3 JLPT
管区気象台,かんくきしょうだい,kankukishoudai,district meteorological observatory observatorium,meteorologi distrik,N3 JLPT
関係者,かんけいしゃ,kankeisha,person concerned; people involved (in an event); those concerned,orang yang bersangkutan; orang-orang yang,N3 JLPT
完結,かんけつ,kanketsu,conclusion; completion kesimpulan,penyelesaian,N3 JLPT
観劇,かんげき,kangeki,theatre-going; theater-going menonton teater,pergi ke teater,N3 JLPT
管弦楽,かんげんがく,kangengaku,orchestral music musik orkestra,musik,N3 JLPT
管弦楽団,かんげんがくだん,kangengakudan,orchestra orkestra,orkestra,N3 JLPT
完工,かんこう,kankou,completion of construction work; completion of a building,penyelesaian pekerjaan konstruksi; penyelesaian,N3 JLPT
敢行,かんこう,kankou,decisive action; going through with; daring to do tindakan tegas; melalui,dengan; berani melakukannya,N3 JLPT
観光客,かんこうきゃく,kankoukyaku,tourist turis,turis; wisatawan,N3 JLPT
官公庁,かんこうちょう,kankouchou,government and municipal offices; public agencies kantor pemerintah,dan kota; lembaga publik,N3 JLPT
肝硬変,かんこうへん,kankouhen,cirrhosis (of the liver) sirosis (hati),sirosis hati,N3 JLPT
観光スポット,かんこうスポット,kankousupotto,tourist attraction; sight-seeing area objek wisata; daerah melihat-lihat,area; wilayah,N3 JLPT
韓国,かんこく,kankoku,South Korea; Republic of Korea Korea,Selatan; Republik Korea,N3 JLPT
韓国語,かんこくご,kankokugo,Korean (language; esp. as spoken in South Korea) Korea (bahasa,khususnya seperti yang digunakan di Korea Selatan),N3 JLPT
冠婚葬祭,かんこんそうさい,kankonsousai,important ceremonial occasions in family relationships acara seremonial,penting dalam hubungan,N3 JLPT
監獄,かんごく,kangoku,prison penjara,penjara,N3 JLPT
看護師,かんごし,kangoshi,(hospital) nurse; registered nurse; RN,perawat (rumah sakit); mantri kesehatan; RN,N3 JLPT
監査,かんさ,kansa,inspection; audit; judgement inspeksi; audit,penghakiman,N3 JLPT
簡裁,かんさい,kansai,summary court; court of summary offences,ringkasan pengadilan; pengadilan pelanggaran ringkasan,N3 JLPT
監察,かんさつ,kansatsu,inspection; inspector inspeksi; inspektur,penyelidikan,N3 JLPT
監査役,かんさやく,kansayaku,auditor; inspector auditor; inspektur,auditor; inspektur,N3 JLPT
閑散,かんさん,kansan,"deserted (esp. store, market, town, streets); quiet; still sepi (khususnya toko, pasar, kota, jalan)",diam;,N3 JLPT
管財,かんざい,kanzai,administration of property; custodianship; receivership administrasi properti,perwalian; penerima,N3 JLPT
監修,かんしゅう,kanshuu,(editorial) supervision; general editorship pengawasan (redaksi); redaksi,umum,N3 JLPT
勧奨,かんしょう,kanshou,encouragement; stimulation dorongan; stimulasi,stimulasi; rangsangan,N3 JLPT
観賞,かんしょう,kanshou,admiration; appreciation; enjoyment,kekaguman; apresiasi; kenikmatan,N3 JLPT
間食,かんしょく,kanshoku,eating between meals; snacking makan di antara,waktu makan; ngemil,N3 JLPT
関心事,かんしんじ,kanshinji,matter of concern; matter of interest,hal yang menjadi perhatian; hal yang menarik,N3 JLPT
幹事,かんじ,kanji,executive secretary; coordinator; organizer sekretaris eksekutif; koordinator; penyelenggara,eksekutif,N3 JLPT
感じ取る,かんじとる,kanjitoru,to perceive; to sense; to take in,untuk memahami; untuk merasakan; untuk menerima,N3 JLPT
感受性,かんじゅせい,kanjusei,sensitivity; sensibility; susceptibility sensitivitas,kepekaan; kerentanan,N3 JLPT
環状,かんじょう,kanjou,annulation; ring shape; loop shape,pembatalan; bentuk cincin; bentuk lingkaran,N3 JLPT
感情的,かんじょうてき,kanjouteki,emotional; sentimental emosional; sentimental,sentimen,N3 JLPT
感性,かんせい,kansei,sensitivity; sensitiveness; sense (of ...) sensitivitas,kepekaan; rasa (dari ...),N3 JLPT
管制,かんせい,kansei,control (by the state); controlling; coordination kontrol (oleh negara),mengendalikan; koordinasi,N3 JLPT
管制官,かんせいかん,kanseikan,(air traffic) controller pengontrol (lalu lintas udara).,pengontrol,N3 JLPT
関節,かんせつ,kansetsu,joint bersama,bersama; gabungan; sendi,N3 JLPT
間接税,かんせつぜい,kansetsuzei,indirect tax pajak,tidak langsung,N3 JLPT
間接的,かんせつてき,kansetsuteki,indirect tidak langsung,tidak langsung,N3 JLPT
艦船,かんせん,kansen,warships and other vessels kapal perang,dan kapal lainnya,N3 JLPT
観戦,かんせん,kansen,watching a (sports) game; spectating; observing (military operations),menonton pertandingan (olahraga); menyaksikan;,N3 JLPT
感染症,かんせんしょう,kansenshou,infectious disease; infection penyakit,menular; infeksi,N3 JLPT
完全試合,かんぜんじあい,kanzenjiai,perfect game permainan,yang sempurna,N3 JLPT
完走,かんそう,kansou,finishing (a race); running the whole,distance; reaching the goal finis (perlombaan); berlari sepanjang jarak;,N3 JLPT
肝臓,かんぞう,kanzou,liver hati,hati; liver,N3 JLPT
艦隊,かんたい,kantai,(naval) fleet; armada armada (angkatan laut); armada,armada armada ; armada,N3 JLPT
感嘆,かんたん,kantan,admiration; wonder; astonishment,kekaguman; rasa takjub; keheranan,N3 JLPT
寛大,かんだい,kandai,tolerant; generous; lenient,toleran; dermawan; lunak,N3 JLPT
寒暖計,かんだんけい,kandankei,thermometer termometer,termometer,N3 JLPT
完治,かんち,kanchi,complete recovery pemulihan total,menyelesaikan,N3 JLPT
関知,かんち,kanchi,(one's) concern; having (something) to do with kekhawatiran (seseorang),memiliki (sesuatu) hubungannya dengan,N3 JLPT
管長,かんちょう,kanchou,superintendent priest; chief abbot pendeta pengawas,kepala biara,N3 JLPT
館長,かんちょう,kanchou,superintendent; director; curator pengawas,direktur; kurator,N3 JLPT
官邸,かんてい,kantei,official residence (e.g. of the prime minister) kediaman,resmi (misalnya perdana menteri),N3 JLPT
艦艇,かんてい,kantei,naval vessels; warships kapal,angkatan laut; kapal perang,N3 JLPT
鑑定,かんてい,kantei,judgement; judgment; expert opinion,penilaian; keputusan; pendapat ahli,N3 JLPT
完投,かんとう,kantou,going the whole distance; pitching a whole game,menempuh jarak jauh; melempar seluruh permainan,N3 JLPT
敢闘,かんとう,kantou,fighting bravely bertarung,dengan gagah berani,N3 JLPT
管内,かんない,kannai,within the jurisdiction (of); one's jurisdiction,dalam yurisdiksi (dari); yurisdiksi seseorang,N3 JLPT
館内,かんない,kannai,"inside a library, museum, cinema, etc.; on the premises di","dalam perpustakaan, museum, bioskop, dll.; di",N3 JLPT
神主,かんぬし,kannushi,Shinto priest Pendeta Shinto,Pendeta Shinto,N3 JLPT
観音,かんのん,kannon,Avalokiteshvara (Bodhisattva); Avalokitesvara; Kannon Avalokiteshvara (Bodhisattva); Avalokitesvara;,Avalokiteshvara (Bodhisattva); Kannon,N3 JLPT
完売,かんばい,kanbai,selling out; being sold out,terjual habis; sedang terjual habis,N3 JLPT
間伐,かんばつ,kanbatsu,periodic thinning (e.g. forest),penjarangan berkala (misalnya hutan),N3 JLPT
寒波,かんぱ,kanpa,cold wave gelombang,dingin,N3 JLPT
完敗,かんぱい,kanpai,(suffering a) complete defeat; utter defeat; annihilation (menderita a),kekalahan total; kekalahan telak;,N3 JLPT
甲板,かんぱん,kanpan,deck (of a ship) dek (kapal),dek kapal,N3 JLPT
乾物,かんぶつ,kanbutsu,dry provisions; dried food; dried goods,perbekalan kering; makanan kering; barang kering,N3 JLPT
漢文,かんぶん,kanbun,Chinese classical writing; Chinese classics,tulisan klasik Tiongkok; klasik Cina,N3 JLPT
還付,かんぷ,kanpu,return; restoration; refund,kembali; restorasi; pengembalian dana,N3 JLPT
完封,かんぷう,kanpuu,total blockage; complete shutdown; stopping completely,penyumbatan total; mati total; berhenti,N3 JLPT
完璧,かんぺき,kanpeki,perfect; complete; flawless sempurna,menyelesaikan; sempurna,N3 JLPT
官房,かんぼう,kanbou,government secretariat sekretariat pemerintah,pemerintah,N3 JLPT
官房長官,かんぼうちょうかん,kanbouchoukan,Chief Cabinet Secretary (Japan),Kepala Sekretaris Kabinet (Jepang),N3 JLPT
陥没,かんぼつ,kanbotsu,cave-in; collapse; sinking,menyerah; runtuh; tenggelam,N3 JLPT
官報,かんぽう,kanpou,official daily gazette; government newsletter surat kabar harian,resmi; buletin pemerintah,N3 JLPT
漢方,かんぽう,kanpou,traditional Chinese medicine,pengobatan tradisional Tiongkok,N3 JLPT
漢方薬,かんぽうやく,kanpouyaku,Chinese herbal medicine obat herbal Cina,obat,N3 JLPT
巻末,かんまつ,kanmatsu,end of a book akhir,sebuah buku,N3 JLPT
官民,かんみん,kanmin,government and people; government and private sector; public and private sector pemerintah,dan rakyat; sektor pemerintah dan,N3 JLPT
感銘,かんめい,kanmei,deep impression; being deeply moved; being deeply touched,kesan mendalam; sangat tersentuh; sangat,N3 JLPT
喚問,かんもん,kanmon,summons panggilan,panggilan; somasi,N3 JLPT
関門,かんもん,kanmon,barrier; checkpoint; gateway penghalang; pos,pemeriksaan; gerbang,N3 JLPT
肝要,かんよう,kanyou,extremely important; essential; vital sangat,penting; penting; penting,N3 JLPT
慣用句,かんようく,kanyouku,idiom; set phrase; idiomatic phrase,ungkapan; mengatur frase; frase idiomatik,N3 JLPT
陥落,かんらく,kanraku,subsidence; sinking; cave-in,penurunan muka tanah; tenggelamnya; menyerah,N3 JLPT
監理,かんり,kanri,superintendence; supervision; administration,pengawasan; pengawasan; administrasi,N3 JLPT
管理者,かんりしゃ,kanrisha,manager; administrator; landlord manajer; administrator; tuan tanah,manajer,N3 JLPT
管理職,かんりしょく,kanrishoku,management; managerial position; administrative post manajemen; posisi manajerial; pos administrasi,manajemen; pengelolaan,N3 JLPT
管理人,かんりにん,kanrinin,administrator; janitor; manager administrator; pesuruh; manajer,manajer,N3 JLPT
簡略,かんりゃく,kanryaku,simple; brief sederhana; singkat,sederhana,N3 JLPT
還流,かんりゅう,kanryuu,return current; reflux; back flow kembali,saat ini; surutnya; aliran balik,N3 JLPT
寒冷,かんれい,kanrei,cold; coldness; chilliness,dingin; kedinginan; rasa dingin,N3 JLPT
缶コーヒー,かんコーヒー,kankoohii,canned coffee kopi kaleng,kopi,N3 JLPT
が,が,ga,indicates the subject of a sentence,menunjukkan subjek suatu kalimat,N3 JLPT
外圧,がいあつ,gaiatsu,external pressure; outside pressure; foreign pressure tekanan eksternal; tekanan,dari luar; tekanan,N3 JLPT
外苑,がいえん,gaien,outer garden taman luar,taman luar,N3 JLPT
外角,がいかく,gaikaku,external angle; exterior angle sudut luar; sudut eksterior,eksternal; luar,N3 JLPT
外郭団体,がいかくだんたい,gaikakudantai,auxiliary organization (organisation); extra-departmental body; fringe organization organisasi pembantu (organisasi); badan ekstra,organisasi,N3 JLPT
外気,がいき,gaiki,open air udara,terbuka,N3 JLPT
外見,がいけん,gaiken,outward appearance; looks,penampilan luar; terlihat,N3 JLPT
外交官,がいこうかん,gaikoukan,diplomat diplomat,diploma; ijazah,N3 JLPT
外国語,がいこくご,gaikokugo,foreign language bahasa asing,bahasa asing,N3 JLPT
骸骨,がいこつ,gaikotsu,skeleton kerangka,kerangka; tulang,N3 JLPT
概算,がいさん,gaisan,approximation; rough estimate; ballpark figure,perkiraan; perkiraan kasar; angka rata-rata,N3 JLPT
外資,がいし,gaishi,foreign capital (e.g. in a company); foreign investment modal asing (misalnya di,suatu perusahaan);,N3 JLPT
外車,がいしゃ,gaisha,foreign car; imported car mobil asing; mobil impor,asing; luar negeri,N3 JLPT
外傷,がいしょう,gaishou,external injury; external wound; (physical) trauma cedera luar; luka luar; trauma (fisik).,eksternal; luar,N3 JLPT
外食,がいしょく,gaishoku,eating out; dining out makan di luar; makan di luar,makan di luar; makan di restoran,N3 JLPT
外信,がいしん,gaishin,external communication komunikasi eksternal,komunikasi,N3 JLPT
外需,がいじゅ,gaiju,foreign demand permintaan luar negeri,permintaan,N3 JLPT
外人,がいじん,gaijin,foreigner (esp. one of European ancestry); gaijin; whitey,orang asing (khususnya salah satu keturunan,N3 JLPT
街宣車,がいせんしゃ,gaisensha,"sound truck (used for campaigning, advertising or propaganda); loudspeaker van; (right-wing) propaganda vehicle",mobil pengeras suara; kendaraan propaganda,N3 JLPT
害虫,がいちゅう,gaichuu,harmful insect; noxious insect; pest serangga,berbahaya; serangga berbahaya; hama,N3 JLPT
外壁,がいへき,gaiheki,outer wall dinding luar,dinding luar; tembok luar,N3 JLPT
外務,がいむ,gaimu,foreign affairs urusan luar negeri,asing; luar negeri,N3 JLPT
外務省,がいむしょう,gaimushou,Ministry of Foreign Affairs,Kementerian Luar Negeri,N3 JLPT
外面,がいめん,gaimen,outer surface; outside; exterior,permukaan luar; di luar; eksterior,N3 JLPT
外野,がいや,gaiya,outfield lapangan luar,lapangan luar (baseball),N3 JLPT
外野手,がいやしゅ,gaiyashu,outfielder pemain luar,pemain luar (baseball),N3 JLPT
外遊,がいゆう,gaiyuu,foreign travel perjalanan luar negeri,asing; luar negeri,N3 JLPT
外洋,がいよう,gaiyou,open sea; ocean laut,terbuka; lautan,N3 JLPT
概要,がいよう,gaiyou,outline; summary; overview garis,besar; ringkasan; ikhtisar,N3 JLPT
外来語,がいらいご,gairaigo,"loanword (in Japanese, esp. one of Western origin); word of foreign origin kata pinjaman (dalam bahasa Jepang",khususnya,N3 JLPT
街路,がいろ,gairo,road; street; avenue jalan; jalan; jalan,jalan,N3 JLPT
街路樹,がいろじゅ,gairoju,roadside trees pepohonan pinggir jalan,pepohonan pinggir jalan,N3 JLPT
学位,がくい,gakui,(academic) degree gelar (akademik).,gelar; derajat; tingkat,N3 JLPT
学院,がくいん,gakuin,institute; academy lembaga; akademi,lembaga; akademi,N3 JLPT
学園,がくえん,gakuen,educational institution; school; academy lembaga,pendidikan; sekolah; akademi,N3 JLPT
学業,がくぎょう,gakugyou,studies; schoolwork; classwork studi; tugas sekolah; tugas,kelas,N3 JLPT
学際,がくさい,gakusai,interdisciplinary interdisipliner,interdisipliner; lintas disiplin,N3 JLPT
学識,がくしき,gakushiki,scholarship; scientific attainments beasiswa,pencapaian ilmiah,N3 JLPT
学習指導要領,がくしゅうしどうようりょ,う,gakushuushidouyouryou government course (curriculum) guidelines,pedoman kursus (kurikulum) pemerintah,N3 JLPT
楽章,がくしょう,gakushou,movement gerakan,gerakan; pergerakan,N3 JLPT
学生時代,がくせいじだい,gakuseijidai,student days hari-hari pelajar,murid; mahasiswa,N3 JLPT
学卒,がくそつ,gakusotsu,college graduate lulusan perguruan,tinggi,N3 JLPT
楽団,がくだん,gakudan,orchestra; band orkestra; pita,orkestra,N3 JLPT
学長,がくちょう,gakuchou,(university) president; chancellor; principal (universitas) presiden; kanselir,kepala sekolah,N3 JLPT
学徒,がくと,gakuto,student; follower; students and pupils pelajar; pengikut; siswa,dan murid,N3 JLPT
学童,がくどう,gakudou,schoolchild; pupil anak sekolah; murid,murid; anak sekolah,N3 JLPT
学内,がくない,gakunai,within the school di,dalam sekolah,N3 JLPT
学費,がくひ,gakuhi,tuition; school expenses biaya kuliah; biaya sekolah,sekolah,N3 JLPT
学部,がくぶ,gakubu,faculty (of a university); school; college fakultas (universitas); sekolah; perguruan,tinggi,N3 JLPT
額面,がくめん,gakumen,face value; par nilai nominal; setara,wajah; menghadapi,N3 JLPT
楽屋,がくや,gakuya,dressing room; green room; backstage ruang ganti; ruang,hijau; di belakang panggung,N3 JLPT
学割,がくわり,gakuwari,student discount diskon pelajar,murid; mahasiswa,N3 JLPT
がさがさ,がさがさ,gasagasa,rustling gemerisik,gemerisik; suara gemerisik,N3 JLPT
餓死,がし,gashi,(death from) starvation; starving to death (kematian,karena) kelaparan; mati kelaparan,N3 JLPT
画商,がしょう,gashou,picture dealer; commercial art gallery penjual gambar; galeri seni komersial,komersial,N3 JLPT
画像,がぞう,gazou,image; picture; portrait gambar; gambar; potret,refleksi,N3 JLPT
雅致,がち,gachi,artistry; good taste; elegance kesenian; selera,yang bagus; keanggunan,N3 JLPT
学界,がっかい,gakkai,academic world; academia; academic circles dunia akademis; akademisi,kalangan akademis,N3 JLPT
学会誌,がっかいし,gakkaishi,academic journal jurnal akademik,jurnal akademik,N3 JLPT
楽曲,がっきょく,gakkyoku,musical composition; tune komposisi musik; lagu,musikal; pertunjukan musik,N3 JLPT
学区,がっく,gakku,school district; school area,distrik sekolah; wilayah sekolah,N3 JLPT
学校法人,がっこうほうじん,gakkouhoujin,(legally) incorporated educational institution (secara sah) lembaga pendidikan,yang berbadan hukum,N3 JLPT
学校名,がっこうめい,gakkoumei,school name nama sekolah,sekolah,N3 JLPT
合作,がっさく,gassaku,collaboration; joint work kolaborasi; kerja,bersama,N3 JLPT
合宿,がっしゅく,gasshuku,lodging together; training camp; boarding house penginapan,bersama; kamp pelatihan; rumah kos,N3 JLPT
合唱団,がっしょうだん,gasshoudan,chorus group; choir,kelompok paduan suara; paduan suara,N3 JLPT
合奏,がっそう,gassou,"ensemble (e.g. orchestra, chamber group, etc.); concert ansambel (misalnya orkestra","kelompok kamar,",N3 JLPT
合併症,がっぺいしょう,gappeishou,complication komplikasi,komplikasi; kerumitan,N3 JLPT
がぶがぶ,がぶがぶ,gabugabu,gulping down (a drink); guzzling; chugging,meneguk (minuman); menenggak; menenggak,N3 JLPT
画面,がめん,gamen,"screen (of a TV, computer, etc.) layar (TV, komputer, dll.)",komputer,N3 JLPT
がやがや,がやがや,gayagaya,noisily (crowd of people talking); clamorously; in a hubbub berisik (kerumunan,orang berbicara); dengan riuh;,N3 JLPT
画用紙,がようし,gayoushi,drawing paper kertas gambar,kertas,N3 JLPT
がらん,がらん,garan,clanging berdentang,berdentang; berbunyi nyaring,N3 JLPT
がる,がる,garu,to show signs of being; to feel; to think,untuk menunjukkan tanda-tanda keberadaan; merasakan; untuk berpikir,N3 JLPT
瓦礫,がれき,gareki,rubble; debris; wreckage puing-puing; puing,reruntuhan,N3 JLPT
画廊,がろう,garou,art gallery (esp. artworks for sale); picture gallery galeri seni (khususnya karya seni,untuk dijual); galeri gambar,N3 JLPT
側,がわ,gawa,"side (of something, or taking someone's side); part sisi (dari","sesuatu, atau memihak seseorang);",N3 JLPT
願,がん,gan,prayer; wish; vow doa,mengharapkan; sumpah,N3 JLPT
元祖,がんそ,ganso,originator; pioneer; inventor pencetus; pelopor; penemu,perintis,N3 JLPT
元旦,がんたん,gantan,New Year's Day; first day of the year Hari Tahun,Baru; hari pertama tahun ini,N3 JLPT
頑張って,がんばって,ganbatte,do your best; go for it; hang in there lakukan,yang terbaik; lakukanlah; bertahanlah di sana,N3 JLPT
頑張り,がんばり,ganbari,tenacity; endurance kegigihan; daya tahan,kegigihan; ketangguhan; daya tahan; ketahanan,N3 JLPT
岩盤,がんばん,ganban,bedrock batuan dasar,batuan dasar; fondasi batuan,N3 JLPT
岸壁,がんぺき,ganpeki,quay; wharf; jetty dermaga; dermaga; dermaga,dermaga; pelabuhan,N3 JLPT
願望,がんぼう,ganbou,desire; wish; aspiration,keinginan; mengharapkan; aspirasi,N3 JLPT
元本,がんぽん,ganpon,principal; capital kepala sekolah; modal,pokok pinjaman; kepala; modal; ibu kota,N3 JLPT
顔面,がんめん,ganmen,face (of person) wajah (orang),wajah; menghadapi,N3 JLPT
含有,がんゆう,ganyuu,"containing (an ingredient, mineral, etc.)","mengandung (bahan, mineral, dll.)",N3 JLPT
機,き,ki,chance; opportunity kesempatan; peluang,kesempatan; peluang,N3 JLPT
気合,きあい,kiai,(fighting) spirit; motivation; effort (perjuangan) semangat; motivasi; usaha,upaya; usaha,N3 JLPT
奇異,きい,kii,odd; strange; queer aneh; aneh; aneh,aneh,N3 JLPT
棋院,きいん,kiin,go institution; go club; go hall,pergi ke institusi; pergi ke klub; pergi ke aula,N3 JLPT
起因,きいん,kiin,to be caused by; to result from; to arise from disebabkan oleh,hasil dari; untuk muncul dari,N3 JLPT
機運,きうん,kiun,opportunity; chance; good time (to do) peluang; peluang,saat yang tepat (untuk melakukan),N3 JLPT
気鋭,きえい,kiei,spirited; energetic bersemangat; energik,bersemangat; energik; bersemangat,N3 JLPT
気負い,きおい,kioi,eagerness; enthusiasm; fervor,keinginan; antusiasme; semangat,N3 JLPT
帰化,きか,kika,naturalization; naturalisation naturalisasi; naturalisasi,naturalisasi; kewarganegaraan,N3 JLPT
幾何,きか,kika,geometry geometri,geometri,N3 JLPT
機械化,きかいか,kikaika,mechanization; mechanisation mekanisasi,mekanisasi,N3 JLPT
幾何学,きかがく,kikagaku,geometry geometri,geometri,N3 JLPT
企画室,きかくしつ,kikakushitsu,planning office kantor,perencanaan,N3 JLPT
聞かす,きかす,kikasu,to let (someone) hear; to tell (e.g. a story); to inform (of),untuk membiarkan (seseorang) mendengar;,N3 JLPT
利かせる,きかせる,kikaseru,to bring out (the effect of); to put to good use; to make use of (e.g. threats),untuk memunculkan (efek dari); untuk,N3 JLPT
基幹,きかん,kikan,mainstay; nucleus; key,andalan; inti; kunci,N3 JLPT
帰還,きかん,kikan,return (home); repatriation,kembali (pulang); repatriasi,N3 JLPT
期間限定,きかんげんてい,kikangentei,limited time,waktu yang terbatas,N3 JLPT
機関紙,きかんし,kikanshi,bulletin; (party) organ buletin; (partai) organ,pemberitahuan,N3 JLPT
気管支,きかんし,kikanshi,bronchus; bronchial tube bronkus; tabung bronkial,bronkus; saluran bronkial,N3 JLPT
機関銃,きかんじゅう,kikanjuu,machine gun senapan,mesin,N3 JLPT
飢餓,きが,kiga,starvation; famine; hunger,kelaparan; kelaparan; kelaparan,N3 JLPT
気概,きがい,kigai,strong spirit; mettle; backbone semangat,yang kuat; keberanian; tulang punggung,N3 JLPT
気がかり,きがかり,kigakari,worry; anxiety; concern khawatir,kecemasan; kekhawatiran,N3 JLPT
気がつく,きがつく,kigatsuku,to notice; to realize; to realise,untuk memperhatikan; untuk menyadari; untuk menyadari,N3 JLPT
祈願,きがん,kigan,prayer (for something); supplication doa (untuk,sesuatu); permohonan,N3 JLPT
機器,きき,kiki,device; equipment; machinery,perangkat; peralatan; mesin,N3 JLPT
聞き書き,ききがき,kikigaki,writing down what one hears; account of what one hears menuliskan apa,yang didengarnya; menjelaskan,N3 JLPT
聞き手,ききて,kikite,hearer; listener; audience pendengar; pendengar; penonton,penonton; hadirin,N3 JLPT
棄却,ききゃく,kikyaku,rejection; dismissal; turning down,penolakan; pemecatan; menolak,N3 JLPT
帰休,ききゅう,kikyuu,leave; furlough pergi; cuti,pergi; cuti,N3 JLPT
気球,ききゅう,kikyuu,"balloon (hot-air, weather, etc.); blimp balon (udara panas, cuaca, dll.); balon udara",tampilan langit; tempat asal (suatu spesies tumbuhan atau,N3 JLPT
寄金,ききん,kikin,contribution; donation kontribusi,sumbangan,N3 JLPT
貴金属,ききんぞく,kikinzoku,precious metal logam mulia,berharga; istimewa,N3 JLPT
木々,きぎ,kigi,(many) trees; every tree; all kinds of trees (banyak) pohon,setiap pohon; semua jenis pohon,N3 JLPT
企業家,きぎょうか,kigyouka,industrialist; entrepreneur industrialis; pengusaha,wirausahawan; pengusaha,N3 JLPT
菊,きく,kiku,chrysanthemum (Chrysanthemum morifolium),krisan (Krisan morifolium),N3 JLPT
訊く,きく,kiku,to ask; to enquire; to query,untuk bertanya; untuk bertanya; untuk bertanya,N3 JLPT
気配り,きくばり,kikubari,care; attentiveness; attention peduli,perhatian; perhatian,N3 JLPT
危惧,きぐ,kigu,apprehension; misgivings; uneasiness,ketakutan; keraguan; kegelisahan,N3 JLPT
危険性,きけんせい,kikensei,(degree of) risk; riskiness; danger (derajat) risiko,keberisikoan; bahaya,N3 JLPT
紀元,きげん,kigen,era zaman,era; zaman,N3 JLPT
紀元前,きげんぜん,kigenzen,pre-era; BC; BCE pra-era; SM; SM,Sebelum Masehi (SM); BCE,N3 JLPT
寄港,きこう,kikou,calling at a port,menelepon di pelabuhan,N3 JLPT
紀行,きこう,kikou,traveller's journal; traveler's journal; travelogue jurnal,perjalanan; jurnal perjalanan; buku perjalanan,N3 JLPT
起工,きこう,kikou,setting to work pengaturan,untuk bekerja,N3 JLPT
帰国,きこく,kikoku,return to one's country,kembali ke negaranya,N3 JLPT
季語,きご,kigo,seasonal word (in haiku) kata,musiman (dalam haiku),N3 JLPT
気心,きごころ,kigokoro,temper; disposition marah,disposisi,N3 JLPT
起債,きさい,kisai,issuing of bonds,penerbitan obligasi,N3 JLPT
器材,きざい,kizai,tools and materials; equipment and materials alat,dan bahan; peralatan dan bahan,N3 JLPT
機材,きざい,kizai,machinery and materials; equipment mesin,dan material; peralatan,N3 JLPT
兆し,きざし,kizashi,sign; indication; omen tanda,tangan; indikasi; pertanda,N3 JLPT
刻み,きざみ,kizami,mincing; cutting; chopping cincang,pemotongan; memotong,N3 JLPT
棋士,きし,kishi,professional shogi player; professional go player pemain shogi profesional; pemain go profesional,pemain shogi/go profesional,N3 JLPT
騎士,きし,kishi,(medieval) knight ksatria (abad,pertengahan).,N3 JLPT
起死回生,きしかいせい,kishikaisei,revival from the brink of death; recovering from a hopeless situation; resuscitation kebangkitan,dari ambang kematian; pulih dari,N3 JLPT
岸辺,きしべ,kishibe,shore; bank (of a body of water) pantai; bank (dari badan air),bank,N3 JLPT
貴社,きしゃ,kisha,your company perusahaan,Anda,N3 JLPT
記者会見,きしゃかいけん,kishakaiken,press conference; news conference konferensi pers; konferensi pers,menekan; memeras,N3 JLPT
旗手,きしゅ,kishu,standard-bearer; flag-bearer pembawa standar; pembawa bendera,pembawa bendera; pelopor,N3 JLPT
機種,きしゅ,kishu,"model (of machine, device) model (mesin",perangkat),N3 JLPT
機首,きしゅ,kishu,nose (of plane) hidung (pesawat),hidung pesawat; moncong pesawat,N3 JLPT
騎手,きしゅ,kishu,horseman; rider; jockey penunggang kuda; pengendara; joki,penunggang kuda; joki,N3 JLPT
奇襲,きしゅう,kishuu,surprise attack serangan,mendadak,N3 JLPT
希少,きしょう,kishou,scarce; rare langka; jarang,langka; jarang,N3 JLPT
気性,きしょう,kishou,disposition; temperament; temper,disposisi; perangai; marah,N3 JLPT
気象台,きしょうだい,kishoudai,meteorological observatory observatorium,meteorologi,N3 JLPT
気象庁,きしょうちょう,kishouchou,(Japanese) Meteorological Agency; JMA (Jepang) Badan,Meteorologi; JMA,N3 JLPT
気象予報士,きしょうよほうし,kishouyohoushi,weather forecaster peramal cuaca,peramal cuaca; prakirawan,N3 JLPT
鬼神,きしん,kishin,fierce god tuhan,yang ganas,N3 JLPT
基軸,きじく,kijiku,basis; foundation; core dasar; dasar; inti,fondasi; dasar; yayasan,N3 JLPT
基準法,きじゅんほう,kijunhou,basic law hukum dasar,dasar; mendasar,N3 JLPT
机上,きじょう,kijou,on the desk di atas,meja,N3 JLPT
奇数,きすう,kisuu,odd number angka ganjil,angka; jumlah,N3 JLPT
傷跡,きずあと,kizuato,scar bekas luka,bekas luka; jaringan parut,N3 JLPT
築き上げる,きずきあげる,kizukiageru,to build; to construct; to put up,untuk membangun; untuk membangun; untuk memasang,N3 JLPT
傷口,きずぐち,kizuguchi,(opening of a) wound; cut (pembukaan a) luka; potong,memotong,N3 JLPT
傷つく,きずつく,kizutsuku,to be wounded; to get injured terluka,untuk terluka,N3 JLPT
傷つける,きずつける,kizutsukeru,to wound; to injure,untuk melukai; untuk melukai,N3 JLPT
絆,きずな,kizuna,bond (between people); (emotional) ties; bonds,ikatan (antar manusia); ikatan (emosional); obligasi,N3 JLPT
寄生,きせい,kisei,parasitism parasitisme,parasitisme,N3 JLPT
帰省,きせい,kisei,homecoming; returning home,kepulangan; kembali ke rumah,N3 JLPT
既成,きせい,kisei,established; existing; accomplished didirikan,yang ada; tercapai,N3 JLPT
既製,きせい,kisei,ready-made; off the shelf siap pakai,dari rak,N3 JLPT
棋聖,きせい,kisei,great master of go; great master of shogi ahli go,yang hebat; ahli shogi yang hebat,N3 JLPT
気勢,きせい,kisei,fervour; fervor; vigour semangat; semangat,kekuatan,N3 JLPT
既成事実,きせいじじつ,kiseijijitsu,established fact; fait accompli fakta,yang ada; fait accompli,N3 JLPT
寄生虫,きせいちゅう,kiseichuu,parasite parasit,parasit,N3 JLPT
奇跡,きせき,kiseki,miracle; wonder; marvel,keajaiban; rasa takjub; keajaiban,N3 JLPT
軌跡,きせき,kiseki,tire track jalur ban,jalur ban; bekas ban,N3 JLPT
気絶,きぜつ,kizetsu,faint; fainting; losing consciousness pingsan; pingsan,kehilangan kesadaran,N3 JLPT
起訴,きそ,kiso,prosecution; indictment penuntutan,dakwaan,N3 JLPT
競う,きそう,kisou,to compete; to contend; to vie,untuk bersaing; untuk bersaing; untuk bersaing,N3 JLPT
起草,きそう,kisou,drafting (e.g. a bill); drawing up,penyusunan (misalnya rancangan undang-undang); menggambar,N3 JLPT
起訴猶予,きそゆうよ,kisoyuuyo,suspension of indictment; leaving charge on the file penangguhan dakwaan; meninggalkan biaya,pada,N3 JLPT
既存,きそん,kison,existing yang,ada,N3 JLPT
毀損,きそん,kison,damage; injury; defamation kerusakan; cedera; pencemaran nama,baik,N3 JLPT
帰属,きぞく,kizoku,belonging; ascription; attribution milik,anggapan; atribusi,N3 JLPT
機体,きたい,kitai,fuselage; airframe badan pesawat; badan pesawat,badan pesawat terbang,N3 JLPT
期待感,きたいかん,kitaikan,sense of anticipation; feeling of expectation; feeling of hope rasa antisipasi,perasaan harapan; perasaan,N3 JLPT
北風,きたかぜ,kitakaze,north wind; northerly wind angin utara; angin utara,angin,N3 JLPT
北側,きたがわ,kitagawa,north side; north bank sisi utara; tepi utara,sisi utara; tepi utara,N3 JLPT
北九州,きたきゅうしゅう,kitakyuushuu,Kitakyushu (city) Kitakyushu (kota),Kitakyushu (kota),N3 JLPT
北口,きたぐち,kitaguchi,north entrance; north exit pintu masuk utara; pintu,keluar utara,N3 JLPT
北国,きたぐに,kitaguni,northern country negara utara,negara,N3 JLPT
北朝鮮,きたちょうせん,kitachousen,North Korea Korea Utara,Korea Utara,N3 JLPT
北アイルランド,きたアイルランド,kitaairurando,Northern Ireland Irlandia Utara,Irlandia Utara,N3 JLPT
基調,きちょう,kichou,basic tone; underlying tone; basic theme nada dasar; nada dasar; tema dasar,dasar; mendasar,N3 JLPT
機長,きちょう,kichou,captain (of an aircraft) kapten (dari pesawat,terbang),N3 JLPT
記帳,きちょう,kichou,registry; entry; book-keeping,pendaftaran; pintu masuk; pembukuan,N3 JLPT
貴重品,きちょうひん,kichouhin,valuable article; valuables artikel,berharga; barang berharga,N3 JLPT
切っ掛け,きっかけ,kikkake,chance; start; cue,kesempatan; awal; isyarat,N3 JLPT
喫茶,きっさ,kissa,tea drinking minum teh,minum teh,N3 JLPT
喫する,きっする,kissuru,to eat; to drink; to smoke,untuk makan; untuk minum; untuk merokok,N3 JLPT
屹度,きっと,kitto,surely; undoubtedly; almost certainly tentu saja; niscaya; hampir pasti,tentu saja,N3 JLPT
喫煙,きつえん,kitsuen,smoking (tobacco) merokok (tembakau),merokok,N3 JLPT
狐,きつね,kitsune,"fox (esp. the red fox, Vulpes vulpes) rubah (khususnya rubah","merah, Vulpes vulpes)",N3 JLPT
気遣い,きづかい,kizukai,consideration; concern; fear,pertimbangan; kekhawatiran; ketakutan,N3 JLPT
気づかれ,きづかれ,kizukare,mental fatigue; worry; boredom,kelelahan mental; khawatir; kebosanan,N3 JLPT
気づく,きづく,kizuku,to notice; to realize; to realise,untuk memperhatikan; untuk menyadari; untuk menyadari,N3 JLPT
既定,きてい,kitei,established; fixed; prearranged didirikan; tetap,sudah diatur sebelumnya,N3 JLPT
規程,きてい,kitei,official regulations; inner rules peraturan,resmi; aturan batin,N3 JLPT
汽笛,きてき,kiteki,steam whistle peluit uap,mengukus,N3 JLPT
帰途,きと,kito,(the) way home; return trip; (the) way back (jalan) pulang,perjalanan kembali; (yang) jalan kembali,N3 JLPT
気筒,きとう,kitou,cylinder silinder,silinder; tabung,N3 JLPT
危篤,きとく,kitoku,critical condition; being on the verge of death,kondisi kritis; berada di ambang kematian,N3 JLPT
既得権,きとくけん,kitokuken,vested rights hak,yang melekat,N3 JLPT
木戸,きど,kido,wicket gate; wooden door gerbang gawang; pintu kayu,pintu kecil; gerbang kayu,N3 JLPT
機動,きどう,kidou,maneuver (usu. of military force); manoeuvre manuver (biasanya,kekuatan militer); manuver,N3 JLPT
起動,きどう,kidou,startup; booting up; activation,memulai; booting; aktivasi,N3 JLPT
機動隊,きどうたい,kidoutai,riot police; riot squad polisi anti huru hara,pasukan anti huru hara,N3 JLPT
気取る,きどる,kidoru,to be affected; to put on airs,untuk terpengaruh; untuk mengudara,N3 JLPT
機内,きない,kinai,inside a plane; in-flight di,dalam pesawat; dalam penerbangan,N3 JLPT
気に入り,きにいり,kiniiri,favorite; favourite; pet (e.g. teacher's pet) favorit; favorit; hewan,peliharaan (misalnya hewan peliharaan guru),N3 JLPT
祈念,きねん,kinen,prayer doa,doa; ibadah,N3 JLPT
記念碑,きねんひ,kinenhi,commemorative plaque (usu. on a stone); stone monument (bearing an inscription) plakat,peringatan (biasanya di atas batu); tugu,N3 JLPT
記念日,きねんび,kinenbi,memorial day; commemoration day; anniversary hari,peringatan; hari peringatan; hari jadi,N3 JLPT
茸,きのこ,kinoko,mushroom jamur,jamur,N3 JLPT
気のせい,きのせい,kinosei,(just) one's imagination (hanya) imajinasi,seseorang,N3 JLPT
木の実,きのみ,kinomi,fruit of a tree; nut; berry buah,dari pohon; kacang; beri,N3 JLPT
気の向くままに,きのむくままに,kinomukumamani,at one's fancy (whim) sesuka hati (keinginan),di; pada,N3 JLPT
希薄,きはく,kihaku,thin (air); weak (liquid); dilute tipis (udara),lemah (cair); encerkan,N3 JLPT
気迫,きはく,kihaku,spirit; soul; drive semangat; jiwa,mengemudi,N3 JLPT
木場,きば,kiba,lumberyard tempat penebangan kayu,gudang kayu; tempat penjualan kayu,N3 JLPT
騎馬,きば,kiba,horse riding; horseback riding; horseback rider,menunggang kuda; menunggang kuda; penunggang kuda,N3 JLPT
起爆,きばく,kibaku,ignition; detonation; triggering,pengapian; ledakan; memicu,N3 JLPT
奇抜,きばつ,kibatsu,(very) unusual; unconventional; eccentric (sangat),tidak biasa; inkonvensional; eksentrik,N3 JLPT
厳しさ,きびしさ,kibishisa,severity; strictness; intensity,tingkat keparahan; kekerasan; intensitas,N3 JLPT
機敏,きびん,kibin,quick; prompt; alert,cepat; mengingatkan; waspada,N3 JLPT
器物,きぶつ,kibutsu,receptacle; container; vessel wadah; wadah; kapal,pembuluh,N3 JLPT
気分転換,きぶんてんかん,kibuntenkan,change of pace; change of mood; (mental) break (e.g. going for a walk),perubahan kecepatan; perubahan suasana hati;,N3 JLPT
基本的,きほんてき,kihonteki,fundamental; basic mendasar; dasar,fundamental; mendasar,N3 JLPT
基本料金,きほんりょうきん,kihonryoukin,"basic rate (i.e. excluding optional service fees, usage charges, etc.); basic charge; base cost tarif dasar (yaitu",tidak termasuk biaya layanan,N3 JLPT
気前,きまえ,kimae,generosity kemurahan hati,kedermawanan,N3 JLPT
決まって,きまって,kimatte,always; without fail; invariably selalu; tanpa gagal; selalu,selalu,N3 JLPT
気まま,きまま,kimama,willful; wilful; selfish,disengaja; disengaja; egois,N3 JLPT
君が代,きみがよ,kimigayo,Imperial reign Pemerintahan,kekaisaran,N3 JLPT
君たち,きみたち,kimitachi,you (plural); all of you; you all,kamu (jamak); kalian semua; kalian semua,N3 JLPT
機密,きみつ,kimitsu,secrecy; highly classified information kerahasiaan; informasi,yang sangat rahasia,N3 JLPT
気難しい,きむずかしい,kimuzukashii,hard to please; difficult; particular,sulit untuk menyenangkan; sulit; tertentu,N3 JLPT
決め,きめ,kime,agreement; rule; arrangement,kesepakatan; aturan; pengaturan,N3 JLPT
決め球,きめだま,kimedama,winning pitch nada,kemenangan,N3 JLPT
決め付ける,きめつける,kimetsukeru,to fix upon (one-sidedly); to (ignore someone's position and) arbitrarily decide something is the case,memperbaiki; menetapkan,N3 JLPT
決め手,きめて,kimete,decider; person who decides penentu,orang yang mengambil keputusan,N3 JLPT
肝,きも,kimo,liver; innards hati,jeroan,N3 JLPT
気持ちいい,きもちいい,kimochiii,pleasant (of a sensation); comfortable; nice menyenangkan (dari,suatu sensasi); nyaman; Bagus,N3 JLPT
気持ち悪い,きもちわるい,kimochiwarui,unpleasant; revolting; repulsive,tidak menyenangkan; menjijikkan; menjijikkan,N3 JLPT
客足,きゃくあし,kyakuashi,customer traffic; customers; custom lalu lintas,pelanggan; pelanggan; adat,N3 JLPT
客員,きゃくいん,kyakuin,guest member; associate,member; honorary member anggota tamu; anggota asosiasi; anggota,N3 JLPT
客室,きゃくしつ,kyakushitsu,guest room (at a hotel); guest cabin (on a boat); passenger cabin (on a plane) kamar tamu (di hotel); kabin tamu (di atas kapal);,kamar; ruangan,N3 JLPT
客車,きゃくしゃ,kyakusha,passenger car; passenger carriage mobil penumpang; gerbong penumpang,lewat; melewati,N3 JLPT
客船,きゃくせん,kyakusen,passenger boat perahu penumpang,lewat; melewati,N3 JLPT
客観的,きゃっかんてき,kyakkanteki,objective objektif,tujuan; objektif,N3 JLPT
脚光,きゃっこう,kyakkou,footlight; limelight lampu kaki; pusat,perhatian,N3 JLPT
球威,きゅうい,kyuui,(pitcher's) stuff barang-barang (kendi).,persediaan; barang-barang,N3 JLPT
球界,きゅうかい,kyuukai,the baseball world dunia bisbol,(kata sandang),N3 JLPT
休刊,きゅうかん,kyuukan,suspension of publication,penangguhan publikasi,N3 JLPT
休館,きゅうかん,kyuukan,"closure (of a library, museum, etc.)","penutupan (perpustakaan, museum, dll.)",N3 JLPT
救急,きゅうきゅう,kyuukyuu,first-aid; emergency (aid) pertolongan,pertama; darurat (bantuan),N3 JLPT
救急医療,きゅうきゅういりょう,kyuukyuuiryou,emergency medicine pengobatan darurat,darurat,N3 JLPT
救急車,きゅうきゅうしゃ,kyuukyuusha,ambulance ambulans,ambulans,N3 JLPT
救急箱,きゅうきゅうばこ,kyuukyuubako,first-aid kit kotak pertolongan,pertama,N3 JLPT
急遽,きゅうきょ,kyuukyo,hurriedly; in a hurry; hastily tergesa-gesa; sedang terburu-buru; tergesa-gesa,dalam; di,N3 JLPT
球菌,きゅうきん,kyuukin,coccus kokus,kokus; bakteri bulat,N3 JLPT
球技,きゅうぎ,kyuugi,"ball game (e.g. baseball, tennis, soccer)","permainan bola (misalnya baseball, tenis, sepak bola)",N3 JLPT
求刑,きゅうけい,kyuukei,recommended sentence; prosecution's demand for punishment kalimat,yang direkomendasikan; tuntutan,N3 JLPT
休憩時間,きゅうけいじかん,kyuukeijikan,rest period; intermission; break time,waktu istirahat; istirahat; waktu istirahat,N3 JLPT
休憩所,きゅうけいじょ,kyuukeijo,rest area; rest stop; service area (next to a highway),tempat istirahat; tempat peristirahatan; area,N3 JLPT
吸血鬼,きゅうけつき,kyuuketsuki,vampire; bloodsucker vampir; pengisap darah,vampir; pengisap darah,N3 JLPT
休校,きゅうこう,kyuukou,(temporary) closure of school (sementara),penutupan sekolah,N3 JLPT
救国,きゅうこく,kyuukoku,salvation of one's country keselamatan negara,seseorang,N3 JLPT
休止,きゅうし,kyuushi,pause; suspension; rest jeda,penangguhan; istirahat,N3 JLPT
急死,きゅうし,kyuushi,sudden death kematian,mendadak,N3 JLPT
旧式,きゅうしき,kyuushiki,old type; old style tipe,lama; gaya lama,N3 JLPT
九州,きゅうしゅう,kyuushuu,Kyūshū (southernmost of the four main islands of Japan) Kyūshū (paling selatan,dari empat pulau utama,N3 JLPT
救出,きゅうしゅつ,kyuushutsu,rescue; extricate; reclaim,penyelamatan; melepaskan; merebut kembali,N3 JLPT
急所,きゅうしょ,kyuusho,vital part (of the body); tender spot; weak point bagian vital (tubuh),tempat empuk; titik lemah,N3 JLPT
旧正月,きゅうしょうがつ,kyuushougatsu,lunar New Year (esp. the Chinese New Year) Tahun,Baru Imlek (khususnya Tahun Baru Imlek),N3 JLPT
休職,きゅうしょく,kyuushoku,temporary retirement; leave of absence; suspension from office pensiun sementara; cuti,pemberhentian,N3 JLPT
求職,きゅうしょく,kyuushoku,job hunting; seeking employment,mencari pekerjaan; mencari pekerjaan,N3 JLPT
急伸,きゅうしん,kyuushin,sudden rise (esp. of stock prices); jump,kenaikan mendadak (khususnya harga saham); melompat,N3 JLPT
急進,きゅうしん,kyuushin,rapid progress; radical progress,kemajuan pesat; kemajuan radikal,N3 JLPT
求心力,きゅうしんりょく,kyuushinryoku,centripetal force gaya sentripetal,kekuatan; gaya,N3 JLPT
休日,きゅうじつ,kyuujitsu,holiday; day off hari libur; hari libur,hari; siang,N3 JLPT
９０,きゅうじゅう,kyuujuu,ninety; 90,sembilan puluh; 90,N3 JLPT
休場,きゅうじょう,kyuujou,"(temporary) closure (of a theater, entertainment venue, etc.) penutupan (sementara) (teater","tempat hiburan,",N3 JLPT
球場,きゅうじょう,kyuujou,baseball stadium; ballpark stadion bisbol,kasarnya,N3 JLPT
窮状,きゅうじょう,kyuujou,distress; wretched condition kesusahan,kondisi yang menyedihkan,N3 JLPT
求人,きゅうじん,kyuujin,recruiting; job offer; job vacancy,merekrut; tawaran pekerjaan; lowongan pekerjaan,N3 JLPT
給水,きゅうすい,kyuusui,water supply; supplied water; water refill,pasokan air; pasokan air; isi ulang air,N3 JLPT
休する,きゅうする,kyuusuru,to come to an end,untuk berakhir,N3 JLPT
急性,きゅうせい,kyuusei,acute (illness) akut (penyakit),akut,N3 JLPT
旧制,きゅうせい,kyuusei,old system; old order sistem,lama; pesanan lama,N3 JLPT
旧姓,きゅうせい,kyuusei,one's original family name; maiden name nama keluarga asli,seseorang; nama gadis,N3 JLPT
救世主,きゅうせいしゅ,kyuuseishu,saviour; savior; messiah penyelamat; penyelamat,mesias,N3 JLPT
急成長,きゅうせいちょう,kyuuseichou,rapid growth pertumbuhan,yang cepat,N3 JLPT
急増,きゅうぞう,kyuuzou,rapid increase; sharp rise; proliferation,peningkatan pesat; kenaikan tajam; proliferasi,N3 JLPT
旧態,きゅうたい,kyuutai,old state of affairs,keadaan lama,N3 JLPT
球団,きゅうだん,kyuudan,baseball team tim bisbol,tim,N3 JLPT
窮地,きゅうち,kyuuchi,dilemma; predicament dilema,kesulitan,N3 JLPT
宮中,きゅうちゅう,kyuuchuu,imperial court istana,kekaisaran,N3 JLPT
宮廷,きゅうてい,kyuutei,imperial court; royal court istana,kekaisaran; istana kerajaan,N3 JLPT
急騰,きゅうとう,kyuutou,sudden rise (in price); sharp rise; jump,kenaikan mendadak (harga); kenaikan tajam; melompat,N3 JLPT
旧派,きゅうは,kyuuha,old school; old style sekolah,tua; gaya lama,N3 JLPT
急病,きゅうびょう,kyuubyou,sudden illness penyakit,mendadak,N3 JLPT
給付,きゅうふ,kyuufu,provision (of money or goods); furnishing; conferral penyediaan (uang,atau barang); perabotan;,N3 JLPT
急変,きゅうへん,kyuuhen,sudden turn; sudden change,belokan tiba-tiba; perubahan mendadak,N3 JLPT
急務,きゅうむ,kyuumu,urgent business; pressing need; imperative urusan mendesak; kebutuhan mendesak,penting,N3 JLPT
救命,きゅうめい,kyuumei,lifesaving menyelamatkan nyawa,penyelamatan nyawa,N3 JLPT
究明,きゅうめい,kyuumei,investigation (esp. in academic and scientific contexts); finding out the facts; bringing (a matter) to light,ilmiah,N3 JLPT
給油,きゅうゆ,kyuuyu,"refueling (a car, plane, etc.)","pengisian bahan bakar (mobil, pesawat, dll.)",N3 JLPT
給油所,きゅうゆじょ,kyuuyujo,gas station; petrol station; filling station pompa bensin; pompa bensin; stasiun,pengisian bahan bakar,N3 JLPT
急用,きゅうよう,kyuuyou,urgent business urusan,mendesak,N3 JLPT
旧来,きゅうらい,kyuurai,traditional; from ancient times; formerly tradisional,dari zaman kuno; sebelumnya,N3 JLPT
急落,きゅうらく,kyuuraku,sudden fall; sharp fall; sudden drop jatuh tiba-tiba,kejatuhan tajam; penurunan tiba-tiba,N3 JLPT
胡瓜,きゅうり,kyuuri,cucumber (Cucumis sativus),mentimun (Cucumis sativus),N3 JLPT
急ピッチ,きゅうピッチ,kyuupicchi,quick pace langkah,cepat,N3 JLPT
京,きょう,kyou,imperial capital (esp. Kyoto) ibukota,kekaisaran (khususnya Kyoto),N3 JLPT
卿,きょう,kyou,Lord; Sir Tuhan; Pak,Tuhan; Tuan; Pak,N3 JLPT
経,きょう,kyou,sutra; Buddhist scriptures sutra; kitab suci Buddha,sutra; kitab suci Buddha,N3 JLPT
興,きょう,kyou,interest; entertainment; pleasure bunga,hiburan; kesenangan,N3 JLPT
凶悪,きょうあく,kyouaku,atrocious; heinous; fiendish,mengerikan; mengerikan; jahat,N3 JLPT
脅威,きょうい,kyoui,threat; menace ancaman,ancaman,N3 JLPT
教育委員会,きょういくいいんかい,kyouikuiinkai,Board of Education Dewan,Pendidikan,N2 JLPT
教育者,きょういくしゃ,kyouikusha,educator; teacher; educationalist pendidik; guru; pendidik,guru,N2 JLPT
教育的,きょういくてき,kyouikuteki,educational; instructive pendidikan; instruktif,pendidikan,N2 JLPT
教員,きょういん,kyouin,teacher; instructor; teaching staff guru; pengajar; staf pengajar,guru,N2 JLPT
共栄,きょうえい,kyouei,mutual prosperity kemakmuran,bersama,N2 JLPT
競泳,きょうえい,kyouei,competitive swimming; swimming race renang kompetitif; lomba renang,kompetitif,N2 JLPT
共演,きょうえん,kyouen,"appearing together (in a film, play, etc.)","performing together (at a concert, etc.); acting together",N2 JLPT
競演,きょうえん,kyouen,contest (between performers); competitive,performance kontes (antar pemain); kinerja kompetitif,N2 JLPT
恐喝,きょうかつ,kyoukatsu,blackmail; extortion; threat (to extort money),pemerasan; pemerasan; ancaman (untuk memeras uang),N2 JLPT
教官,きょうかん,kyoukan,teacher; instructor; professor guru; pengajar; profesor,guru,N2 JLPT
驚愕,きょうがく,kyougaku,astonishment; amazement; surprise,keheranan; keheranan; kejutan,N2 JLPT
凶器,きょうき,kyouki,dangerous weapon; lethal weapon; deadly weapon senjata,berbahaya; senjata mematikan; senjata mematikan,N2 JLPT
狂気,きょうき,kyouki,madness; insanity kegilaan,kegilaan,N2 JLPT
橋脚,きょうきゃく,kyoukyaku,bridge pier; pontoon bridge dermaga,jembatan; jembatan ponton,N2 JLPT
競技場,きょうぎじょう,kyougijou,stadium; (sports) ground; (playing) field stadion,lapangan (olahraga); (bermain) lapangan,N2 JLPT
強権,きょうけん,kyouken,strong power of the state; iron fist; heavy hand kekuatan negara,yang kuat; tangan besi; tangan yang berat,N2 JLPT
狂言,きょうげん,kyougen,kyogen; farce presented between noh plays or during the interlude of a noh play kyogen; lelucon,yang disajikan di sela-sela lakon,N2 JLPT
強固,きょうこ,kyouko,firm; strong; solid tegas,kuat; padat,N2 JLPT
恐慌,きょうこう,kyoukou,panic; scare; alarm panik,ketakutan; alarm,N2 JLPT
強行採決,きょうこうさいけつ,kyoukousaiketsu,forced passage (of a bill,"measure, resolution, etc.); railroading; steamrolling pengesahan paksa (RUU, tindakan, resolusi, dll.);",N2 JLPT
今日この頃,きょうこのごろ,kyoukonogoro,these days; nowadays; recently hari,ini; dewasa ini; baru-baru ini,N2 JLPT
強豪,きょうごう,kyougou,overwhelming strength; extremely strong person; powerhouse kekuatan luar biasa,orang yang sangat kuat;,N2 JLPT
競合,きょうごう,kyougou,contention; competition; rivalry,perselisihan; kompetisi; persaingan,N2 JLPT
競合他社,きょうごうたしゃ,kyougoutasha,competing companies; rival companies,perusahaan pesaing; perusahaan saingan,N2 JLPT
共催,きょうさい,kyousai,joint sponsorship (of an event); cosponsorship; joint hosting sponsorship,bersama (suatu acara); sponsor,N2 JLPT
共済,きょうさい,kyousai,mutual aid saling,membantu,N2 JLPT
共産,きょうさん,kyousan,communism komunisme,komunisme,N2 JLPT
協賛,きょうさん,kyousan,support; mutual aid; cooperation dukungan; saling,membantu; kerja sama,N2 JLPT
共産主義,きょうさんしゅぎ,kyousanshugi,communism komunisme,komunisme,N2 JLPT
共産党,きょうさんとう,kyousantou,Communist Party Partai Komunis,Partai Komunis,N2 JLPT
教師,きょうし,kyoushi,teacher; instructor guru; instruktur,guru,N2 JLPT
強者,きょうしゃ,kyousha,strong person; the strong; the powerful,orang yang kuat; yang kuat; yang berkuasa,N2 JLPT
教書,きょうしょ,kyousho,message (delivered by the US president or a state governor); address pesan (disampaikan oleh presiden AS,atau,N2 JLPT
教職員,きょうしょくいん,kyoushokuin,teaching staff; faculty staf pengajar; fakultas,pengajaran; mengajar,N2 JLPT
狭心症,きょうしんしょう,kyoushinshou,angina pectoris angina pektoris,angina pektoris; nyeri dada,N2 JLPT
供述,きょうじゅつ,kyoujutsu,affidavit; deposition; testimony,pernyataan tertulis; endapan; kesaksian,N2 JLPT
共生,きょうせい,kyousei,coexistence; living together hidup berdampingan; hidup,bersama,N2 JLPT
矯正,きょうせい,kyousei,"correction (of a fault, defect, flaw, etc.); remedy; rectification koreksi (kesalahan, cacat, cacat, dll.);",cacat; kekurangan,N2 JLPT
強制的,きょうせいてき,kyouseiteki,forced; compulsory dipaksa; wajib,dipaksa; wajib; terpaksa,N2 JLPT
教祖,きょうそ,kyouso,founder of a religious sect pendiri sekte agama,pendiri sekte agama; pendiri aliran,N2 JLPT
競走,きょうそう,kyousou,race; run; dash ras,berlari; tanda hubung,N2 JLPT
協奏曲,きょうそうきょく,kyousoukyoku,concerto konser,konser; konserto,N2 JLPT
競争入札,きょうそうにゅうさつ,kyousounyuusatsu,competitive bidding (esp. for government contracts) penawaran kompetitif (khususnya,untuk kontrak,N2 JLPT
競走馬,きょうそうば,kyousouba,racehorse kuda pacuan,kuda pacuan,N2 JLPT
競争力,きょうそうりょく,kyousouryoku,competitiveness; competitive edge; competitive power daya saing,keunggulan kompetitif; kekuatan,N2 JLPT
筐体,きょうたい,kyoutai,"case (of a machine, computer, etc.); casing; cabinet (arcade games) kasus (dari","mesin, komputer, dll.); selubung;",N2 JLPT
強打,きょうだ,kyouda,heavy blow; thump; wallop pukulan,berat; berdebar; pukulan keras,N2 JLPT
強大,きょうだい,kyoudai,powerful; strong; mighty,kuat; kuat; perkasa,N2 JLPT
教団,きょうだん,kyoudan,religious organization; religious organisation organisasi,keagamaan; organisasi keagamaan,N2 JLPT
教壇,きょうだん,kyoudan,(teacher's) platform; podium; dais platform (guru); mimbar; mimbar,podium guru; mimbar; panggung,N2 JLPT
境地,きょうち,kyouchi,state (of mind); mental state; emotional condition,keadaan (pikiran); kondisi mental; kondisi emosional,N2 JLPT
胸中,きょうちゅう,kyouchuu,one's heart; one's mind; one's intentions hati,seseorang; pikiran seseorang; niat seseorang,N2 JLPT
共著,きょうちょ,kyoucho,joint authorship; co-authorship; collaboration kepengarangan,bersama; penulisan bersama; kolaborasi,N2 JLPT
共通語,きょうつうご,kyoutsuugo,common language; lingua franca bahasa,umum; bahasa pergaulan,N2 JLPT
共通点,きょうつうてん,kyoutsuuten,point in common; common feature kesamaan; fitur,umum,N2 JLPT
競艇,きょうてい,kyoutei,kyōtei; boat race; hydroplane racing event and gambling sport in Japan kyotei; lomba,perahu; acara balap pesawat,N2 JLPT
強敵,きょうてき,kyouteki,formidable enemy; strong enemy; tough enemy musuh,yang tangguh; musuh yang kuat; musuh yang tangguh,N2 JLPT
京都,きょうと,kyouto,"Kyoto (city, prefecture) Kyoto (kota, prefektur)","Kyoto (kota, prefektur)",N2 JLPT
教徒,きょうと,kyouto,believer; adherent,orang percaya; patuh,N2 JLPT
共闘,きょうとう,kyoutou,joint struggle; common (united) front perjuangan,bersama; depan umum (bersatu).,N2 JLPT
教頭,きょうとう,kyoutou,deputy head teacher; vice principal wakil,kepala sekolah; wakil kepala sekolah,N2 JLPT
強度,きょうど,kyoudo,strength; intensity kekuatan; intensitas,kekuatan,N2 JLPT
協同組合,きょうどうくみあい,kyoudoukumiai,cooperative; association; partnership koperasi; asosiasi,kemitraan,N2 JLPT
共同体,きょうどうたい,kyoudoutai,cooperative body; cooperative system; collective badan koperasi; sistem koperasi; kolektif,kooperatif; kolektif; bersama,N2 JLPT
共犯,きょうはん,kyouhan,complicity keterlibatan,keterlibatan; persekongkolan,N2 JLPT
競売,きょうばい,kyoubai,auction lelang,lelang,N2 JLPT
強風,きょうふう,kyoufuu,strong wind; high wind; moderate gale angin,kencang; angin kencang; angin kencang sedang,N2 JLPT
胸部,きょうぶ,kyoubu,chest; breast dada; payudara,dada; payudara,N2 JLPT
競歩,きょうほ,kyouho,racewalking; race walking; walking race jalan,cepat; gerak jalan; lomba jalan kaki,N2 JLPT
共謀,きょうぼう,kyoubou,conspiracy; collusion; complicity konspirasi; kolusi,keterlibatan,N2 JLPT
興味津々,きょうみしんしん,kyoumishinshin,very interesting; of absorbing interest; having a keen interest (in) sangat,menarik; menyerap bunga; mempunyai,N2 JLPT
興味深い,きょうみぶかい,kyoumibukai,very interesting; of great interest sangat,menarik; sangat menarik,N2 JLPT
教務,きょうむ,kyoumu,school affairs; religious affairs,urusan sekolah; urusan agama,N2 JLPT
教諭,きょうゆ,kyouyu,(licensed) teacher (berlisensi) guru,guru,N2 JLPT
共有,きょうゆう,kyouyuu,joint ownership; co-ownership; sharing (e.g. a viewpoint) kepemilikan,bersama; kepemilikan bersama;,N2 JLPT
供与,きょうよ,kyouyo,giving; provision; furnishing,memberi; persediaan; perabotan,N2 JLPT
共用,きょうよう,kyouyou,common use; communal use; sharing,penggunaan umum; penggunaan komunal; berbagi,N2 JLPT
強要,きょうよう,kyouyou,coercion; extortion; compulsion,paksaan; pemerasan; paksaan,N2 JLPT
狂乱,きょうらん,kyouran,fury; frenzy; madness,kemarahan; kegilaan; kegilaan,N2 JLPT
共立,きょうりつ,kyouritsu,joint; common,bersama; umum,N2 JLPT
恐竜,きょうりゅう,kyouryuu,dinosaur dinosaurus,dinosaurus,N2 JLPT
協和,きょうわ,kyouwa,concord; harmony; concert,kerukunan; harmoni; konser,N2 JLPT
共和国,きょうわこく,kyouwakoku,republic; commonwealth republik,persemakmuran,N2 JLPT
共和制,きょうわせい,kyouwasei,republican form of government; republicanism bentuk,pemerintahan republik; republikanisme,N2 JLPT
共和党,きょうわとう,kyouwatou,Republican Party Partai Republik,republik,N2 JLPT
虚栄心,きょえいしん,kyoeishin,vanity kesombongan,kesombongan; kesia-siaan,N2 JLPT
巨額,きょがく,kyogaku,huge sum (esp. of money); enormous sum; massive amount jumlah,yang sangat besar (khususnya uang);,N2 JLPT
虚偽,きょぎ,kyogi,falsehood; untruth; lie,kepalsuan; kebohongan; berbohong,N2 JLPT
曲,きょく,kyoku,composition; piece of music; song komposisi; karya musik; lagu,organisasi,N2 JLPT
局員,きょくいん,kyokuin,"clerk; (bureau, post-office) staff petugas; (biro, kantor pos).",staf; karyawan,N2 JLPT
極右,きょくう,kyokuu,far right (in politics); extreme right; ultraright sayap kanan (dalam politik); ekstrim kanan,ultrakanan,N2 JLPT
極限,きょくげん,kyokugen,utmost limits; extremity batas maksimal; ekstremitas,ujung; ekstremitas,N2 JLPT
曲折,きょくせつ,kyokusetsu,bending; winding; meandering,membungkuk; lekok; berkelok-kelok,N2 JLPT
局地,きょくち,kyokuchi,locality; local area; limited area lokalitas; wilayah setempat; wilayah,terbatas,N2 JLPT
局長,きょくちょう,kyokuchou,bureau director; office chief,direktur biro; kepala kantor,N2 JLPT
極東,きょくとう,kyokutou,Far East Timur Jauh,Timur Jauh,N2 JLPT
極度,きょくど,kyokudo,maximum; extreme; utmost maksimal; ekstrim,sepenuhnya,N2 JLPT
局面,きょくめん,kyokumen,position in a game; state of the game posisi,dalam permainan; keadaan permainan,N2 JLPT
曲目,きょくもく,kyokumoku,name of a piece of music; (musical) number nama,sebuah karya musik; nomor (musik).,N2 JLPT
極力,きょくりょく,kyokuryoku,to the utmost; to the best of one's ability semaksimal mungkin,dengan kemampuan terbaiknya,N2 JLPT
虚構,きょこう,kyokou,fiction; fabrication; concoction fiksi,pembuatan; ramuan,N2 JLPT
挙式,きょしき,kyoshiki,holding a ceremony; wedding ceremony,mengadakan upacara; upacara pernikahan,N2 JLPT
居室,きょしつ,kyoshitsu,living room ruang tamu,kamar; ruangan,N2 JLPT
巨視的,きょしてき,kyoshiteki,macroscopic makroskopis,makroskopis,N2 JLPT
去就,きょしゅう,kyoshuu,leaving or staying pergi,atau tinggal,N2 JLPT
拠出,きょしゅつ,kyoshutsu,donation; contribution sumbangan; kontribusi,kontribusi,N2 JLPT
巨匠,きょしょう,kyoshou,master; masterhand; maestro,menguasai; ahli; maestro,N2 JLPT
居住者,きょじゅうしゃ,kyojuusha,resident; inhabitant penduduk; penduduk,penduduk; penghuni,N2 JLPT
巨人,きょじん,kyojin,giant; great man raksasa; pria hebat,sangat baik,N2 JLPT
拒絶反応,きょぜつはんのう,kyozetsuhannou,(transplant) rejection (transplantasi),penolakan,N2 JLPT
巨体,きょたい,kyotai,huge body; large build tubuh,besar; bangunan besar,N2 JLPT
許諾,きょだく,kyodaku,consent; assent; approval,persetujuan; persetujuan; persetujuan,N2 JLPT
拠点,きょてん,kyoten,base (of operations); site; location basis (operasi); lokasi; lokasi,mendasarkan,N2 JLPT
挙党,きょとう,kyotou,whole party; party as a whole seluruh pesta; pesta,secara keseluruhan,N2 JLPT
拒否権,きょひけん,kyohiken,right of veto hak veto,hak,N2 JLPT
虚無,きょむ,kyomu,nihility; nothingness nihilitas,ketiadaan,N2 JLPT
距離,きょり,kyori,distance; range; interval jarak; jangkauan; selang,waktu,N2 JLPT
起用,きよう,kiyou,"appointment (to a position, job, etc.); being used for a role; promotion penunjukan (untuk","suatu posisi, pekerjaan, dll.);",N2 JLPT
機雷,きらい,kirai,(sea) mine (laut) milikku,ranjau laut,N2 JLPT
気楽,きらく,kiraku,carefree; comfortable; at ease riang; nyaman,dengan nyaman,N2 JLPT
切らす,きらす,kirasu,to run out of; to be short of; to be out of stock kehabisan,menjadi kekurangan; kehabisan stok,N2 JLPT
煌びやか,きらびやか,kirabiyaka,gorgeous; gaudy; dazzling cantik,mencolok; mempesona,N2 JLPT
桐,きり,kiri,paulownia (Paulownia tomentosa); empress tree; foxglove tree paulownia (Paulownia tomentosa); pohon,pohon,N2 JLPT
切り替え,きりかえ,kirikae,exchange; conversion; replacement,pertukaran; konversi; penggantian,N2 JLPT
切り替える,きりかえる,kirikaeru,to change; to switch; to change over (to),untuk mengubah; untuk beralih; untuk mengubah (ke),N2 JLPT
切りがない,きりがない,kiriganai,endless; boundless; innumerable tak,ada habisnya; tak terbatas; tak terhitung banyaknya,N2 JLPT
切り口,きりくち,kirikuchi,cut end; section; opening potong ujung,bagian; pembukaan,N2 JLPT
切り下げ,きりさげ,kirisage,devaluation (e.g. of currency); markdown; write-down devaluasi (misalnya mata uang),penurunan,N2 JLPT
霧雨,きりさめ,kirisame,drizzle; light rain gerimis; hujan,ringan,N2 JLPT
切り捨て,きりすて,kirisute,cutting a person down (without a second thought); sacrificing; throwing to the wolves menebas,seseorang (tanpa berpikir dua kali);,N2 JLPT
切り捨てる,きりすてる,kirisuteru,to cut off and throw away,untuk memotong dan membuang,N2 JLPT
起立,きりつ,kiritsu,standing up berdiri,berdiri,N2 JLPT
切り抜き,きりぬき,kirinuki,"clipping (of newspaper article, etc.); cutting; scrap (for a scrapbook) kliping (artikel surat kabar, dll)",pemotongan;,N2 JLPT
切り札,きりふだ,kirifuda,trump; trump card truf; kartu truf,kartu truf; kartu andalan,N2 JLPT
気力,きりょく,kiryoku,willpower; energy; vitality kemauan,keras; energi; vitalitas,N2 JLPT
麒麟,きりん,kirin,giraffe (Giraffa camelopardalis) jerapah (Giraffa camelopardalis),jerapah,N2 JLPT
切れ味,きれあじ,kireaji,sharpness; cutting ability,ketajaman; kemampuan memotong,N2 JLPT
亀裂,きれつ,kiretsu,crack; crevice; fissure,retakan; celah; celah,N2 JLPT
岐路,きろ,kiro,forked road; crossroads jalan,bercabang; persimpangan jalan,N2 JLPT
記録的,きろくてき,kirokuteki,record; record-setting; record-breaking,catatan; pembuatan rekor; memecahkan rekor,N2 JLPT
際立つ,きわだつ,kiwadatsu,to be prominent; to be conspicuous; to stand out,menjadi menonjol; menjadi mencolok; untuk menonjol,N2 JLPT
極まる,きわまる,kiwamaru,to reach an extreme; to reach a limit; to terminate,untuk mencapai titik ekstrem; untuk mencapai batas; untuk mengakhiri,N2 JLPT
極める,きわめる,kiwameru,to carry to extremes; to go to the end of something; to reach the limits of something,untuk bertindak ekstrem; untuk mencapai akhir,N2 JLPT
気をつける,きをつける,kiwotsukeru,to be careful; to pay attention; to take care,untuk berhati-hati; untuk memperhatikan; untuk berhati-hati,N2 JLPT
均一,きんいつ,kinitsu,uniformity; equality keseragaman,kesetaraan,N2 JLPT
金色,きんいろ,kiniro,"gold (colour, color)","emas (warna, warna)",N2 JLPT
金貨,きんか,kinka,gold coin koin,emas,N2 JLPT
近海,きんかい,kinkai,coastal waters; adjacent seas perairan pesisir; laut,yang berdekatan,N2 JLPT
謹賀新年,きんがしんねん,kingashinnen,Happy New Year Selamat tahun,baru,N2 JLPT
近畿,きんき,kinki,"Kinki (region around Osaka, Kyoto, Nara) Kinki (wilayah sekitar Osaka, Kyoto, Nara)","Kinki (wilayah sekitar Osaka, Kyoto, Nara)",N2 JLPT
緊急事態宣言,きんきゅうじたいせんげん,kinkyuujitaisengen,declaration of a state of emergency deklarasi,keadaan darurat,N2 JLPT
近況,きんきょう,kinkyou,recent state; present state; present condition,keadaan terkini; keadaan sekarang; kondisi saat ini,N2 JLPT
近距離,きんきょり,kinkyori,short distance; close range jarak,pendek; jarak dekat,N2 JLPT
禁句,きんく,kinku,taboo word; forbidden topic kata tabu; topik,terlarang,N2 JLPT
金権,きんけん,kinken,power of money; financial influence,kekuatan uang; pengaruh finansial,N2 JLPT
禁錮,きんこ,kinko,imprisonment (without forced labour); incarceration; confinement penjara (tanpa,kerja paksa); penahanan; kurungan,N2 JLPT
近作,きんさく,kinsaku,recent work; latest work,pekerjaan terkini; pekerjaan terbaru,N2 JLPT
禁止事項,きんしじこう,kinshijikou,prohibited item; banned item barang,terlarang; barang terlarang,N2 JLPT
禁止法,きんしほう,kinshihou,negative statute; law against something undang-undang negatif; hukum terhadap,sesuatu,N2 JLPT
禁酒,きんしゅ,kinshu,abstinence from alcohol; temperance pantang alkohol,kesederhanaan,N2 JLPT
緊縮,きんしゅく,kinshuku,tightening; shrinkage; contraction,pengetatan; penyusutan; kontraksi,N2 JLPT
謹慎,きんしん,kinshin,self restraint; moderating one's own behavior; penitence,pengendalian diri; memoderasi perilakunya,N2 JLPT
近親,きんしん,kinshin,near relative kerabat dekat,kerabat dekat,N2 JLPT
近日,きんじつ,kinjitsu,soon; in a few days segera,dalam beberapa hari,N2 JLPT
禁ずる,きんずる,kinzuru,to forbid; to ban; to prohibit,untuk melarang; untuk melarang; untuk melarang,N2 JLPT
均整,きんせい,kinsei,symmetry; balance; proportion simetri,keseimbangan; proporsi,N2 JLPT
近世,きんせい,kinsei,recent past; recent times masa lalu; baru-baru,ini,N2 JLPT
金星,きんせい,kinsei,Venus (planet) Venus (planet),Venus (planet),N2 JLPT
金石,きんせき,kinseki,minerals and rocks; metal and stone utensils mineral,dan batuan; peralatan logam dan batu,N2 JLPT
勤続,きんぞく,kinzoku,continuous service layanan,berkelanjutan,N2 JLPT
近代詩,きんだいし,kindaishi,modern poetry; modern-style poetry puisi modern; puisi gaya modern,modern,N2 JLPT
近代的,きんだいてき,kindaiteki,modern modern,modern,N2 JLPT
近著,きんちょ,kincho,recent work pekerjaan baru-baru,ini,N2 JLPT
均等,きんとう,kintou,"equal (distribution, treatment, level, etc.); even; uniform setara (distribusi","perlakuan, level, dll.); bahkan;",N2 JLPT
近年,きんねん,kinnen,recent years beberapa tahun,terakhir,N2 JLPT
緊迫,きんぱく,kinpaku,tension; strain ketegangan,ketegangan,N2 JLPT
金屏風,きんびょうぶ,kinbyoubu,folding screen covered with gold leaf layar lipat dilapisi daun,emas,N2 JLPT
金品,きんぴん,kinpin,money and goods uang,dan barang,N2 JLPT
近辺,きんぺん,kinpen,neighbourhood; neighborhood; vicinity,lingkungan; lingkungan; sekitarnya,N2 JLPT
緊密,きんみつ,kinmitsu,rigour; rigor; closeness,ketelitian; kekakuan; kedekatan,N2 JLPT
金脈,きんみゃく,kinmyaku,vein of gold urat,emas,N2 JLPT
勤務時間,きんむじかん,kinmujikan,office hours; business hours; working hours jam,kerja; jam kerja; jam kerja,N2 JLPT
禁輸,きんゆ,kinyu,embargo embargo,embargo,N2 JLPT
金融機関,きんゆうきかん,kinyuukikan,financial institutions; banking facilities lembaga,keuangan; fasilitas perbankan,N2 JLPT
金融市場,きんゆうしじょう,kinyuushijou,financial market; money market pasar,keuangan; pasar uang,N2 JLPT
金融庁,きんゆうちょう,kinyuuchou,Financial Services Agency; FSA Badan Jasa,Keuangan; OJK,N2 JLPT
金曜,きんよう,kinyou,Friday Jumat,Jumat,N2 JLPT
禁欲的,きんよくてき,kinyokuteki,abstemious; austere hemat,keras,N2 JLPT
金利,きんり,kinri,interest rate; interest,tingkat bunga; minat,N2 JLPT
筋力,きんりょく,kinryoku,physical strength; muscle strength,kekuatan fisik; kekuatan otot,N2 JLPT
近隣,きんりん,kinrin,neighbourhood; neighborhood; vicinity,lingkungan; lingkungan; sekitarnya,N2 JLPT
勤労者,きんろうしゃ,kinrousha,worker pekerja,pekerja; karyawan,N2 JLPT
儀,ぎ,gi,ceremony upacara,upacara; seremoni,N2 JLPT
議院,ぎいん,giin,parliament; congress; diet parlemen; kongres; pola makan,parlemen,N2 JLPT
議院運営委員会,ぎいんうんえいいいんかい,giinuneiiinkai,Committee on Rules and Administration (Diet); House Steering Committee; Standing Committee for House Management,rumah,N2 JLPT
義援金,ぎえんきん,gienkin,donation money (esp. disaster relief or charity); contribution uang,sumbangan (khususnya bantuan bencana,N2 JLPT
疑義,ぎぎ,gigi,doubt keraguan,keraguan; ragu,N2 JLPT
技巧,ぎこう,gikou,technique; finesse teknik,kemahiran,N2 JLPT
ぎこちない,ぎこちない,gikochinai,awkward; clumsy; stiff canggung; kikuk; kaku,canggung; kikuk; kaku,N2 JLPT
疑獄,ぎごく,gigoku,bribery scandal; graft case skandal suap; kasus korupsi,penyuapan; suap,N2 JLPT
偽証,ぎしょう,gishou,false evidence; perjury; false testimony bukti palsu; sumpah palsu,kesaksian palsu,N2 JLPT
疑心,ぎしん,gishin,doubt; suspicion; fear,keraguan; kecurigaan; ketakutan,N2 JLPT
疑似,ぎじ,giji,pseudo; quasi; false semu; sok,salah,N2 JLPT
議事,ぎじ,giji,"proceedings (e.g. parliament, congress); business (of the day)","proses hukum (misalnya parlemen, kongres);",N2 JLPT
技術者,ぎじゅつしゃ,gijutsusha,engineer; technical expert,technician insinyur; ahli teknis; teknisi,N2 JLPT
技術的,ぎじゅつてき,gijutsuteki,technical; technological teknis; teknologi,teknis,N2 JLPT
技術力,ぎじゅつりょく,gijutsuryoku,technical prowess; technical ability; technical finesse,kecakapan teknis; kemampuan teknis; kemahiran,N2 JLPT
議場,ぎじょう,gijou,assembly hall; the House aula,pertemuan; rumah,N2 JLPT
議事録,ぎじろく,gijiroku,record of proceedings; minutes,catatan persidangan; menit,N2 JLPT
犠牲者,ぎせいしゃ,giseisha,victim (esp. someone killed); casualty korban (khususnya,seseorang terbunuh); korban,N2 JLPT
議席,ぎせき,giseki,parliamentary seat kursi parlemen,parlemen,N2 JLPT
偽装,ぎそう,gisou,camouflage; disguise kamuflase,menyamar,N2 JLPT
犠打,ぎだ,gida,sacrifice (bunt or fly) pengorbanan (bunt,atau terbang),N2 JLPT
義太夫,ぎだゆう,gidayuu,gidayū (type of reciting used in the puppet theater) gidayū (jenis pembacaan,yang digunakan dalam,N2 JLPT
議定書,ぎていしょ,giteisho,protocol protokol,protokol,N2 JLPT
疑念,ぎねん,ginen,doubt; suspicion; misgivings,keraguan; kecurigaan; rasa was-was,N2 JLPT
犠飛,ぎひ,gihi,sacrifice fly lalat,pengorbanan,N2 JLPT
岐阜,ぎふ,gifu,"Gifu (city, prefecture) Gifu (kota, prefektur)","Gifu (kota, prefektur)",N2 JLPT
義父,ぎふ,gifu,father-in-law ayah mertua,ayah mertua,N2 JLPT
技法,ぎほう,gihou,technique teknik,teknik,N2 JLPT
義母,ぎぼ,gibo,mother-in-law ibu mertua,ibu mertua,N2 JLPT
義務教育,ぎむきょういく,gimukyouiku,compulsory education pendidikan wajib,pendidikan,N2 JLPT
義務付け,ぎむづけ,gimuzuke,obligation kewajiban,kewajiban,N2 JLPT
疑問点,ぎもんてん,gimonten,point of uncertainty; unclarified issue; doubt titik ketidakpastian; masalah,yang tidak jelas; keraguan,N2 JLPT
疑問符,ぎもんふ,gimonfu,question mark tanda tanya,menandai; tanda,N2 JLPT
逆効果,ぎゃくこうか,gyakukouka,opposite effect; adverse effect; backfiring efek sebaliknya; dampak,buruk; menjadi bumerang,N2 JLPT
虐殺,ぎゃくさつ,gyakusatsu,slaughter; massacre pembantaian,pembantaian,N2 JLPT
逆襲,ぎゃくしゅう,gyakushuu,counterattack serangan balik,serangan balik,N2 JLPT
虐待,ぎゃくたい,gyakutai,abuse; ill-treatment; maltreatment penyalahgunaan; perlakuan,buruk; penganiayaan,N2 JLPT
逆転勝ち,ぎゃくてんがち,gyakutengachi,winning after defeat seems certain; coming from behind to win,kemenangan demi kekalahan nampaknya pasti;,N2 JLPT
逆風,ぎゃくふう,gyakufuu,headwind; adverse wind angin sakal; angin,buruk,N2 JLPT
逆輸入,ぎゃくゆにゅう,gyakuyunyuu,reimportation; reimport; reverse import impor,kembali; mengimpor kembali; membalikkan impor,N2 JLPT
逆境,ぎゃっきょう,gyakkyou,adverse circumstances; unfortunate situation; adversity,keadaan buruk; situasi yang tidak,N2 JLPT
ぎゅうぎゅう,ぎゅうぎゅう,gyuugyuu,creaking; squeaking berderit,mencicit,N2 JLPT
牛丼,ぎゅうどん,gyuudon,"gyudon; rice covered with sliced beef, usu. with fried onion gyudon; nasi","dibalut irisan daging sapi, usu.",N2 JLPT
牛歩,ぎゅうほ,gyuuho,snail's pace; slow progress kecepatan siput; kemajuan,yang lambat,N2 JLPT
ぎゅっと,ぎゅっと,gyutto,"tightly (hold, squeeze, etc.); firmly; forcefully (e.g. push) erat (pegang, remas, dll)",dengan tegas; dengan,N2 JLPT
義勇,ぎゆう,giyuu,heroism; loyalty and courage kepahlawanan; kesetiaan,dan keberanian,N2 JLPT
業,ぎょう,gyou,work; business; company bekerja; bisnis,perusahaan,N2 JLPT
行,ぎょう,gyou,line (of text); row; verse baris (teks); baris; ayat,garis; baris; jalur,N2 JLPT
業界,ぎょうかい,gyoukai,business world; business circles; (the) industry dunia usaha,kalangan bisnis; (industri).,N2 JLPT
行革,ぎょうかく,gyoukaku,administrative reform reformasi administrasi,reformasi,N2 JLPT
凝固,ぎょうこ,gyouko,coagulation; freezing; solidification koagulasi,pembekuan; pemadatan,N2 JLPT
業種,ぎょうしゅ,gyoushu,type of industry,jenis industri,N2 JLPT
凝縮,ぎょうしゅく,gyoushuku,"condensation (of ideas, emotions, etc.); concentration kondensasi (ide, emosi, dll.); konsentrasi",tempat asal (suatu spesies tumbuhan atau,N2 JLPT
行司,ぎょうじ,gyouji,referee wasit,wasit; juri,N2 JLPT
行政機関,ぎょうせいきかん,gyouseikikan,administrative organ; administrative body; governmental body organ administrasi; badan administratif; badan,administrasi; badan administratif; badan,N2 JLPT
行政処分,ぎょうせいしょぶん,gyouseishobun,administrative measures (disposition),tindakan administratif (disposisi),N2 JLPT
行政訴訟,ぎょうせいそしょう,gyouseisoshou,administrative litigation (action) litigasi administratif (tindakan),administratif,N2 JLPT
御苑,ぎょえん,gyoen,imperial garden taman,kekaisaran,N2 JLPT
魚介類,ぎょかいるい,gyokairui,marine products; seafood; fish and shellfish,hasil laut; hidangan laut; ikan dan kerang,N2 JLPT
漁獲,ぎょかく,gyokaku,fishery; fishing; catch,perikanan; penangkapan ikan; menangkap,N2 JLPT
漁港,ぎょこう,gyokou,fishing harbour; fishing harbor,pelabuhan perikanan; pelabuhan perikanan,N2 JLPT
漁場,ぎょじょう,gyojou,fishing grounds; permitted fishing zone,tempat penangkapan ikan; zona penangkapan ikan yang diizinkan,N2 JLPT
ぎょっと,ぎょっと,gyotto,being startled terkejut,keberadaan; makhluk,N2 JLPT
漁民,ぎょみん,gyomin,fishermen nelayan,nelayan,N2 JLPT
魚類,ぎょるい,gyorui,fish; fishes ikan; ikan,ikan,N2 JLPT
限り限り,ぎりぎり,girigiri,just barely; only just; at the very limit nyaris saja,hanya saja; pada batasnya,N2 JLPT
儀礼,ぎれい,girei,courtesy; etiquette; formality,kesopanan; etiket; formalitas,N2 JLPT
銀色,ぎんいろ,giniro,"silver (color, colour)","perak (warna, warna)",N2 JLPT
銀河,ぎんが,ginga,Milky Way Bima Sakti,Bima Sakti,N2 JLPT
銀紙,ぎんがみ,gingami,aluminum foil; aluminium foil; tinfoil aluminium foil; aluminium foil,kertas timah,N2 JLPT
銀座,ぎんざ,ginza,Ginza (district in Tokyo) Ginza (distrik di Tokyo),Ginza (distrik di Tokyo),N2 JLPT
区,く,ku,ward; borough; city (in Tokyo) bangsal; wilayah; kota (di Tokyo),kelurahan; distrik,N2 JLPT
悔い,くい,kui,regret; repentance penyesalan,pertobatan,N2 JLPT
杭,くい,kui,stake; post; pile pasak; pos,tumpukan,N2 JLPT
食い込む,くいこむ,kuikomu,to bite into (e.g. rope into skin); to cut into; to dig into (e.g. of fingernails),untuk menggigit (misalnya tali ke kulit); untuk,N2 JLPT
食い下がる,くいさがる,kuisagaru,to hang on to; to hang from; to cling to,untuk bertahan; untuk digantung; untuk melekat,N2 JLPT
食い違い,くいちがい,kuichigai,difference; disagreement; conflict,perbedaan; pertentangan; konflik,N2 JLPT
食い止める,くいとめる,kuitomeru,to check; to hold back; to keep at bay,untuk memeriksa; untuk menahan; untuk menjaga jarak,N2 JLPT
空域,くういき,kuuiki,airspace wilayah udara,wilayah udara,N2 JLPT
空虚,くうきょ,kuukyo,emptiness; hollowness; vacancy,kekosongan; kekosongan; lowongan,N2 JLPT
空軍,くうぐん,kuugun,air force angkatan udara,kekuatan; gaya,N2 JLPT
空車,くうしゃ,kuusha,empty conveyance; empty taxi; free taxi alat angkut kosong; taksi kosong; taksi gratis,kosong,N2 JLPT
空襲,くうしゅう,kuushuu,air-raid serangan udara,serangan udara,N2 JLPT
空席,くうせき,kuuseki,empty seat; unoccupied seat kursi kosong; kursi kosong,kosong,N2 JLPT
空前,くうぜん,kuuzen,unprecedented; record-breaking belum pernah,terjadi sebelumnya; memecahkan rekor,N2 JLPT
空地,くうち,kuuchi,vacant land; unoccupied ground; empty lot lahan kosong; tanah kosong,banyak kosong,N2 JLPT
空調,くうちょう,kuuchou,air conditioning AC,udara,N2 JLPT
空転,くうてん,kuuten,racing (of an engine); idling balap (dari,mesin); menganggur,N2 JLPT
空洞,くうどう,kuudou,cavity; hollow; cave rongga; kosong; gua,berongga,N2 JLPT
空白,くうはく,kuuhaku,blank space (in a document) ruang kosong (dalam dokumen),ruang kosong; spasi,N2 JLPT
空爆,くうばく,kuubaku,aerial bombing pemboman udara,pemboman udara,N2 JLPT
空砲,くうほう,kuuhou,empty gun; gun loaded with blanks; firing a blank senjata kosong; pistol penuh,dengan peluru; menembakkan peluru kosong,N2 JLPT
空母,くうぼ,kuubo,aircraft carrier kapal induk,kapal induk,N2 JLPT
空輸,くうゆ,kuuyu,air transport; air lift; airlift transportasi udara; angkat udara,angkutan udara,N2 JLPT
空路,くうろ,kuuro,air route; air lane jalur udara; jalur udara,udara,N2 JLPT
９月,くがつ,kugatsu,September September,September,N2 JLPT
苦境,くきょう,kukyou,difficult situation; adverse circumstances; predicament,situasi sulit; keadaan buruk; kesulitan,N2 JLPT
区議,くぎ,kugi,ward assemblyman anggota dewan,lingkungan,N2 JLPT
九九,くく,kuku,multiplication table; times table tabel,perkalian; tabel perkalian,N2 JLPT
括る,くくる,kukuru,to tie up; to tie together; to bind,untuk mengikat; untuk mengikat bersama; untuk mengikat,N2 JLPT
苦言,くげん,kugen,candid advice; frank advice; honest opinion nasihat,yang jujur; nasihat yang jujur; pendapat yang jujur,N2 JLPT
草刈り,くさかり,kusakari,mowing; mower memotong,mesin pemotong rumput,N2 JLPT
草木,くさき,kusaki,plants; vegetation tanaman; vegetasi,tanaman; vegetasi,N2 JLPT
草の根,くさのね,kusanone,roots of grass; places hidden from sight akar rumput; tempat-tempat,yang tersembunyi dari pandangan,N2 JLPT
草花,くさばな,kusabana,flower; flowering plant bunga,tanaman berbunga,N2 JLPT
草分け,くさわけ,kusawake,pathfinder; trailblazer; early settler pencari jalan,perintis; pemukim awal,N2 JLPT
駆使,くし,kushi,using freely; making full use of; having a good command of,menggunakan secara bebas; memanfaatkan,N2 JLPT
くしゃくしゃ,くしゃくしゃ,kushakusha,crumpled; rumpled; wrinkled kusut; kusut,berkerut,N2 JLPT
嚏,くしゃみ,kushami,sneeze; sneezing bersin,bersin,N2 JLPT
句集,くしゅう,kushuu,collection of haiku poems,kumpulan puisi haiku,N2 JLPT
籤,くじ,kuji,lottery; lot; raffle lotere,banyak; undian,N2 JLPT
くじ引き,くじびき,kujibiki,lottery; drawn lot lotere,banyak yang ditarik,N2 JLPT
苦渋,くじゅう,kujuu,bitterness; distress; pain,kepahitan; kesulitan; rasa sakit,N2 JLPT
駆除,くじょ,kujo,extermination (of pests); eradication; stamping out (e.g. a social evil),pemusnahan (hama); pemberantasan; membasmi,N2 JLPT
擽ったい,くすぐったい,kusuguttai,ticklish geli,geli; gampang gelitik,N2 JLPT
擽る,くすぐる,kusuguru,to tickle,untuk menggelitik,N2 JLPT
葛,くず,kuzu,kudzu (Pueraria montana); Japanese arrowroot kudzu (Pueraria montana); Garut Jepang,Jepang,N2 JLPT
崩れ,くずれ,kuzure,crumbling; collapse; ruin hancur; runtuh,kehancuran,N2 JLPT
癖に,くせに,kuseni,and yet; though; when,namun; meskipun; kapan,N2 JLPT
苦戦,くせん,kusen,hard fight; close game; struggle pertarungan,yang sulit; tutup permainan; perjuangan,N2 JLPT
糞,くそ,kuso,damn; damn it; shit sial; brengsek; sial,sial; brengsek (kata umpatan),N2 JLPT
くたくた,くたくた,kutakuta,exhausted; worn out; dead tired habis; usang; sangat lelah,lelah,N2 JLPT
くたばる,くたばる,kutabaru,to kick the bucket; to drop dead; to die,untuk menendang ember; untuk mati; untuk mati,N2 JLPT
草臥れる,くたびれる,kutabireru,to get tired; to become exhausted; to grow weary,menjadi lelah; menjadi kelelahan; menjadi lelah,N2 JLPT
下さる,くださる,kudasaru,to give; to confer; to bestow,untuk memberi; untuk berunding; untuk melimpahkan,N2 JLPT
下らない,くだらない,kudaranai,trivial; trifling; insignificant sepele; remeh,tidak signifikan,N2 JLPT
下り坂,くだりざか,kudarizaka,downhill; downward slope; descent,menurun; kemiringan ke bawah; keturunan,N2 JLPT
口数,くちかず,kuchikazu,number of words a person speaks jumlah kata,yang diucapkan seseorang,N2 JLPT
口利き,くちきき,kuchikiki,mediation; good offices; intervention mediasi; kantor,yang baik; intervensi,N2 JLPT
駆逐艦,くちくかん,kuchikukan,destroyer (ship) perusak (kapal),kapal perusak,N2 JLPT
口癖,くちぐせ,kuchiguse,pet saying; favorite phrase; stock phrase pepatah hewan,peliharaan; frase favorit; frase stok,N2 JLPT
口々,くちぐち,kuchiguchi,every person; every mouth,setiap orang; setiap mulut,N2 JLPT
口々に,くちぐちに,kuchiguchini,each and every person (saying); one and all; unanimously,setiap orang (berkata); satu dan semua; dengan,N2 JLPT
口喧嘩,くちげんか,kuchigenka,quarrel; dispute; argument,pertengkaran; sengketa; argumen,N2 JLPT
口答え,くちごたえ,kuchigotae,retort; back talk; backchat,membalas; pembicaraan kembali; obrolan balik,N2 JLPT
口ごもる,くちごもる,kuchigomoru,to hesitate to say; to mumble; to hem and haw ragu,untuk mengatakannya; untuk bergumam; untuk hem dan haw,N2 JLPT
口先,くちさき,kuchisaki,lip service; mere words; professions basa-basi,hanya kata-kata; profesi,N2 JLPT
口出し,くちだし,kuchidashi,meddling (in); butting in; interference campur,tangan (dalam); ikut campur; gangguan,N2 JLPT
口止め,くちどめ,kuchidome,forbidding mentioning (something to others); imposing silence (on); ordering (someone) to keep quiet,tenang; sunyi,N2 JLPT
口火,くちび,kuchibi,fuse; pilot light sekering; lampu pilot,ringan,N2 JLPT
口笛,くちぶえ,kuchibue,whistle (sound made with the lips) peluit (suara,yang dibuat dengan bibir),N2 JLPT
口ぶり,くちぶり,kuchiburi,way of speaking,cara berbicara,N2 JLPT
区長,くちょう,kuchou,head of a ward; mayor of a ward; chief administrator of a ward kepala bangsal; walikota,suatu lingkungan; kepala,N2 JLPT
口調,くちょう,kuchou,tone (of voice); manner of talking nada (suara),cara berbicara,N2 JLPT
口コミ,くちコミ,kuchikomi,word of mouth,dari mulut ke mulut,N2 JLPT
掘削,くっさく,kussaku,digging out; excavation,menggali; penggalian,N2 JLPT
屈指,くっし,kusshi,leading; foremost; preeminent memimpin,terutama; unggul,N2 JLPT
屈託,くったく,kuttaku,worry; care; concern khawatir; peduli,kekhawatiran,N2 JLPT
くっ付く,くっつく,kuttsuku,to adhere to; to stick to; to cling to,untuk dipatuhi; untuk dipatuhi; untuk melekat,N2 JLPT
くっ付ける,くっつける,kuttsukeru,to attach; to stick together; to paste,untuk melampirkan; untuk tetap bersatu; untuk menempel,N2 JLPT
屈辱,くつじょく,kutsujoku,disgrace; humiliation aib,penghinaan,N2 JLPT
寛ぐ,くつろぐ,kutsurogu,to relax; to feel at home,untuk bersantai; merasa seperti di rumah sendiri,N2 JLPT
諄い,くどい,kudoi,repetitious; long-winded; tedious berulang-ulang; bertele-tele,membosankan,N2 JLPT
駆動,くどう,kudou,drive; driving (force),mengemudi; mengemudi (kekuatan),N2 JLPT
くどくど,くどくど,kudokudo,"tediously (explain, complain, etc.); repeatedly","persistently membosankan (menjelaskan, mengeluh, dll);",N2 JLPT
区内,くない,kunai,in a ward; within the ward di bangsal; di,dalam bangsal,N2 JLPT
宮内庁,くないちょう,kunaichou,Imperial Household Agency Badan Rumah Tangga,Kekaisaran,N2 JLPT
苦難,くなん,kunan,suffering; distress; hardship,penderitaan; kesulitan; kesulitan,N2 JLPT
国柄,くにがら,kunigara,national character; regional character karakter bangsa; karakter daerah,karakter; sifat,N2 JLPT
苦肉の策,くにくのさく,kunikunosaku,last resort; desperate measure taken under the pressure of necessity pilihan terakhir; tindakan putus asa,yang diambil,N2 JLPT
国々,くにぐに,kuniguni,countries; (various) nations negara; (berbagai) negara,negara-negara; berbagai bangsa,N2 JLPT
苦悩,くのう,kunou,(mental) agony; anguish; suffering (mental),penderitaan; derita; penderitaan,N2 JLPT
配り物,くばりもの,kubarimono,present; gift hadir; hadiah,masa kini,N2 JLPT
凹み,くぼみ,kubomi,hollow; cavity; dent,berongga; rongga; penyok,N2 JLPT
熊,くま,kuma,bear (any mammal of family Ursidae) beruang (mamalia apa pun,dari keluarga Ursidae),N2 JLPT
隈なく,くまなく,kumanaku,all over; everywhere; in every nook and cranny seluruhnya; di mana pun; di,setiap sudut dan celah,N2 JLPT
組み合わせ,くみあわせ,kumiawase,combination; assortment; set kombinasi; bermacam-macam,mengatur,N2 JLPT
組み替え,くみかえ,kumikae,rearrangement (of classes); recomposition; recombination,penataan ulang (kelas); komposisi ulang;,N2 JLPT
組曲,くみきょく,kumikyoku,suite suite,suite; kamar suite,N2 JLPT
組み立て,くみたて,kumitate,construction; framework; erection konstruksi,kerangka; ereksi,N2 JLPT
組長,くみちょう,kumichou,boss (esp. yakuza),foreman bos (khususnya yakuza); mandor,N2 JLPT
汲み取る,くみとる,kumitoru,to draw (water); to scoop up; to dip up,untuk menimba (air); untuk mengambil; untuk mencelupkan,N2 JLPT
区民,くみん,kumin,ward residents penghuni,lingkungan,N2 JLPT
蜘蛛,くも,kumo,spider laba-laba,laba-laba,N2 JLPT
雲行き,くもゆき,kumoyuki,weather; look of the sky cuaca,tampilan langit,N2 JLPT
区役所,くやくしょ,kuyakusho,ward office; council (regional) kantor,lingkungan; dewan (daerah),N2 JLPT
悔し泣き,くやしなき,kuyashinaki,crying from vexation; tears of regret menangis,karena kesal; air mata penyesalan,N2 JLPT
供養,くよう,kuyou,memorial service for the dead; holding a service upacara peringatan bagi,orang mati; mengadakan suatu layanan,N2 JLPT
くよくよ,くよくよ,kuyokuyo,to fret (over); to brood (about); to mope resah (berakhir),untuk merenung (tentang); untuk murung,N2 JLPT
倉敷,くらしき,kurashiki,Kurashiki (city) Kurashiki (kota),Kurashiki (kota),N2 JLPT
比べ,くらべ,kurabe,contest; comparison; competition kontes,perbandingan; kompetisi,N2 JLPT
暗闇,くらやみ,kurayami,darkness; the dark,kegelapan; kegelapan,N2 JLPT
栗,くり,kuri,Japanese chestnut (Castanea crenata) Kastanye Jepang (Castanea crenata),Jepang,N2 JLPT
繰り上げ,くりあげ,kuriage,upward move; advance,gerakan ke atas; muka,N2 JLPT
繰り上げる,くりあげる,kuriageru,to move up; to advance,untuk naik; untuk maju,N2 JLPT
繰入,くりいれ,kuriire,inward transfer (of money); carry over (money from previous period) transfer ke,dalam (uang); carry over (uang dari,N2 JLPT
繰り返し,くりかえし,kurikaeshi,repetition; repeat; reiteration,pengulangan; mengulang; pengulangan,N2 JLPT
繰り出し梯子,くりだしはしご,kuridashihashigo,extension ladder; aerial ladder tangga ekstensi; tangga udara,tangga ekstensi; tangga beroda panjang,N2 JLPT
繰り出す,くりだす,kuridasu,to draw (a thread); to let out (e.g. a rope),untuk menggambar (utas); untuk melepaskan (misalnya tali),N2 JLPT
区立,くりつ,kuritsu,established by a ward; ward; municipal didirikan oleh,suatu lingkungan; bangsal; kota,N2 JLPT
繰り延べ,くりのべ,kurinobe,postponement penundaan,penundaan; ditunda,N2 JLPT
繰り広げる,くりひろげる,kurihirogeru,to unfold; to unroll; to open,untuk terungkap; untuk membuka gulungan; untuk membuka,N2 JLPT
苦慮,くりょ,kuryo,racking one's brains; worrying oneself; being anxious memeras otak; mengkhawatirkan diri,sendiri;,N2 JLPT
くるくる,くるくる,kurukuru,whirling; revolving; spinning,berputar; berputar; berputar,N2 JLPT
苦しみ,くるしみ,kurushimi,pain; anguish; distress rasa sakit; derita,kesusahan,N2 JLPT
苦しめる,くるしめる,kurushimeru,to torment; to pain; to inflict (physical) pain,untuk menyiksa; kesakitan; untuk menimbulkan rasa sakit (fisik).,N2 JLPT
車椅子,くるまいす,kurumaisu,wheelchair kursi roda,kursi roda,N2 JLPT
胡桃,くるみ,kurumi,"walnut (Juglans spp., esp. Juglans regia) kenari (Juglans spp.",khususnya Juglans regia),N2 JLPT
呉れ呉れも,くれぐれも,kureguremo,sincerely; earnestly; wholeheartedly,dengan tulus; dengan sungguh-sungguh; dengan sepenuh hati,N2 JLPT
紅,くれない,kurenai,deep red; crimson,merah tua; merah tua,N2 JLPT
呉れる,くれる,kureru,to give; to let (one) have,untuk memberi; untuk membiarkan (satu) memiliki,N2 JLPT
黒色,くろいろ,kuroiro,"black (colour, color)","hitam (warna, warna)",N2 JLPT
黒木,くろき,kuroki,unbarked lumber kayu,yang belum dikupas,N2 JLPT
黒潮,くろしお,kuroshio,Kuroshio Current; Japan Current Arus Kuroshio; Arus Jepang,Arus Kuroshio; Arus Jepang,N2 JLPT
黒っぽい,くろっぽい,kuroppoi,dark; blackish gelap,kehitaman,N2 JLPT
黒星,くろぼし,kuroboshi,black spot; black dot; bull's-eye bintik,hitam; titik hitam; tepat sasaran,N2 JLPT
黒幕,くろまく,kuromaku,black curtain tirai,hitam,N2 JLPT
桑,くわ,kuwa,mulberry (tree) murbei (pohon),pohon murbei,N2 JLPT
企てる,くわだてる,kuwadateru,to plan; to plot; to propose,untuk merencanakan; untuk merencanakan; untuk melamar,N2 JLPT
桑原,くわばら,kuwabara,mulberry field ladang murbei,bidang,N2 JLPT
君子,くんし,kunshi,man of virtue; wise man; (true) gentleman manusia,yang berbudi luhur; orang bijak; (benar) tuan-tuan,N2 JLPT
勲章,くんしょう,kunshou,decoration; order; medal dekorasi,memesan; medali,N2 JLPT
訓示,くんじ,kunji,instruction; direction; briefing instruksi; arah,pengarahan,N2 JLPT
訓読み,くんよみ,kunyomi,kun reading; kun'yomi; native Japanese reading of a Chinese character kun membaca; kun'yomi; bacaan asli Jepang,dari,N2 JLPT
君臨,くんりん,kunrin,reigning (over a country) memerintah (atas,suatu negara),N2 JLPT
具,ぐ,gu,tool; means alat,berarti,N2 JLPT
愚,ぐ,gu,foolishness; silliness; stupidity,kebodohan; kebodohan; kebodohan,N2 JLPT
偶像,ぐうぞう,guuzou,image; idol; statue gambar; idola; patung,refleksi,N2 JLPT
偶発,ぐうはつ,guuhatsu,sudden outbreak; accidental; incidental wabah,mendadak; kebetulan; kebetulan,N2 JLPT
具象,ぐしょう,gushou,concreteness; embodiment; expressing concretely konkrit; perwujudan; mengungkapkan,secara konkrit,N2 JLPT
愚図愚図,ぐずぐず,guzuguzu,slowly; tardily; dawdling perlahan; terlambat; membuang-buang,waktu,N2 JLPT
具体化,ぐたいか,gutaika,embodiment; materialization; actualization,perwujudan; perwujudan; aktualisasi,N2 JLPT
具体的,ぐたいてき,gutaiteki,concrete; definite; specific konkret; pasti; spesifik,material; menentukan,N2 JLPT
ぐったり,ぐったり,guttari,limply; wearily; listlessly lemas,dengan letih; dengan lesu,N2 JLPT
ぐるぐる,ぐるぐる,guruguru,(turning) round and round; in circles (berputar) berputar-putar,dalam lingkaran,N2 JLPT
ぐるっと,ぐるっと,gurutto,turning round; going around; turning about,berbalik; berkeliling; berbalik,N2 JLPT
ぐるり,ぐるり,gururi,surroundings; circumference lingkungan sekitar,keliling,N2 JLPT
軍医,ぐんい,guni,military physician or surgeon dokter militer,atau ahli bedah,N2 JLPT
軍拡,ぐんかく,gunkaku,military expansion; arms buildup ekspansi militer,penumpukan senjata,N2 JLPT
軍機,ぐんき,gunki,military secret; classified military material rahasia militer; materi militer rahasia,material; bahan,N2 JLPT
軍国主義,ぐんこくしゅぎ,gunkokushugi,militarism militerisme,militerisme,N2 JLPT
軍縮,ぐんしゅく,gunshuku,reduction of armaments,disarmament pengurangan persenjataan; perlucutan senjata,N2 JLPT
軍需,ぐんじゅ,gunju,munitions; military stores amunisi; toko militer,militer,N2 JLPT
軍人,ぐんじん,gunjin,serviceman; servicewoman; soldier prajurit; wanita,pelayan; prajurit,N2 JLPT
軍政,ぐんせい,gunsei,military administration; military government; military junta administrasi militer,pemerintahan militer; junta,N2 JLPT
群像,ぐんぞう,gunzou,lively group (esp. of young people); dynamic bunch kelompok,yang hidup (khususnya kaum muda);,N2 JLPT
軍属,ぐんぞく,gunzoku,civilian in military employ sipil,dalam pekerjaan militer,N2 JLPT
軍団,ぐんだん,gundan,army corps; corps korps tentara; korps,korps tentara; korps,N2 JLPT
群島,ぐんとう,guntou,island group; archipelago,kelompok pulau; nusantara,N2 JLPT
軍配,ぐんばい,gunbai,gourd-shaped war fan kipas,perang berbentuk labu,N2 JLPT
軍兵,ぐんぴょう,gunpyou,armed forces; battle troops,angkatan bersenjata; pasukan tempur,N2 JLPT
軍部,ぐんぶ,gunbu,military authorities; army circles otoritas militer,lingkaran tentara,N2 JLPT
郡部,ぐんぶ,gunbu,rural districts; counties,distrik pedesaan; kabupaten,N2 JLPT
軍用,ぐんよう,gunyou,for military use,untuk penggunaan militer,N2 JLPT
系,けい,kei,system; lineage; group sistem; garis,keturunan; kelompok,N2 JLPT
軽,けい,kei,"light (e.g. aircraft, truck)","ringan (misalnya pesawat terbang, truk)",N2 JLPT
経営者,けいえいしゃ,keieisha,manager; proprietor manajer; pemilik,manajer,N2 JLPT
敬遠,けいえん,keien,pretending to respect (someone) while in fact staying,distant; keeping at arm's length; giving a wide berth,N2 JLPT
計画的,けいかくてき,keikakuteki,planned; scheduled; systematic,direncanakan; dijadwalkan; sistematis,N2 JLPT
景観,けいかん,keikan,scenery pemandangan,pemandangan; lanskap,N2 JLPT
経企庁,けいきちょう,keikichou,Economic Planning Agency (1955-2001) Badan,Perencanaan Perekonomian (1955-2001),N2 JLPT
経験者,けいけんしゃ,keikensha,experienced person; person who has had a particular experience,orang yang berpengalaman; orang yang,N2 JLPT
経験値,けいけんち,keikenchi,amount of experience; experience level jumlah pengalaman,tingkat pengalaman,N2 JLPT
経験豊富,けいけんほうふ,keikenhoufu,experienced; well-versed berpengalaman,berpengalaman,N2 JLPT
渓谷,けいこく,keikoku,valley (with a river running through it); gorge; ravine lembah (dengan sungai,mengalir melaluinya);,N2 JLPT
警護,けいご,keigo,bodyguard; escort pengawal; pendamping,pengawal; mengantar,N2 JLPT
警察官,けいさつかん,keisatsukan,police officer; policeman,policewoman petugas polisi; polisi; polisi wanita,N2 JLPT
警察署,けいさつしょ,keisatsusho,police station kantor polisi,stasiun,N2 JLPT
警察庁,けいさつちょう,keisatsuchou,National Police Agency; NPA Badan,Kepolisian Nasional; NPA,N2 JLPT
経済界,けいざいかい,keizaikai,economic world; financial circles; business community dunia ekonomi,lingkaran keuangan; komunitas,N2 JLPT
経済学,けいざいがく,keizaigaku,economics ekonomi,ekonomi,N2 JLPT
経済企画庁,けいざいきかくちょう,keizaikikakuchou,Economic Planning Agency (1955-2001) Badan,Perencanaan Perekonomian (1955-2001),N2 JLPT
経済研究所,けいざいけんきゅうじょ,keizaikenkyuujo,economic research institute lembaga,penelitian ekonomi,N2 JLPT
経済成長率,けいざいせいちょうりつ,keizaiseichouritsu,rate of economic growth,tingkat pertumbuhan ekonomi,N2 JLPT
経済的,けいざいてき,keizaiteki,economic; financial ekonomi,keuangan,N2 JLPT
経済封鎖,けいざいふうさ,keizaifuusa,economic blockade; embargo blokade ekonomi; embargo,ekonomi; ekonomis,N2 JLPT
警視,けいし,keishi,police superintendent inspektur polisi,polisi,N2 JLPT
軽視,けいし,keishi,making light of; thinking little of; slighting meremehkan,tidak terlalu memikirkan; meremehkan,N2 JLPT
形式的,けいしきてき,keishikiteki,formal formal,formal,N2 JLPT
警視庁,けいしちょう,keishichou,Metropolitan Police Department (Tokyo) Departemen,Kepolisian Metropolitan (Tokyo),N2 JLPT
敬称,けいしょう,keishou,honorific title; honorific term of address gelar,kehormatan; istilah sapaan kehormatan,N2 JLPT
継承,けいしょう,keishou,inheritance; succession; accession,warisan; suksesi; aksesi,N2 JLPT
警鐘,けいしょう,keishou,alarm bell; fire bell bel alarm; bel api,api,N2 JLPT
軽傷,けいしょう,keishou,minor injury cedera,ringan,N2 JLPT
軽震,けいしん,keishin,weak earthquake gempa,lemah,N2 JLPT
刑事事件,けいじじけん,keijijiken,criminal case kasus pidana,kasus; perkara; kotak,N2 JLPT
刑事責任,けいじせきにん,keijisekinin,criminal liability pertanggungjawaban pidana,kewajiban; utang,N2 JLPT
軽自動車,けいじどうしゃ,keijidousha,light motor vehicle (up to 660cc and 64bhp); k-car; kei car kendaraan bermotor,ringan (hingga 660cc dan,N2 JLPT
掲示板,けいじばん,keijiban,bulletin board; display board; notice board papan buletin; papan,pajangan; papan pengumuman,N2 JLPT
形状,けいじょう,keijou,shape; form bentuk; bentuk,membentuk,N2 JLPT
経常,けいじょう,keijou,ordinary biasa,biasa,N2 JLPT
計上,けいじょう,keijou,including (a cost) in a total calculation; appropriating (a sum of money); recording memasukkan (biaya),dalam perhitungan total;,N2 JLPT
経常利益,けいじょうりえき,keijourieki,current profits; ordinary profit; income before income taxes keuntungan,saat ini; keuntungan biasa;,N2 JLPT
形跡,けいせき,keiseki,traces; evidence jejak; bukti,bukti,N2 JLPT
係争,けいそう,keisou,dispute; contention; conflict,perselisihan; pendapat; konflik,N2 JLPT
計測,けいそく,keisoku,measuring; measurement mengukur,pengukuran,N2 JLPT
継続的,けいぞくてき,keizokuteki,continuous terus menerus,berkelanjutan; terus-menerus,N2 JLPT
携帯電話,けいたいでんわ,keitaidenwa,mobile phone; cell phone telepon genggam; ponsel,telepon; handphone,N2 JLPT
携帯ストラップ,けいたいストラップ,keitaisutorappu,straps for mobile phone tali,untuk ponsel,N2 JLPT
境内,けいだい,keidai,grounds (esp. of shrines and temples); compound; churchyard pekarangan (khususnya,tempat suci dan candi);,N2 JLPT
傾注,けいちゅう,keichuu,devoting (oneself) to; concentrating (one's efforts) on mengabdikan (diri,sendiri) untuk; berkonsentrasi,N2 JLPT
継投,けいとう,keitou,relieving the (starting) pitcher,melepaskan pelempar (pemula).,N2 JLPT
軽薄,けいはく,keihaku,frivolous; flippant; superficial sembrono; kurang ajar; dangkal,sembrono; tidak serius,N2 JLPT
啓発,けいはつ,keihatsu,enlightenment; development; edification,pencerahan; perkembangan; pembangunan,N2 JLPT
京阪,けいはん,keihan,Kyoto and Osaka; Kyoto-Osaka area Kyoto,dan Osaka; Daerah Kyoto-Osaka,N2 JLPT
競馬場,けいばじょう,keibajou,racecourse; race track arena,pacuan kuda; trek balap,N2 JLPT
景品,けいひん,keihin,gift; premium; freebie hadiah; premi; gratis,premi; unggulan,N2 JLPT
系譜,けいふ,keifu,genealogy; lineage; family tree silsilah; garis,keturunan; pohon keluarga,N2 JLPT
刑法,けいほう,keihou,criminal law; penal code hukum pidana; hukum pidana,hukum pidana,N2 JLPT
警報,けいほう,keihou,warning; alarm; alert,peringatan; alarm; waspada,N2 JLPT
軽妙,けいみょう,keimyou,light and easy; lambent; clever,ringan dan mudah; bercahaya; pintar,N2 JLPT
刑務所,けいむしょ,keimusho,prison; jail; gaol penjara; penjara; penjara,penjara,N2 JLPT
啓蒙,けいもう,keimou,enlightenment; illumination pencerahan,penerangan,N2 JLPT
契約書,けいやくしょ,keiyakusho,(written) contract; agreement kontrak (tertulis),persetujuan,N2 JLPT
軽油,けいゆ,keiyu,diesel oil; diesel fuel; gas oil minyak solar; solar; minyak gas,solar; minyak diesel,N2 JLPT
掲揚,けいよう,keiyou,hoisting (e.g. a flag); raising; flying,mengibarkan (misalnya bendera); pemeliharaan; terbang,N2 JLPT
経理,けいり,keiri,accounting; administration (of money) akuntansi; administrasi (uang),akuntansi; administrasi,N2 JLPT
計量,けいりょう,keiryou,measuring; weighing mengukur,menimbang,N2 JLPT
軽量,けいりょう,keiryou,light weight,ringan,N2 JLPT
競輪,けいりん,keirin,"keirin; cycle racing event, usu. 2 km with a paced start and sprint finish keirin; acara balap sepeda, usu. 2 km",dengan,N2 JLPT
系列,けいれつ,keiretsu,series; sequence; system seri,urutan; sistem,N2 JLPT
敬老,けいろう,keirou,respect for the aged menghormati,orang lanjut usia,N2 JLPT
怪我,けが,kega,injury; wound cedera; luka,luka,N2 JLPT
消印,けしいん,keshiin,postmark; (postal) cancellation mark cap pos; (pos) tanda,pembatalan,N2 JLPT
けじめ,けじめ,kejime,distinction; difference (between two things) perbedaan; perbedaan (antara,dua hal),N2 JLPT
削り節,けずりぶし,kezuribushi,flaked bonito bonito,yang terkelupas,N2 JLPT
決起,けっき,kekki,rising to action; standing up against; jumping to one's feet mulai,bertindak; melawan; melompat berdiri,N2 JLPT
血痕,けっこん,kekkon,bloodstain noda darah,noda darah,N2 JLPT
結婚相手,けっこんあいて,kekkonaite,marriage partner; spouse,pasangan nikah; pasangan,N2 JLPT
結婚式,けっこんしき,kekkonshiki,marriage ceremony; wedding; nuptials upacara,pernikahan; pernikahan; pernikahan,N2 JLPT
決済,けっさい,kessai,settlement (of an account); liquidation of debts; payment,penyelesaian (akun); likuidasi utang; pembayaran,N2 JLPT
決裁,けっさい,kessai,sanction; approval; decision sanksi,persetujuan; keputusan,N2 JLPT
決済方法,けっさいほうほう,kessaihouhou,payment method metode,pembayaran,N2 JLPT
結社,けっしゃ,kessha,association; society asosiasi; masyarakat,asosiasi; perkumpulan,N2 JLPT
結集,けっしゅう,kesshuu,"concentration (of efforts, forces, etc.); gathering together; regimentation konsentrasi (usaha, tenaga, dll)",berkumpul,N2 JLPT
決勝戦,けっしょうせん,kesshousen,championship game; finals (of a tournament); deciding round,pertandingan kejuaraan; final (sebuah turnamen);,N2 JLPT
決勝点,けっしょうてん,kesshouten,"winning point; winning goal; game point (tennis, etc.) poin",kemenangan; gol kemenangan; titik,N2 JLPT
決する,けっする,kessuru,to decide; to determine; to resolve,untuk memutuskan; untuk menentukan; untuk menyelesaikan,N2 JLPT
決戦,けっせん,kessen,decisive battle; deciding match; play-off pertempuran,yang menentukan; memutuskan pertandingan; babak play-off,N2 JLPT
決選投票,けっせんとうひょう,kessentouhyou,final vote; run-off ballot pemungutan suara terakhir; pemungutan suara putaran,kedua,N2 JLPT
欠損,けっそん,kesson,deficit; shortage; loss defisit,kekurangan; kerugian,N2 JLPT
決着,けっちゃく,kecchaku,conclusion; decision; end,kesimpulan; keputusan; akhir,N2 JLPT
決定的,けっていてき,ketteiteki,definite; final; decisive pasti; terakhir,menentukan,N2 JLPT
結党,けっとう,kettou,formation of a (political) party,pembentukan partai (politik).,N2 JLPT
潔白,けっぱく,keppaku,innocence; guiltlessness; purity,tidak bersalah; tidak bersalah; kemurnian,N2 JLPT
欠員,けついん,ketsuin,vacant position; vacancy; opening posisi kosong,lowongan; pembukaan,N2 JLPT
血液型,けつえきがた,ketsuekigata,blood type; blood group,golongan darah; golongan darah,N2 JLPT
血液検査,けつえきけんさ,ketsuekikensa,blood test; hemanalysis tes darah; hemananalisis,darah,N2 JLPT
血縁,けつえん,ketsuen,blood relationship; consanguinity,hubungan darah; hubungan darah,N2 JLPT
欠如,けつじょ,ketsujo,lack; absence; shortage,kekurangan; ketiadaan; kekurangan,N2 JLPT
欠場,けつじょう,ketsujou,absence; not taking part ketidakhadiran,tidak ambil bagian,N2 JLPT
決別,けつべつ,ketsubetsu,separation; farewell; parting,pemisahan; selamat tinggal; perpisahan,N2 JLPT
結末,けつまつ,ketsumatsu,end; conclusion akhir,kesimpulan,N2 JLPT
血友病,けつゆうびょう,ketsuyuubyou,hemophilia; haemophilia hemofilia; hemofilia,hemofilia,N2 JLPT
決裂,けつれつ,ketsuretsu,"breakdown (of talks, negotiations, etc.); breaking off; rupture","kegagalan (pembicaraan, negosiasi, dll.); putus;",N2 JLPT
けど,けど,kedo,but; however; although tapi,Namun; meskipun,N2 JLPT
健気,けなげ,kenage,admirable; commendable; praiseworthy,mengagumkan; terpuji; terpuji,N2 JLPT
貶す,けなす,kenasu,to speak ill of; to disparage,untuk berbicara buruk tentang; untuk meremehkan,N2 JLPT
懸念,けねん,kenen,worry; fear; anxiety khawatir; takut,kecemasan,N2 JLPT
けれど,けれど,keredo,but; however; although tapi,Namun; meskipun,N2 JLPT
兼,けん,ken,and (concurrently; e.g. chauffeur and secretary); in addition to; at the same time,dan (merangkap; misalnya sopir dan sekretaris);,N2 JLPT
剣,けん,ken,"sword (esp. a large, double-edged one); blade pedang (khususnya pedang",besar bermata dua); pisau,N2 JLPT
権,けん,ken,right (to do something),benar (untuk melakukan sesuatu),N2 JLPT
険悪,けんあく,kenaku,dangerous; perilous; threatening,berbahaya; berbahaya; mengancam,N2 JLPT
懸案,けんあん,kenan,pending question; unresolved problem pertanyaan,yang tertunda; masalah yang belum terselesaikan,N2 JLPT
県営,けんえい,kenei,(under) prefectural management (di bawah) manajemen prefektur,di bawah manajemen prefektur,N2 JLPT
検疫,けんえき,keneki,quarantine; medical inspection karantina,pemeriksaan medis,N2 JLPT
権益,けんえき,keneki,(one's) interests kepentingan (seseorang).,kepentingan; minat,N2 JLPT
検閲,けんえつ,kenetsu,censorship sensor,penyensoran; sensor,N2 JLPT
嫌悪,けんお,keno,disgust; hate; repugnance rasa jijik,membenci; rasa jijik,N2 JLPT
嫌悪感,けんおかん,kenokan,(feeling of) hatred; (strong) dislike; disgust (perasaan) kebencian; (kuat),tidak suka; rasa jijik,N2 JLPT
喧嘩,けんか,kenka,quarrel; brawl; fight,pertengkaran; ribut; berkelahi,N2 JLPT
献花,けんか,kenka,flower offering; floral tribute; laying flowers,persembahan bunga; penghormatan bunga; meletakkan bunga,N2 JLPT
県下,けんか,kenka,in the prefecture; prefectural di prefektur; prefektur,dalam; di,N2 JLPT
県外,けんがい,kengai,outside the prefecture di luar prefektur,di luar prefektur,N2 JLPT
研究員,けんきゅういん,kenkyuuin,researcher; lab worker peneliti; pekerja laboratorium,murid,N2 JLPT
研究家,けんきゅうか,kenkyuuka,researcher; student (of) peneliti; murid (dari),murid; mahasiswa,N2 JLPT
研究官,けんきゅうかん,kenkyuukan,research officer petugas,penelitian,N2 JLPT
研究結果,けんきゅうけっか,kenkyuukekka,results of a scientific investigation; findings,hasil penyelidikan ilmiah; temuan,N2 JLPT
研究者,けんきゅうしゃ,kenkyuusha,researcher peneliti,peneliti; ilmuwan,N2 JLPT
研究所,けんきゅうじょ,kenkyuujo,research institute; (research) laboratory lembaga,penelitian; laboratorium (penelitian).,N2 JLPT
検挙,けんきょ,kenkyo,arrest; roundup penangkapan,pengumpulan,N2 JLPT
献金,けんきん,kenkin,donation; contribution; offering,sumbangan; kontribusi; penawaran,N2 JLPT
嫌疑,けんぎ,kengi,suspicion kecurigaan,kecurigaan; dugaan,N2 JLPT
建議,けんぎ,kengi,proposition; motion; proposal proposisi,gerakan; usulan,N2 JLPT
県議,けんぎ,kengi,prefectural assembly member anggota majelis prefektur,anggota,N2 JLPT
県警,けんけい,kenkei,prefectural police polisi prefektur,polisi,N2 JLPT
献血,けんけつ,kenketsu,blood donation donor darah,darah,N2 JLPT
健康食品,けんこうしょくひん,kenkoushokuhin,health foods makanan,kesehatan,N2 JLPT
健康診断,けんこうしんだん,kenkoushindan,health checkup; (general),medical examination; physical examination pemeriksaan kesehatan; pemeriksaan kesehatan,N2 JLPT
健康的,けんこうてき,kenkouteki,hygienic; healthy; healthful higienis; sehat,menyehatkan,N2 JLPT
健康保険,けんこうほけん,kenkouhoken,health insurance asuransi,kesehatan,N2 JLPT
建国,けんこく,kenkoku,founding of a nation berdirinya,suatu bangsa,N2 JLPT
検索,けんさく,kensaku,looking up (e.g. a word in a dictionary); search (e.g. on the Internet); retrieval (of information) mencari (misalnya,sebuah kata dalam kamus);,N2 JLPT
検索条件,けんさくじょうけん,kensakujouken,search criteria kriteria,pencarian,N2 JLPT
検察,けんさつ,kensatsu,criminal investigation; prosecution investigasi kriminal,penuntutan,N2 JLPT
検察官,けんさつかん,kensatsukan,public prosecutor jaksa penuntut,umum,N2 JLPT
検察庁,けんさつちょう,kensatsuchou,Public Prosecutors Office Kantor,Kejaksaan,N2 JLPT
建材,けんざい,kenzai,building material bahan,bangunan,N2 JLPT
顕在,けんざい,kenzai,being actual (as opposed to hidden or latent); being apparent; being obvious bersifat aktual (bukan tersembunyi,atau laten);,N2 JLPT
剣士,けんし,kenshi,swordsman; swordswoman; fencer pendekar pedang; pendekar pedang wanita; pemain anggar,pendekar pedang; pemain anggar,N2 JLPT
検視,けんし,kenshi,examination of a body to determine if a crime has been committed pemeriksaan tubuh,untuk menentukan apakah,N2 JLPT
見識,けんしき,kenshiki,views; opinion; discernment,pandangan; pendapat; kebijaksanaan,N2 JLPT
検出,けんしゅつ,kenshutsu,detection; sense (e.g. sensor) deteksi; indera (misalnya sensor),deteksi; sensor; indera,N2 JLPT
憲章,けんしょう,kenshou,charter piagam,piagam; charter,N2 JLPT
検証,けんしょう,kenshou,verification; confirmation; substantiation verifikasi; konfirmasi,pembuktian,N2 JLPT
顕彰,けんしょう,kenshou,honouring (publicly); honoring; making someone's good deeds or achievements well-known menghormati (di depan,umum); menghormati;,N2 JLPT
健診,けんしん,kenshin,health checkup; (general),medical examination; physical examination pemeriksaan kesehatan; pemeriksaan kesehatan,N2 JLPT
検診,けんしん,kenshin,medical examination (for a specific condition or disease); health screening pemeriksaan kesehatan (untuk,kondisi atau,N2 JLPT
堅持,けんじ,kenji,"adhering to (a view, policy, etc.); sticking to; holding fast to berpegang","pada (pandangan, kebijakan, dan",N2 JLPT
検事正,けんじせい,kenjisei,chief public prosecutor kepala jaksa penuntut,umum,N2 JLPT
堅実,けんじつ,kenjitsu,steady; sound; stable stabil; suara; stabil,stabil,N2 JLPT
拳銃,けんじゅう,kenjuu,pistol; handgun pistol; pistol,pistol; handgun,N2 JLPT
献上,けんじょう,kenjou,presenting (to) menyajikan (kepada),menyajikan; mempersembahkan,N2 JLPT
健常者,けんじょうしゃ,kenjousha,person with no physical or mental disability; able-bodied person; non-disabled person,orang yang tidak mempunyai cacat fisik atau,N2 JLPT
賢人,けんじん,kenjin,wise person; virtuous person; sage,orang bijak; orang yang berbudi luhur; bijak,N2 JLPT
件数,けんすう,kensuu,"number of cases, incidents, items","messages, accounts, etc. jumlah kasus, insiden, item, pesan, akun, dll.",N2 JLPT
憲政,けんせい,kensei,constitutional government pemerintahan,yang konstitusional,N2 JLPT
建設省,けんせつしょう,kensetsushou,Ministry of Construction,Kementerian Konstruksi,N2 JLPT
建設的,けんせつてき,kensetsuteki,constructive konstruktif,konstruktif; membangun,N2 JLPT
建造,けんぞう,kenzou,building; construction bangunan; konstruksi,bangunan,N2 JLPT
建造物,けんぞうぶつ,kenzoubutsu,structure; building struktur,bangunan,N2 JLPT
建築家,けんちくか,kenchikuka,architect arsitek,arsitek,N2 JLPT
建築学,けんちくがく,kenchikugaku,architecture arsitektur,arsitektur,N2 JLPT
建築士,けんちくし,kenchikushi,authorized architect and builder; licensed architect; registered architect arsitek,dan pembangun resmi; arsitek berlisensi;,N2 JLPT
建築物,けんちくぶつ,kenchikubutsu,building; structure bangunan; struktur,struktur,N2 JLPT
県知事,けんちじ,kenchiji,prefectural governor gubernur prefektur,prefektural; tingkat prefektur,N2 JLPT
顕著,けんちょ,kencho,remarkable; striking; obvious luar biasa,menyolok; jelas,N2 JLPT
堅調,けんちょう,kenchou,firm (market); bullish,perusahaan (pasar); bullish,N2 JLPT
検定,けんてい,kentei,official certification; official approval; inspection sertifikasi,resmi; persetujuan resmi; inspeksi,N2 JLPT
健闘,けんとう,kentou,fighting bravely; strenuous efforts bertarung,dengan gagah berani; upaya yang berat,N2 JLPT
剣道,けんどう,kendou,kendo; Japanese martial art using bamboo swords kendo; Seni bela diri Jepang,menggunakan pedang bambu,N2 JLPT
県道,けんどう,kendou,prefectural road jalan prefektur,prefektural; tingkat prefektur,N2 JLPT
圏内,けんない,kennai,"inside (a region, area, etc.); within the range (of); within the sphere (of influence, etc.) di","dalam (suatu wilayah, kawasan, dll); dalam",N2 JLPT
県内,けんない,kennai,within the prefecture di,dalam prefektur,N2 JLPT
兼任,けんにん,kennin,serving concurrently as; holding the additional post of merangkap,sebagai; memegang jabatan tambahan,N2 JLPT
鍵盤,けんばん,kenban,"keyboard (of a piano, typewriter, etc.)","keyboard (piano, mesin tik, dll.)",N2 JLPT
見物人,けんぶつにん,kenbutsunin,spectator; sightseer; onlooker penonton; pelancong; penonton,penonton; penyaksi,N2 JLPT
見聞,けんぶん,kenbun,information; experience; knowledge informasi,pengalaman; pengetahuan,N2 JLPT
健保,けんぽ,kenpo,health insurance asuransi,kesehatan,N2 JLPT
県民,けんみん,kenmin,resident of a prefecture; citizen of a prefecture penduduk,suatu prefektur; warga suatu prefektur,N2 JLPT
兼務,けんむ,kenmu,serving concurrently as; concurrently holding the position of; holding the additional post of merangkap,sebagai; merangkap jabatan;,N2 JLPT
検問,けんもん,kenmon,inspection; examination; check inspeksi,penyelidikan; periksa,N2 JLPT
県立,けんりつ,kenritsu,prefectural; managed by a prefectural government prefektur,dikelola oleh pemerintah prefektur,N2 JLPT
迎撃,げいげき,geigeki,intercept; interception; counter-attack,mencegat; penangkapan; serangan balik,N2 JLPT
芸者,げいしゃ,geisha,"geisha; professional female entertainer, usu. at traditional banquets geisha; penghibur wanita profesional, usu.",pada,N1 JLPT
芸術院,げいじゅついん,geijutsuin,academy of arts; arts academy akademi seni; akademi seni,akademi seni,N1 JLPT
芸術家,げいじゅつか,geijutsuka,artist artis,artis; seniman,N1 JLPT
芸術祭,げいじゅつさい,geijutsusai,art festival festival seni,festival seni,N1 JLPT
芸人,げいにん,geinin,(TV) comedian (TV),komedian,N1 JLPT
芸能人,げいのうじん,geinoujin,entertainer; performer; celebrity penghibur; pemain; selebriti,penghibur; artis; selebriti,N1 JLPT
迎賓館,げいひんかん,geihinkan,reception hall (esp. for visiting state dignitaries); guest house aula resepsi (khususnya,untuk mengunjungi,N1 JLPT
芸名,げいめい,geimei,stage name nama panggung,tahap,N1 JLPT
外科医,げかい,gekai,surgeon ahli bedah,ahli bedah; dokter bedah,N1 JLPT
激化,げきか,gekika,intensification; aggravation intensifikasi,kejengkelan,N1 JLPT
劇画,げきが,gekiga,"gekiga; manga with a realistic, dramatic art style and mature themes gekiga; manga","dengan gaya seni realistis,",N1 JLPT
激減,げきげん,gekigen,dramatic decrease; sharp drop; sudden fall,penurunan drastis; penurunan tajam; jatuh tiba-tiba,N1 JLPT
劇作,げきさく,gekisaku,playwriting penulisan naskah drama,penulisan naskah drama,N1 JLPT
激戦,げきせん,gekisen,fierce battle; hard-fought battle; hot contest pertempuran sengit; pertempuran,yang sulit; kontes panas,N1 JLPT
撃墜,げきつい,gekitsui,shooting down (an aircraft),menembak jatuh (pesawat),N1 JLPT
劇的,げきてき,gekiteki,dramatic; exciting; touching dramatis; seru,menyentuh,N1 JLPT
激突,げきとつ,gekitotsu,crash; smashing (into); ramming,kecelakaan; menghancurkan (ke); serudukan,N1 JLPT
激怒,げきど,gekido,rage; fury kemarahan,kemarahan,N1 JLPT
激動,げきどう,gekidou,violent shock; agitation; turbulence,guncangan hebat; agitasi; turbulensi,N1 JLPT
激変,げきへん,gekihen,sudden change; upheaval,perubahan mendadak; pergolakan,N1 JLPT
激論,げきろん,gekiron,heated argument; heated,discussion; heated debate perdebatan sengit; diskusi panas; perdebatan,N1 JLPT
下山,げざん,gezan,descending a mountain; descent,menuruni gunung; keturunan,N1 JLPT
夏至,げし,geshi,summer solstice titik balik matahari musim panas,musim panas,N1 JLPT
下水道,げすいどう,gesuidou,sewer; sewer system; sewerage,saluran pembuangan; sistem saluran pembuangan; saluran pembuangan,N1 JLPT
月刊,げっかん,gekkan,monthly publication; monthly issue publikasi,bulanan; terbitan bulanan,N1 JLPT
月間,げっかん,gekkan,month-long period; month jangka,waktu sebulan; bulan,N1 JLPT
月経,げっけい,gekkei,menstruation; menstrual period,menstruasi; periode menstruasi,N1 JLPT
月光,げっこう,gekkou,moonlight; moonbeam cahaya bulan; sinar bulan,cahaya bulan; sinar bulan,N1 JLPT
月産,げっさん,gessan,monthly output (production),keluaran bulanan (produksi),N1 JLPT
月収,げっしゅう,gesshuu,monthly income pendapatan,bulanan,N1 JLPT
月食,げっしょく,gesshoku,lunar eclipse gerhana bulan,gerhana bulan,N1 JLPT
月額,げつがく,getsugaku,monthly sum; monthly amount jumlah,bulanan; jumlah bulanan,N1 JLPT
月内,げつない,getsunai,by the end of this month,pada akhir bulan ini,N1 JLPT
月面,げつめん,getsumen,moon's surface permukaan bulan,permukaan,N1 JLPT
月曜,げつよう,getsuyou,Monday Senin,Senin,N1 JLPT
月例,げつれい,getsurei,monthly bulanan,bulanan; per bulan,N1 JLPT
解熱,げねつ,genetsu,lowering a fever; alleviation of fever,menurunkan demam; pengurangan demam,N1 JLPT
下野,げや,geya,resigning from (public) office mengundurkan diri,dari jabatan (publik).,N1 JLPT
下落,げらく,geraku,depreciation; decline; fall depresiasi,menolak; jatuh,N1 JLPT
言,げん,gen,word; remark; statement kata; komentar,pernyataan,N1 JLPT
原案,げんあん,genan,original plan; original bill; original motion rencana awal,tagihan asli; gerak asli,N1 JLPT
減員,げんいん,genin,reduction of staff,pengurangan staf,N1 JLPT
減益,げんえき,geneki,decrease in profits,penurunan keuntungan,N1 JLPT
現役,げんえき,geneki,active duty; active service tugas aktif,layanan aktif,N1 JLPT
原価,げんか,genka,cost price harga biaya,harga,N1 JLPT
厳格,げんかく,genkaku,strict; severe; stern ketat,berat; tegas,N1 JLPT
幻覚,げんかく,genkaku,hallucination; illusion halusinasi; ilusi,halusinasi; ilusi,N1 JLPT
減価償却,げんかしょうきゃく,genkashoukyaku,depreciation depresiasi,depresiasi; penyusutan,N1 JLPT
原画,げんが,genga,original picture gambar asli,asli; orisinal,N1 JLPT
弦楽,げんがく,gengaku,music for strings; string music musik,untuk string; musik dawai,N1 JLPT
減額,げんがく,gengaku,reduction (esp. in price or cost); diminution; abatement pengurangan (khususnya harga,atau biaya);,N1 JLPT
減給,げんきゅう,genkyuu,pay cut; salary cut,pemotongan gaji; pemotongan gaji,N1 JLPT
言及,げんきゅう,genkyuu,reference; allusion referensi,kiasan,N1 JLPT
元凶,げんきょう,genkyou,ringleader; main culprit pemimpin kelompok; pelaku,utama,N1 JLPT
現況,げんきょう,genkyou,present condition,kondisi saat ini,N1 JLPT
原義,げんぎ,gengi,original meaning arti,aslinya,N1 JLPT
現行犯,げんこうはん,genkouhan,flagrante delicto; caught red-handed,hal yang mencolok; tertangkap basah,N1 JLPT
原稿用紙,げんこうようし,genkouyoushi,"Japanese writing paper (lined with a square grid, one square per character); manuscript paper Kertas tulis Jepang (dilapisi",dengan kotak,N1 JLPT
原告,げんこく,genkoku,plaintiff; accuser; prosecutor penggugat; penuduh; jaksa,penggugat,N1 JLPT
拳骨,げんこつ,genkotsu,(clenched) fist; knuckles (mengepalkan) tinju; buku-buku jari,tinju; buku-buku jari,N1 JLPT
元号,げんごう,gengou,"name of an imperial era (e.g. Heisei, Shōwa); Japanese era name nama era","kekaisaran (misalnya Heisei, Showa);",N1 JLPT
減産,げんさん,gensan,decrease in production,penurunan produksi,N1 JLPT
原産地,げんさんち,gensanchi,"place of origin (of a plant or animal species, etc.); natural habitat; original home",tempat asal (suatu spesies tumbuhan atau,N1 JLPT
原材料,げんざいりょう,genzairyou,raw materials; ingredients bahan,mentah; bahan,N1 JLPT
原資,げんし,genshi,capital; principal modal,kepala sekolah,N1 JLPT
原子核,げんしかく,genshikaku,nucleus; atomic nucleus inti; inti atom,andalan,N1 JLPT
厳守,げんしゅ,genshu,strict observance; rigid adherence; scrupulous compliance ketaatan,yang ketat; kepatuhan yang kaku;,N1 JLPT
減収,げんしゅう,genshuu,fall; decrease (in income) jatuh,penurunan (dalam pendapatan),N1 JLPT
厳粛,げんしゅく,genshuku,grave; solemn; serious,kuburan; serius; serius,N1 JLPT
現職,げんしょく,genshoku,present post; current office; (an) incumbent posting,ini; kantor saat ini; (seorang) petahana,N1 JLPT
原子力,げんしりょく,genshiryoku,atomic energy; nuclear power energi atom; tenaga nuklir,kekuatan; daya,N1 JLPT
原子炉,げんしろ,genshiro,atomic reactor; nuclear reactor reaktor atom; reaktor nuklir,nuklir,N1 JLPT
源氏,げんじ,genji,Genji (the character in the Genji Monogatari) Genji (karakter,dalam Genji Monogatari),N1 JLPT
現実的,げんじつてき,genjitsuteki,realistic; pragmatic realistis; pragmatis,realistis,N1 JLPT
現時点,げんじてん,genjiten,present point (i.e. in history); at the present time,saat ini (yaitu dalam sejarah); pada saat ini,N1 JLPT
現住所,げんじゅうしょ,genjuusho,(present) address (sekarang) alamat,alamat sekarang; alamat saat ini,N1 JLPT
原人,げんじん,genjin,primitive man manusia primitif,manusia purba; manusia primitif,N1 JLPT
元帥,げんすい,gensui,(field) marshal; (fleet) admiral; general of the army (lapangan) marshal; (armada) laksamana;,armada) laksamana,N1 JLPT
原水爆,げんすいばく,gensuibaku,atomic and hydrogen bombs; nuclear and thermonuclear bombs bom atom,dan hidrogen; bom nuklir dan,N1 JLPT
原生,げんせい,gensei,primeval; primordial; primitive purba; purba; primitif,asal,N1 JLPT
原潜,げんせん,gensen,nuclear submarine kapal selam nuklir,kapal selam nuklir,N1 JLPT
源泉,げんせん,gensen,"source (of a spring, etc.) sumber (mata air, dll.)",sumber,N1 JLPT
減税,げんぜい,genzei,tax reduction pengurangan pajak,reduksi; pengurangan,N1 JLPT
幻想,げんそう,gensou,fantasy; illusion; vision fantasi; ilusi; visi,fantasi; ilusi; visi,N1 JLPT
減速,げんそく,gensoku,deceleration perlambatan,perlambatan,N1 JLPT
減退,げんたい,gentai,decline; ebb; failure,menolak; surut; kegagalan,N1 JLPT
減反,げんたん,gentan,reduction (of crop size); reduction of acreage (under cultivation),pengurangan (ukuran tanaman); pengurangan,N1 JLPT
現代社会,げんだいしゃかい,gendaishakai,modern society masyarakat modern,masyarakat,N1 JLPT
現代的,げんだいてき,gendaiteki,modern; modernistic modern; modernistik,modern,N1 JLPT
現段階,げんだんかい,gendankai,present stage; current phase tahap sekarang; fase,saat ini,N1 JLPT
言質,げんち,genchi,commitment; pledge; promise komitmen; sumpah; janji,janji,N1 JLPT
減点,げんてん,genten,subtracting points; deducting points,pengurangan poin; pengurangan poin,N1 JLPT
言動,げんどう,gendou,speech and conduct; words and actions; words and deeds ucapan,dan perilaku; kata-kata dan tindakan;,N1 JLPT
原動力,げんどうりょく,gendouryoku,motive power; driving force,kekuatan motif; kekuatan pendorong,N1 JLPT
限度額,げんどがく,gendogaku,"limit (amount, e.g. on credit card, loan, expenditure) batas (jumlah","misalnya pada kartu kredit,",N1 JLPT
原発,げんぱつ,genpatsu,nuclear power plant; nuclear power generation pembangkit listrik tenaga nuklir; pembangkit listrik tenaga nuklir,generasi,N1 JLPT
現物,げんぶつ,genbutsu,actual article or goods barang,atau barang sebenarnya,N1 JLPT
原本,げんぽん,genpon,"original (document, copy, work, text, etc.) asli (dokumen","salinan, karya, teks, dll.)",N1 JLPT
玄米,げんまい,genmai,unpolished rice; unmilled rice; brown rice nasi mentah; beras,yang belum digiling; nasi merah,N1 JLPT
減免,げんめん,genmen,reduction and exemption (e.g. taxes); mitigation and remission (e.g. in criminal law) pengurangan,dan pembebasan (misalnya pajak);,N1 JLPT
原野,げんや,genya,waste land; wilderness; moor menyia-nyiakan lahan; gurun,tegalan,N1 JLPT
現有,げんゆう,genyuu,present; existing hadir,yang ada,N1 JLPT
源流,げんりゅう,genryuu,source (e.g. of a river); headwaters sumber (misalnya sungai); hulu,sumber,N1 JLPT
減量,げんりょう,genryou,loss in weight (esp. body weight); weight reduction penurunan,berat badan (khususnya berat badan);,N1 JLPT
元禄,げんろく,genroku,Genroku era (1688.9.30-1704.3.13) Era Genroku (1688.9.30-1704.3.13),Era Genroku (1688-1704),N1 JLPT
個,こ,ko,counter for (small) things or pieces counter,untuk benda atau potongan (kecil).,N1 JLPT
故意,こい,koi,intent; intention; bad faith niat; maksud; itikad,buruk,N1 JLPT
鯉,こい,koi,common carp (Cyprinus carpio); koi carp ikan mas (Cyprinus carpio); ikan koi,umum; biasa,N1 JLPT
此奴,こいつ,koitsu,he; she; this fellow,dia; dia; orang ini,N1 JLPT
こいつ等,こいつら,koitsura,these guys; these fellows orang-orang,ini; orang-orang ini,N1 JLPT
子犬,こいぬ,koinu,puppy anak anjing,anak anjing,N1 JLPT
斯う,こう,kou,in this way; like this; so,dengan cara ini; seperti ini; jadi,N1 JLPT
稿,こう,kou,manuscript; version; draft naskah; versi; draf,naskah; draf; versi,N1 JLPT
高圧,こうあつ,kouatsu,high voltage; high pressure tegangan,tinggi; tekanan tinggi,N1 JLPT
公安,こうあん,kouan,public peace; public safety; public security perdamaian,publik; keamanan publik; keamanan publik,N1 JLPT
公安委員会,こうあんいいんかい,kouaniinkai,public safety commission komisi keamanan,publik,N1 JLPT
厚意,こうい,koui,kindness (shown by others); courtesy; favor kebaikan (ditunjukkan oleh,orang lain); kesopanan; mendukung,N1 JLPT
高位,こうい,koui,dignity; eminent; high ranking martabat; terkenal; peringkat,tinggi,N1 JLPT
こう言う,こういう,kouiu,such; this sort of; like this,seperti itu; semacam ini; seperti ini,N1 JLPT
広域,こういき,kouiki,wide area wilayah,yang luas,N1 JLPT
更衣室,こういしつ,kouishitsu,locker room; changing room; dressing room ruang ganti; ruang ganti; ruang ganti,kamar; ruangan,N1 JLPT
後遺症,こういしょう,kouishou,prognostic symptoms; after-effect; sequela gejala prognosis; efek,setelahnya; gejala sisa,N1 JLPT
こう言った,こういった,kouitta,this sort of; this type of semacam,ini; jenis ini,N1 JLPT
行員,こういん,kouin,bank clerk pegawai bank,bank,N1 JLPT
降雨,こうう,kouu,rainfall; rain curah hujan; hujan,hujan,N1 JLPT
光栄,こうえい,kouei,honour; honor; glory,kehormatan; menghormati; kemuliaan,N1 JLPT
公営,こうえい,kouei,public management manajemen,publik,N1 JLPT
交易,こうえき,koueki,trade; commerce perdagangan,perdagangan,N1 JLPT
公益,こうえき,koueki,public interest; public benefit; public good kepentingan,umum; kepentingan umum; barang publik,N1 JLPT
公益法人,こうえきほうじん,kouekihoujin,public-service corporation; charitable corporation perusahaan layanan,publik; perusahaan amal,N1 JLPT
後援,こうえん,kouen,support; backing dukungan,dukungan,N1 JLPT
講演会,こうえんかい,kouenkai,lecture (esp. special engagement by noted speaker); lecture,meeting (event with one or more lectures),N1 JLPT
高温,こうおん,kouon,high temperature suhu,tinggi,N1 JLPT
高音,こうおん,kouon,high-pitched tone; soprano nada,tinggi; sopran,N1 JLPT
工科,こうか,kouka,engineering course kursus teknik,rekayasa; teknik,N1 JLPT
校歌,こうか,kouka,school song; college song; school anthem lagu sekolah; lagu kampus; lagu sekolah,sekolah,N1 JLPT
硬化,こうか,kouka,hardening; vulcanization; vulcanisation,pengerasan; pulkanisasi; vulkanisasi,N1 JLPT
高架,こうか,kouka,elevated (structure); overhead,ditinggikan (struktur); di atas kepala,N1 JLPT
公海,こうかい,koukai,high seas; international waters laut lepas,perairan internasional,N1 JLPT
公開,こうかい,koukai,opening to the public; making available to the public; exhibiting pembukaan,untuk umum; menyediakannya,N1 JLPT
更改,こうかい,koukai,renewal; extension; revision,pembaharuan; perpanjangan; revisi,N1 JLPT
公開中,こうかいちゅう,koukaichuu,"now available (e.g. for sale); now showing (e.g. film, exhibition) sekarang tersedia (misalnya",untuk dijual); sedang,N1 JLPT
公会堂,こうかいどう,koukaidou,town hall; public hall balai kota; aula,umum,N1 JLPT
降格,こうかく,koukaku,demotion; relegation; downgrading,penurunan pangkat; degradasi; penurunan peringkat,N1 JLPT
効果的,こうかてき,koukateki,effective; successful efektif,berhasil,N1 JLPT
公館,こうかん,koukan,official residence kediaman,resmi,N1 JLPT
好感,こうかん,koukan,good feeling; good will; favourable impression perasaan,baik; niat baik; kesan yang baik,N1 JLPT
高官,こうかん,koukan,high official pejabat,tinggi,N1 JLPT
好感度,こうかんど,koukando,likability; favorability; popularity,disukai; kesukaan; popularitas,N1 JLPT
光学,こうがく,kougaku,optics optik,optik; ilmu cahaya,N1 JLPT
高額,こうがく,kougaku,large sum (of money); large amount sejumlah,besar (uang); jumlah besar,N1 JLPT
光学式文字認識,こうがくしきもじにんしき,kougakushikimojininshiki,optical character recognition; OCR,pengenalan karakter optik; OCR,N1 JLPT
高学年,こうがくねん,kougakunen,"upper grades of primary school (sixth, fifth, and sometimes fourth grades) kelas atas sekolah dasar (kelas","enam, lima, dan",N1 JLPT
工学部,こうがくぶ,kougakubu,faculty of engineering; school of engineering; college of engineering fakultas teknik; sekolah teknik; perguruan,tinggi,N1 JLPT
好機,こうき,kouki,good opportunity; chance peluang bagus,kesempatan,N1 JLPT
後期,こうき,kouki,latter period; second half; late stage periode terakhir; babak,kedua; tahap akhir,N1 JLPT
高気圧,こうきあつ,koukiatsu,high (atmospheric) pressure; high-pressure system; high-pressure zone tekanan,tinggi (atmosfer); sistem tekanan tinggi;,N1 JLPT
好奇心,こうきしん,koukishin,curiosity; inquisitiveness rasa ingin tahu; rasa ingin tahu,rasa ingin tahu,N1 JLPT
恒久,こうきゅう,koukyuu,permanence; perpetuity keabadian,keabadian,N1 JLPT
高給,こうきゅう,koukyuu,high salary gaji,yang tinggi,N1 JLPT
交響楽団,こうきょうがくだん,koukyougakudan,symphony orchestra orkestra simfoni,orkestra simfoni,N1 JLPT
交響曲,こうきょうきょく,koukyoukyoku,symphony simfoni,simfoni,N1 JLPT
公共放送,こうきょうほうそう,koukyouhousou,"public broadcasting (e.g. NHK, BBC) penyiaran","publik (misalnya NHK, BBC)",N1 JLPT
公共料金,こうきょうりょうきん,koukyouryoukin,public utilities charge biaya utilitas,umum,N1 JLPT
公金,こうきん,koukin,public funds dana,publik,N1 JLPT
抗菌,こうきん,koukin,antibacterial; antimicrobial antibakteri; antimikroba,antibakteri; antimikroba,N1 JLPT
拘禁,こうきん,koukin,detention; custody; confinement,penahanan; hak asuh; kurungan,N1 JLPT
興行,こうぎょう,kougyou,show; performance; act,tunjukkan; pertunjukan; bertindak,N1 JLPT
鉱区,こうく,kouku,mining area; mine lot wilayah,pertambangan; milikku,N1 JLPT
航空会社,こうくうがいしゃ,koukuugaisha,airline company perusahaan,penerbangan,N1 JLPT
航空機,こうくうき,koukuuki,aircraft pesawat terbang,pesawat terbang,N1 JLPT
航空券,こうくうけん,koukuuken,airline ticket; plane ticket; air ticket tiket pesawat; tiket pesawat; tiket pesawat,tiket,N1 JLPT
航空自衛隊,こうくうじえいたい,koukuujieitai,Japan Air Self-Defense Force; JASDF,Angkatan Udara Bela Diri Jepang; JASDF,N1 JLPT
航空便,こうくうびん,koukuubin,airmail; air mail pos udara; surat udara,udara,N1 JLPT
口径,こうけい,koukei,aperture; bore; calibre,bukaan; membosankan; kaliber,N1 JLPT
後継,こうけい,koukei,succession suksesi,suksesi,N1 JLPT
好景気,こうけいき,koukeiki,good times; boom; (wave of) prosperity saat-saat indah,ledakan; (gelombang) kemakmuran,N1 JLPT
高血圧,こうけつあつ,kouketsuatsu,high blood pressure; hypertension tekanan darah,tinggi; hipertensi,N1 JLPT
後見,こうけん,kouken,guardianship; guardian perwalian; wali,perwalian; wali,N1 JLPT
高見,こうけん,kouken,your views; your opinion pandangan,Anda; pendapat Anda,N1 JLPT
公言,こうげん,kougen,declaration; profession deklarasi; profesi,deklarasi; pernyataan,N1 JLPT
抗原,こうげん,kougen,antigen antigen,antigen,N1 JLPT
公庫,こうこ,kouko,finance corporation perusahaan,keuangan,N1 JLPT
航行,こうこう,koukou,cruise; navigation; sailing,pelayaran; navigasi; berlayar,N1 JLPT
高校,こうこう,koukou,senior high school; high school sekolah,menengah atas; sekolah menengah,N1 JLPT
抗告,こうこく,koukoku,appeal; protest; complaint banding; protes,keluhan,N1 JLPT
口語,こうご,kougo,spoken language; colloquial speech bahasa lisan; pidato sehari-hari,bahasa lisan; bahasa percakapan,N1 JLPT
皇后,こうごう,kougou,empress (consort) permaisuri (permaisuri),permaisuri; ratu,N1 JLPT
公債,こうさい,kousai,public debt; public bond; government securities utang,publik; obligasi publik; sekuritas pemerintah,N1 JLPT
高裁,こうさい,kousai,High Court Pengadilan,Tinggi,N1 JLPT
交際費,こうさいひ,kousaihi,entertainment expenses biaya,hiburan,N1 JLPT
工作員,こうさくいん,kousakuin,spy; agent provocateur; covert operative mata-mata; intel; operasi rahasia,mata-mata; agen rahasia,N1 JLPT
工作機械,こうさくきかい,kousakukikai,machine tool alat,mesin,N1 JLPT
考察,こうさつ,kousatsu,consideration; inquiry; enquiry,pertimbangan; pertanyaan; pertanyaan,N1 JLPT
公算,こうさん,kousan,probability; likelihood kemungkinan,kemungkinan,N1 JLPT
降参,こうさん,kousan,surrender; submission; capitulation,menyerah; penyerahan; menyerah,N1 JLPT
口座,こうざ,kouza,account (e.g. bank) rekening (misalnya bank),rekening (bank),N1 JLPT
講座,こうざ,kouza,course (e.g. of lectures) mata kuliah (misalnya kuliah),mata kuliah; kursus,N1 JLPT
鋼材,こうざい,kouzai,steel material bahan baja,material; bahan,N1 JLPT
口座番号,こうざばんごう,kouzabangou,"account number (bank, etc.) nomor rekening (bank, dll.)",angka; jumlah,N1 JLPT
高山,こうざん,kouzan,high mountain; alpine mountain gunung,tinggi; gunung alpen,N1 JLPT
公使,こうし,koushi,"envoy; diplomat below the rank of ambassador (e.g. deputy chief of mission, charge d'affaires); minister (of legation)",biaya; dakwaan; mengisi daya,N1 JLPT
公子,こうし,koushi,young nobleman bangsawan,muda,N1 JLPT
公私,こうし,koushi,public and private matters; official and personal affairs; professional and personal lives urusan,publik dan pribadi; urusan resmi dan,N1 JLPT
子牛,こうし,koushi,calf betis,betis,N1 JLPT
格子,こうし,koushi,lattice; latticework; window bars kisi; banji; jeruji jendela,kisi-kisi; jeruji jendela,N1 JLPT
行使,こうし,koushi,"use; exercise (of one's right, authority, power, etc.)","gunakan; pelaksanaan (hak, wewenang,",N1 JLPT
甲子園,こうしえん,koushien,"Koshien Stadium (baseball park in Nishinomiya, Hyōgo Prefecture) Stadion Koshien (taman bisbol di Nishinomiya,",taman,N1 JLPT
硬式,こうしき,koushiki,"hard (esp. of hardball, tennis, etc.)","keras (khususnya hardball, tenis, dll.)",N1 JLPT
公式戦,こうしきせん,koushikisen,official match; regular game; regular-season game pertandingan,resmi; permainan biasa; pertandingan musim reguler,N1 JLPT
公式サイト,こうしきサイト,koushikisaito,official website situs web,resmi,N1 JLPT
皇室,こうしつ,koushitsu,Imperial household Rumah tangga,kekaisaran,N1 JLPT
公社,こうしゃ,kousha,public corporation perusahaan,publik,N1 JLPT
公舎,こうしゃ,kousha,official residence kediaman,resmi,N1 JLPT
公社債,こうしゃさい,koushasai,public bonds obligasi,publik,N1 JLPT
好守,こうしゅ,koushu,good fielding tangkas,yang bagus,N1 JLPT
攻守,こうしゅ,koushu,offense and defense; offence and defence; batting and fielding pelanggaran,dan pertahanan; pelanggaran dan,N1 JLPT
広州,こうしゅう,koushuu,Guangzhou (China); Canton Guangzhou (Tiongkok); Kanton,Guangzhou (Tiongkok); Kanton,N1 JLPT
公衆衛生,こうしゅうえいせい,koushuueisei,public health; public hygiene; sanitation,kesehatan masyarakat; kebersihan masyarakat; sanitasi,N1 JLPT
公衆電話,こうしゅうでんわ,koushuudenwa,public telephone; pay phone telepon,umum; telepon umum,N1 JLPT
高収入,こうしゅうにゅう,koushuunyuu,high income pendapatan,tinggi,N1 JLPT
高所,こうしょ,kousho,high place; high ground; height,tempat yang tinggi; dataran tinggi; tinggi,N1 JLPT
公称,こうしょう,koushou,public announcement; official statement; official claim pengumuman,publik; pernyataan resmi; klaim,N1 JLPT
厚相,こうしょう,koushou,Welfare Minister Menteri,Kesejahteraan,N1 JLPT
公職,こうしょく,koushoku,public office jabatan,publik,N1 JLPT
交信,こうしん,koushin,telecommunications; correspondence telekomunikasi; korespondensi,telekomunikasi; korespondensi,N1 JLPT
後進,こうしん,koushin,one's junior; younger generation; next generation juniornya; generasi,muda; generasi berikutnya,N1 JLPT
更新,こうしん,koushin,renewal; update; replacement,pembaharuan; memperbarui; penggantian,N1 JLPT
公示,こうじ,kouji,public announcement; official notice; edict pengumuman,publik; pemberitahuan resmi; dekrit,N1 JLPT
麹,こうじ,kouji,kōji; malted rice; malt koji; nasi malt; malt,koji; nasi fermentasi; malt,N1 JLPT
工事中,こうじちゅう,koujichuu,under construction sedang,dibangun,N1 JLPT
口上,こうじょう,koujou,vocal message; speech; statement pesan vokal; pidato,pernyataan,N1 JLPT
恒常,こうじょう,koujou,constancy; permanence keteguhan,keabadian,N1 JLPT
甲状腺,こうじょうせん,koujousen,thyroid (gland) tiroid (kelenjar),kelenjar tiroid,N1 JLPT
公序良俗,こうじょりょうぞく,koujoryouzoku,public order and morals; social standards; public policy ketertiban,umum dan moral; standar sosial;,N1 JLPT
公人,こうじん,koujin,public character karakter,publik,N1 JLPT
高水準,こうすいじゅん,kousuijun,high level,tingkat tinggi,N1 JLPT
降水量,こうすいりょう,kousuiryou,amount of precipitation; precipitation jumlah curah hujan; curah hujan,jumlah,N1 JLPT
こうすると,こうすると,kousuruto,having done this; if this is done; if it is done in this way,setelah melakukan ini; jika ini dilakukan; jika,N1 JLPT
こうすれば,こうすれば,kousureba,if you do this; if this is the case,jika Anda melakukan ini; jika ini masalahnya,N1 JLPT
構図,こうず,kouzu,composition (of painting); structural outline; compositional arrangement komposisi (lukisan); garis,besar struktural;,N1 JLPT
講ずる,こうずる,kouzuru,to lecture; to read aloud; to give a lecture (on),untuk memberi kuliah; untuk membaca dengan suara keras; untuk memberikan ceramah (pada),N1 JLPT
厚生,こうせい,kousei,welfare; public welfare; social welfare,kesejahteraan; kesejahteraan masyarakat; kesejahteraan sosial,N1 JLPT
後世,こうせい,kousei,posterity; future generations; future life,keturunan; generasi mendatang; kehidupan masa depan,N1 JLPT
攻勢,こうせい,kousei,offensive (movement); aggression ofensif (gerakan); agresi,agresi; serangan,N1 JLPT
更正,こうせい,kousei,correction; revision; rectification koreksi; revisi,perbaikan,N1 JLPT
更生,こうせい,kousei,rehabilitation; remaking one's life; starting life anew rehabilitasi; mengubah hidup,seseorang; memulai,N1 JLPT
厚生省,こうせいしょう,kouseishou,(former) Ministry of Health and Welfare (mantan) Kementerian Kesehatan,dan Kesejahteraan,N1 JLPT
好成績,こうせいせき,kouseiseki,good results,hasil yang bagus,N1 JLPT
厚生年金,こうせいねんきん,kouseinenkin,welfare pension pensiun,kesejahteraan,N1 JLPT
高性能,こうせいのう,kouseinou,high efficiency; high performance efisiensi,tinggi; kinerja tinggi,N1 JLPT
抗生物質,こうせいぶっしつ,kouseibusshitsu,antibiotic antibiotik,antibiotik,N1 JLPT
公設,こうせつ,kousetsu,public (institution),publik (institusi),N1 JLPT
降雪,こうせつ,kousetsu,snowfall; snow hujan salju; salju,salju,N1 JLPT
交戦,こうせん,kousen,war; battle; hostilities,perang; pertempuran; permusuhan,N1 JLPT
公選,こうせん,kousen,public election; election by popular vote pemilihan,umum; pemilihan berdasarkan suara terbanyak,N1 JLPT
抗戦,こうせん,kousen,resistance resistensi,perlawanan; resistensi,N1 JLPT
公訴,こうそ,kouso,(public) prosecution; indictment; accusation,penuntutan (publik); dakwaan; tuduhan,N1 JLPT
控訴,こうそ,kouso,appeal to a higher court; intermediate appeal mengajukan banding ke pengadilan,yang lebih tinggi; banding perantara,N1 JLPT
酵素,こうそ,kouso,enzyme enzim,enzim,N1 JLPT
校則,こうそく,kousoku,school rules; school regulations,peraturan sekolah; peraturan sekolah,N1 JLPT
梗塞,こうそく,kousoku,stoppage; blocking penghentian,memblokir,N1 JLPT
高速度,こうそくど,kousokudo,high speed kecepatan,tinggi,N1 JLPT
高速道路,こうそくどうろ,kousokudouro,highway; freeway; expressway jalan raya; jalan bebas,hambatan; jalan tol,N1 JLPT
高速バス,こうそくバス,kousokubasu,express intercity bus bus antar kota ekspres,mengungkapkan,N1 JLPT
高卒,こうそつ,kousotsu,having graduated from high school (as one's highest completed level of education); high school graduate,sekolah,N1 JLPT
構造物,こうぞうぶつ,kouzoubutsu,structure struktur,struktur,N1 JLPT
後続,こうぞく,kouzoku,succeeding; following; trailing berhasil,mengikuti; tertinggal,N1 JLPT
皇族,こうぞく,kouzoku,imperial family; royalty,keluarga kekaisaran; royalti,N1 JLPT
交代,こうたい,koutai,change; alternation; rotation,perubahan; alternasi; rotasi,N1 JLPT
抗体,こうたい,koutai,antibody antibodi,antibodi,N1 JLPT
皇太后,こうたいごう,koutaigou,Empress Dowager; Queen Mother Janda,Permaisuri; Ibu Suri,N1 JLPT
皇太子,こうたいし,koutaishi,crown prince putra mahkota,putra mahkota,N1 JLPT
皇太子妃,こうたいしひ,koutaishihi,crown princess putri mahkota,putri mahkota,N1 JLPT
広大,こうだい,koudai,vast; extensive; immense,luas; luas; sangat besar,N1 JLPT
講談,こうだん,koudan,"storytelling (of war chronicles, revenge tales, etc.) with highly dramatic delivery; story","bercerita (tentang perang, kisah balas dendam,",N1 JLPT
拘置,こうち,kouchi,detention; confinement; arrest,penahanan; kurungan; penangkapan,N1 JLPT
高地,こうち,kouchi,high ground; plateau; heights dataran,tinggi; dataran tinggi; ketinggian,N1 JLPT
構築,こうちく,kouchiku,construction; building; putting up konstruksi,bangunan; memasang,N1 JLPT
拘置所,こうちしょ,kouchisho,prison; detention house; detention center penjara; rumah,tahanan; pusat penahanan,N1 JLPT
紅潮,こうちょう,kouchou,flush; blush siram,memerah,N1 JLPT
公聴会,こうちょうかい,kouchoukai,public hearing audiensi,publik,N1 JLPT
硬直,こうちょく,kouchoku,stiffening; rigidity; rigor,menjadi kaku; kekakuan; ketelitian,N1 JLPT
交通事故,こうつうじこ,koutsuujiko,traffic accident kecelakaan lalu lintas,kecelakaan; musibah,N1 JLPT
交通費,こうつうひ,koutsuuhi,traveling expenses; travelling expenses; carfare biaya,perjalanan; biaya perjalanan; ongkos kirim,N1 JLPT
交通網,こうつうもう,koutsuumou,transportation network; transport network; traffic network,jaringan transportasi; jaringan transportasi;,N1 JLPT
好都合,こうつごう,koutsugou,convenient; favorable; favourable nyaman,baik; menguntungkan,N1 JLPT
公定,こうてい,koutei,"official (rate, price, etc.); officially fixed","resmi (tarif, harga, dll); ditetapkan secara resmi",N1 JLPT
公邸,こうてい,koutei,official residence kediaman,resmi,N1 JLPT
工程,こうてい,koutei,process; operation; stage of a process,proses; operasi; tahap suatu proses,N1 JLPT
皇帝,こうてい,koutei,emperor kaisar,kaisar,N1 JLPT
行程,こうてい,koutei,journey; course; distance,perjalanan; kursus; jarak,N1 JLPT
高低,こうてい,koutei,high and low; rise and fall,tinggi dan rendah; naik dan turun,N1 JLPT
公定歩合,こうていぶあい,kouteibuai,official discount (bank) rate,tingkat diskon resmi (bank).,N1 JLPT
公的,こうてき,kouteki,public; official,publik; resmi,N1 JLPT
更迭,こうてつ,koutetsu,change (of personnel); reshuffle (e.g. of a cabinet); shake-up,perubahan (personel); perombakan (misalnya,N1 JLPT
好天,こうてん,kouten,fine weather cuaca bagus,denda; bagus,N1 JLPT
好転,こうてん,kouten,changing for the better berubah,menjadi lebih baik,N1 JLPT
後天的,こうてんてき,koutenteki,acquired (e.g. characteristic); learned (e.g. behaviour),diperoleh (misalnya karakteristik); dipelajari,N1 JLPT
好投,こうとう,koutou,good (nice) pitching lemparan,yang bagus (bagus).,N1 JLPT
高騰,こうとう,koutou,sharp rise (in prices); steep rise; substantial increase,kenaikan tajam (harga); kenaikan tajam;,N1 JLPT
高等教育,こうとうきょういく,koutoukyouiku,higher education; tertiary education pendidikan,tinggi; pendidikan tinggi,N1 JLPT
口頭弁論,こうとうべんろん,koutoubenron,oral proceedings; oral pleadings,proses lisan; permohonan lisan,N1 JLPT
校内,こうない,kounai,within a school,dalam sebuah sekolah,N1 JLPT
構内,こうない,kounai,premises; grounds; campus,tempat; alasan; kampus,N1 JLPT
港内,こうない,kounai,inside the harbour; inside the harbor di,dalam pelabuhan; di dalam pelabuhan,N1 JLPT
抗日,こうにち,kounichi,"resistance against Japanese aggression; anti-Japanese (campaign, movement, etc.)",perlawanan terhadap agresi Jepang; anti-Jepang,N1 JLPT
後任,こうにん,kounin,successor penerus,penerus; pengganti,N1 JLPT
公認会計士,こうにんかいけいし,kouninkaikeishi,certified public accountant akuntan,publik bersertifikat,N1 JLPT
高熱,こうねつ,kounetsu,high fever demam,tinggi,N1 JLPT
効能,こうのう,kounou,effect; effectiveness; efficacy efek; efektivitas,kemanjuran,N1 JLPT
硬派,こうは,kouha,hard-liners; diehards; hawks garis,keras; orang yang keras kepala; elang,N1 JLPT
紅白,こうはく,kouhaku,red and white; colours for festive or auspicious occasions (colors),merah dan putih; warna untuk acara perayaan,N1 JLPT
後発,こうはつ,kouhatsu,starting late; late departure mulai,terlambat; keberangkatan terlambat,N1 JLPT
公判,こうはん,kouhan,public hearing; trial audiensi,publik; percobaan,N1 JLPT
広範,こうはん,kouhan,wide; extensive; comprehensive lebar,luas; komprehensif,N1 JLPT
後半,こうはん,kouhan,second half; latter half babak,kedua; paruh kedua,N1 JLPT
鋼板,こうはん,kouhan,steel sheet; steel plate,lembaran baja; pelat baja,N1 JLPT
広範囲,こうはんい,kouhani,extensive; vast range; wide scope,luas; jangkauan luas; cakupan yang luas,N1 JLPT
後半戦,こうはんせん,kouhansen,second half babak,kedua,N1 JLPT
勾配,こうばい,koubai,slope; incline; gradient,kemiringan; lereng; gradien,N1 JLPT
購買力,こうばいりょく,koubairyoku,buying power; purchasing power daya beli; daya beli,kekuatan; daya,N1 JLPT
香ばしい,こうばしい,koubashii,"aromatic (roasted beans, roasted tea, etc.); fragrant (e.g. burning wood); pleasant-smelling aromatik (kacang panggang, teh panggang, dll.);",tempat asal (suatu spesies tumbuhan atau,N1 JLPT
降板,こうばん,kouban,leaving the mound; being knocked out,meninggalkan gundukan; tersingkir,N1 JLPT
公費,こうひ,kouhi,public expense; public funds; public money pengeluaran,publik; dana publik; uang publik,N1 JLPT
工費,こうひ,kouhi,construction cost biaya konstruksi,biaya,N1 JLPT
高品質,こうひんしつ,kouhinshitsu,high quality berkualitas,tinggi,N1 JLPT
公布,こうふ,koufu,official proclamation; announcement; promulgation (e.g. of regulations) pengumuman,resmi; pengumuman; pengumuman,N1 JLPT
後部,こうぶ,koubu,rear; stern belakang; tegas,kembali,N1 JLPT
好物,こうぶつ,koubutsu,favourite dish (favorite); favourite food,hidangan favorit (favorit); makanan favorit,N1 JLPT
公文,こうぶん,koubun,official document; archives dokumen,resmi; arsip,N1 JLPT
公文書,こうぶんしょ,koubunsho,official document; archives dokumen,resmi; arsip,N1 JLPT
工兵,こうへい,kouhei,combat engineer; military engineer; combat engineering insinyur tempur; insinyur militer; teknik tempur,militer,N1 JLPT
神戸,こうべ,koube,Kobe (city) Kobe (kota),Kobe (kota),N1 JLPT
公報,こうほう,kouhou,official bulletin; communique buletin,resmi; komunike,N1 JLPT
工法,こうほう,kouhou,method of construction,metode konstruksi,N1 JLPT
広報,こうほう,kouhou,public relations; PR; publicity,hubungan masyarakat; PR; publisitas,N1 JLPT
後方,こうほう,kouhou,rear; back; behind belakang,kembali; di belakang,N1 JLPT
航法,こうほう,kouhou,sailing; navigation berlayar; navigasi,berlayar; navigasi,N1 JLPT
候補者,こうほしゃ,kouhosha,candidate; applicant calon; pemohon,pemohon; pelamar,N1 JLPT
工房,こうぼう,koubou,workshop; studio; atelier bengkel; studio; studio,bengkel; studio; atelier,N1 JLPT
攻防,こうぼう,koubou,offense and defense; offence and defence pelanggaran,dan pertahanan; pelanggaran dan pertahanan,N1 JLPT
光明,こうみょう,koumyou,bright light cahaya,terang,N1 JLPT
公民,こうみん,koumin,citizen warga negara,warga negara,N1 JLPT
公民館,こうみんかん,kouminkan,public hall; community center; community centre aula,umum; pusat komunitas; pusat komunitas,N1 JLPT
公民権,こうみんけん,kouminken,civil rights; franchise; citizenship hak-hak sipil; waralaba,kewarganegaraan,N1 JLPT
皇民党,こうみんとう,koumintou,Imperialist Party Partai Imperialis,Partai Imperialis,N1 JLPT
工務,こうむ,koumu,engineering; engineering works teknik,pekerjaan teknik,N1 JLPT
公明,こうめい,koumei,fairness; openness; impartiality,keadilan; keterbukaan; ketidakberpihakan,N1 JLPT
高名,こうめい,koumei,famous; well-known; renowned,terkenal; terkenal; terkenal,N1 JLPT
公明党,こうめいとう,koumeitou,Komeito (Japanese political party) Komeito (partai politik Jepang),politik,N1 JLPT
校門,こうもん,koumon,school gate gerbang sekolah,sekolah,N1 JLPT
紺屋,こうや,kouya,dyer pewarna,tukang pewarna; pencelup,N1 JLPT
荒野,こうや,kouya,wasteland; wilderness; deserted land gurun; gurun; tanah,yang sepi,N1 JLPT
公約,こうやく,kouyaku,public commitment; public promise; campaign pledge komitmen,publik; janji publik; janji kampanye,N1 JLPT
交友,こうゆう,kouyuu,friend; companion; acquaintance teman; pendamping,kenalan,N1 JLPT
公有,こうゆう,kouyuu,public ownership kepemilikan,publik,N1 JLPT
効用,こうよう,kouyou,use; utility; effect,gunakan; kegunaan; efek,N1 JLPT
高揚,こうよう,kouyou,elevation (of spirits); raising (of morale); uplift,peninggian (roh); peningkatan (moral); mengangkat,N1 JLPT
広葉樹,こうようじゅ,kouyouju,broadleaf tree; broad-leaved tree pohon,berdaun lebar; pohon berdaun lebar,N1 JLPT
高麗,こうらい,kourai,Goryeo (dynasty of Korea; 918-1392 CE); Kory Goryeo (dinasti Korea; 918-1392 M); Koryo,Goryeo (dinasti Korea; 918–1392 M),N1 JLPT
行楽,こうらく,kouraku,outing; excursion; pleasure trip jalan-jalan; tamasya,perjalanan kesenangan,N1 JLPT
行楽地,こうらくち,kourakuchi,tourist resort; holiday resort resor wisata; resor,liburan,N1 JLPT
小売価格,こうりかかく,kourikakaku,retail price harga,eceran,N1 JLPT
高率,こうりつ,kouritsu,high rate,tingkat tinggi,N1 JLPT
効率的,こうりつてき,kouritsuteki,efficient efisien,efisien,N1 JLPT
小売り店,こうりてん,kouriten,retail store; retail shop toko,eceran; toko eceran,N1 JLPT
攻略,こうりゃく,kouryaku,capture (of enemy territory); taking (by storm); conquest,perebutan (wilayah musuh); mengambil (dengan,N1 JLPT
綱領,こうりょう,kouryou,general plan; main points; summary rencana,umum; poin utama; ringkasan,N1 JLPT
恒例,こうれい,kourei,established practice; custom praktik,yang sudah mapan; adat,N1 JLPT
高齢,こうれい,kourei,,-,N1 JLPT
高齢者,こうれいしゃ,koureisha,old person; elderly person; senior citizen,orang tua; orang lanjut usia; warga negara senior,N1 JLPT
航路,こうろ,kouro,(air or sea) route; course; line jalur (udara,atau laut); kursus; garis,N1 JLPT
高炉,こうろ,kouro,blast furnace tanur,tinggi,N1 JLPT
功労,こうろう,kourou,meritorious deed; services perbuatan,baik; layanan,N1 JLPT
公論,こうろん,kouron,public opinion; unbiased criticism; unbiassed criticism opini,publik; kritik yang tidak memihak; kritik yang,N1 JLPT
口論,こうろん,kouron,quarrel; argument; row,pertengkaran; argumen; baris,N1 JLPT
講和,こうわ,kouwa,reconciliation (between warring nations); (making of) peace rekonsiliasi (antara negara-negara,yang bertikai);,N1 JLPT
港湾,こうわん,kouwan,harbour; harbor pelabuhan,pelabuhan,N1 JLPT
肥,こえ,koe,manure; night soil; dung pupuk kandang; tanah malam,kotoran,N1 JLPT
肥える,こえる,koeru,to grow fat; to gain weight; to put on weight,menjadi gemuk; untuk menambah berat badan; untuk menambah berat badan,N1 JLPT
呼応,こおう,koou,hailing each other saling,memuji,N1 JLPT
戸外,こがい,kogai,open air; outdoors; outside udara,terbuka; di luar rumah; di luar,N1 JLPT
子会社,こがいしゃ,kogaisha,subsidiary (company) anak,perusahaan (perusahaan),N1 JLPT
小型,こがた,kogata,small-sized; small-scale; miniature berukuran,kecil; skala kecil; miniatur,N1 JLPT
木枯らし,こがらし,kogarashi,cold wintry wind angin musim dingin,yang dingin,N1 JLPT
小刻み,こきざみ,kokizami,mincing; chopping finely cincang; cincang halus,pemotongan,N1 JLPT
顧客,こきゃく,kokyaku,customer; client; patron,pelanggan; klien; pelindung,N1 JLPT
顧客満足,こきゃくまんぞく,kokyakumanzoku,customer satisfaction kepuasan,pelanggan,N1 JLPT
呼吸器,こきゅうき,kokyuuki,respiratory organs organ,pernafasan,N1 JLPT
刻,こく,koku,period of time (usu. a period of approx. two hours corresponding to one of the signs of the Chinese zodiac),periode; masa,N1 JLPT
酷,こく,koku,severe; harsh; stringent parah; kasar,ketat,N1 JLPT
黒衣,こくい,kokui,black clothes pakaian,hitam,N1 JLPT
刻一刻,こくいっこく,kokuikkoku,moment by moment; hour by hour,saat demi saat; jam demi jam,N1 JLPT
刻一刻と,こくいっこくと,kokuikkokuto,moment by moment; hour by hour,saat demi saat; jam demi jam,N1 JLPT
国営,こくえい,kokuei,government management; state management manajemen,pemerintahan; pengelolaan negara,N1 JLPT
国益,こくえき,kokueki,national interest kepentingan nasional,nasional,N1 JLPT
黒煙,こくえん,kokuen,black smoke asap,hitam,N1 JLPT
黒鉛,こくえん,kokuen,graphite grafit,grafit,N1 JLPT
国外,こくがい,kokugai,outside the country; abroad di luar negeri; di luar negeri,di luar negeri; mancanegara,N1 JLPT
国学,こくがく,kokugaku,study of classical Japanese literature and culture studi sastra,dan budaya Jepang klasik,N1 JLPT
国技,こくぎ,kokugi,national sport olahraga nasional,nasional,N1 JLPT
国軍,こくぐん,kokugun,national armed forces,angkatan bersenjata nasional,N1 JLPT
国語辞典,こくごじてん,kokugojiten,Japanese-language dictionary kamus bahasa Jepang,Jepang,N1 JLPT
国債,こくさい,kokusai,national debt; national securities; government bonds utang negara; surat,berharga nasional; obligasi,N1 JLPT
国際化,こくさいか,kokusaika,internationalization; internationalisation internasionalisasi; internasionalisasi,internasional,N1 JLPT
国際協力事業団,こくさいきょうりょくじぎょ,うだん,kokusaikyouryokujigyoud an Japan International Cooperation Agency (1974);,internasional,N1 JLPT
国際人,こくさいじん,kokusaijin,internationally minded person; cosmopolitan; cosmopolite,orang yang berpikiran internasional;,N1 JLPT
国際的,こくさいてき,kokusaiteki,international; worldwide; cross-border internasional; di seluruh dunia; lintas batas,internasional,N1 JLPT
国際法,こくさいほう,kokusaihou,international law; law of nations hukum internasional; hukum bangsa-bangsa,internasional,N1 JLPT
国際連合,こくさいれんごう,kokusairengou,United Nations; UN,Perserikatan Bangsa-Bangsa; PBB,N1 JLPT
国策,こくさく,kokusaku,national policy kebijakan nasional,nasional,N1 JLPT
国士,こくし,kokushi,distinguished citizen; patriot warga negara,terhormat; patriot,N1 JLPT
告示,こくじ,kokuji,notice; bulletin pemberitahuan; buletin,pemberitahuan; perhatian,N1 JLPT
酷似,こくじ,kokuji,resembling closely; being strikingly similar; bearing a strong likeness sangat mirip,menjadi sangat mirip; mempunyai,N1 JLPT
国情,こくじょう,kokujou,conditions of a country,kondisi suatu negara,N1 JLPT
国人,こくじん,kokujin,indigenous person; inhabitant of a country masyarakat adat; penduduk,suatu negara,N1 JLPT
黒人,こくじん,kokujin,black person,orang berkulit hitam,N1 JLPT
国勢,こくせい,kokusei,"state of a country (population, resources, etc.); condition of a country; strength of a country","keadaan suatu negara (populasi, sumber daya,",N1 JLPT
国政,こくせい,kokusei,national politics; political situation; statecraft politik nasional,situasi politik; kenegaraan,N1 JLPT
国勢調査,こくせいちょうさ,kokuseichousa,(national) census sensus (nasional).,sensus,N1 JLPT
国是,こくぜ,kokuze,national policy kebijakan nasional,nasional,N1 JLPT
国税,こくぜい,kokuzei,national tax pajak nasional,nasional,N1 JLPT
国税局,こくぜいきょく,kokuzeikyoku,revenue office; taxation bureau kantor,pendapatan; biro perpajakan,N1 JLPT
国税庁,こくぜいちょう,kokuzeichou,National Tax Agency (Japan) Badan Pajak Nasional (Jepang),nasional,N1 JLPT
告訴,こくそ,kokuso,accusation; complaint; charge,tuduhan; keluhan; biaya,N1 JLPT
国体,こくたい,kokutai,national polity politik nasional,nasional,N1 JLPT
国対,こくたい,kokutai,Committee of the National,Diet Komite Diet Nasional,N1 JLPT
告知,こくち,kokuchi,notice; notification; announcement,pemberitahuan; pemberitahuan; pengumuman,N1 JLPT
国鉄,こくてつ,kokutetsu,national railway kereta api nasional,nasional,N1 JLPT
国土,こくど,kokudo,country; territory; domain negara; wilayah; domain,negara,N1 JLPT
国道,こくどう,kokudou,national road; national highway jalan nasional; jalan raya nasional,nasional,N1 JLPT
国土庁,こくどちょう,kokudochou,(Japanese) National Land Agency (Jepang) Badan,Pertanahan Nasional,N1 JLPT
国内,こくない,kokunai,within the country; inside the county; domestic di,dalam negeri; di dalam wilayah; domestik,N1 JLPT
国内旅行,こくないりょこう,kokunairyokou,domestic travel perjalanan domestik,domestik; dalam negeri,N1 JLPT
告発,こくはつ,kokuhatsu,indictment; prosecution; complaint,dakwaan; penuntutan; keluhan,N1 JLPT
国費,こくひ,kokuhi,national expenditure; government spending; public funds belanja negara; belanja pemerintah; dana,publik,N1 JLPT
国賓,こくひん,kokuhin,state guest tamu negara,kondisi; keadaan,N1 JLPT
国文学,こくぶんがく,kokubungaku,Japanese literature sastra Jepang,Jepang,N1 JLPT
国分寺,こくぶんじ,kokubunji,state-supported provincial temple (Nara period) kuil provinsi,yang didukung negara (periode Nara),N1 JLPT
告別,こくべつ,kokubetsu,farewell; leave-taking perpisahan,mengambil cuti,N1 JLPT
国宝,こくほう,kokuhou,national treasure harta nasional,nasional,N1 JLPT
国民健康保険,こくみんけんこうほけん,kokuminkenkouhoken,national health insurance asuransi,kesehatan nasional,N1 JLPT
国民性,こくみんせい,kokuminsei,national traits; national characteristic; character of the inhabitants of a nation ciri-ciri nasional; karakteristik nasional; karakter,karakter; sifat,N1 JLPT
国民総生産,こくみんそうせいさん,kokuminsouseisan,gross national product; GNP produk nasional bruto; GNP,nasional,N1 JLPT
国民的,こくみんてき,kokuminteki,"national (e.g. hero, pastime, consensus); relevant to all citizens; popular on a national level nasional (misalnya","pahlawan, hobi, konsensus);",N1 JLPT
国民投票,こくみんとうひょう,kokumintouhyou,national referendum referendum nasional,nasional,N1 JLPT
国民年金,こくみんねんきん,kokuminnenkin,national pension; government pension system pensiun nasional; sistem pensiun pemerintah,pemerintah,N1 JLPT
国務,こくむ,kokumu,affairs of state,urusan kenegaraan,N1 JLPT
国務省,こくむしょう,kokumushou,Department of State (US); State Department Departemen Luar Negeri (AS); Departemen Luar Negeri,kondisi; keadaan,N1 JLPT
国務大臣,こくむだいじん,kokumudaijin,minister of state; cabinet minister (in Japan),menteri negara; menteri kabinet (di Jepang),N1 JLPT
国務長官,こくむちょうかん,kokumuchoukan,Secretary of State Sekretaris Negara,kondisi; keadaan,N1 JLPT
克明,こくめい,kokumei,detailed; scrupulous; careful rinci; teliti; hati-hati,terperinci,N1 JLPT
国名,こくめい,kokumei,country name nama negara,negara,N1 JLPT
国立劇場,こくりつげきじょう,kokuritsugekijou,national theater teater nasional,nasional,N1 JLPT
国立博物館,こくりつはくぶつかん,kokuritsuhakubutsukan,national museum museum nasional,nasional,N1 JLPT
国力,こくりょく,kokuryoku,national power kekuatan nasional,nasional,N1 JLPT
国論,こくろん,kokuron,public opinion opini,publik,N1 JLPT
漕ぐ,こぐ,kogu,to row; to paddle; to scull mendayung,untuk mendayung; untuk mengayuh,N1 JLPT
小口,こぐち,koguchi,"cut end; edge (of a page, etc.) potong ujung; tepi (halaman, dll.)",memotong,N1 JLPT
苔,こけ,koke,moss lumut,lumut,N1 JLPT
固形,こけい,kokei,solid (body) padat (tubuh),padat,N1 JLPT
此処,ここ,koko,here; this place di sini,tempat ini,N1 JLPT
故国,ここく,kokoku,one's native land tanah asal,seseorang,N1 JLPT
個々人,ここじん,kokojin,each individual; each person,setiap individu; setiap orang,N1 JLPT
心地よい,ここちよい,kokochiyoi,comfortable; pleasant nyaman,menyenangkan,N1 JLPT
九重,ここのえ,kokonoe,ninefold sembilan kali lipat,sembilan kali lipat,N1 JLPT
９日,ここのか,kokonoka,9th day of the month hari ke 9,setiap bulannya,N1 JLPT
此処等,ここら,kokora,around here; hereabouts di sekitar sini; sekitar sini,di sekitar sini; di area ini,N1 JLPT
心意気,こころいき,kokoroiki,spirit; determination; pluck semangat; tekad,memetik,N1 JLPT
心から,こころから,kokorokara,from the bottom of one's heart; heartily; sincerely,dari lubuk hati yang paling dalam; dengan sepenuh hati; dengan tulus,N1 JLPT
心がけ,こころがけ,kokorogake,(mental) attitude; way of thinking; attention sikap (mental),cara berpikir; perhatian,N1 JLPT
心がける,こころがける,kokorogakeru,to keep in mind; to bear in mind; to try,untuk diingat; untuk diingat; untuk mencoba,N1 JLPT
心構え,こころがまえ,kokorogamae,preparedness; readiness; mental attitude,kesiapan; kesiapan; sikap mental,N1 JLPT
心待ち,こころまち,kokoromachi,anticipation; expectation antisipasi,harapan,N1 JLPT
心を込めて,こころをこめて,kokorowokomete,wholeheartedly; with all one's heart,dengan sepenuh hati; dengan sepenuh hati,N1 JLPT
古今,ここん,kokon,ancient and modern times; all ages; past and present zaman kuno,dan modern; segala usia; dulu dan,N1 JLPT
小声,こごえ,kogoe,low voice; whisper suara,rendah; berbisik,N1 JLPT
小さじ,こさじ,kosaji,teaspoon sendok teh,sendok teh,N1 JLPT
小雨,こさめ,kosame,light rain; drizzle hujan,ringan; gerimis,N1 JLPT
古参,こさん,kosan,senior; veteran; old-timer senior; veteran,orang tua,N1 JLPT
古紙,こし,koshi,used paper; paper for recycling kertas bekas; kertas,untuk didaur ulang,N1 JLPT
個室,こしつ,koshitsu,single (room); room for one; one's own room tunggal (kamar); ruang,untuk satu; kamar sendiri,N1 JLPT
固執,こしつ,koshitsu,"sticking to (an opinion, theory, belief, etc.); clinging to; adherence berpegang teguh","pada (pendapat, teori,",N1 JLPT
古書,こしょ,kosho,old book; rare book; classic buku,lama; buku langka; klasik,N1 JLPT
呼称,こしょう,koshou,name; designation; denomination nama,penamaan; denominasi,N1 JLPT
湖沼,こしょう,koshou,lake; marsh; wetland danau; rawa; lahan basah,danau,N1 JLPT
拵える,こしらえる,koshiraeru,to make; to manufacture; to fabricate,untuk membuat; untuk memproduksi; untuk membuat,N1 JLPT
故事,こじ,koji,historical event; ancient event,peristiwa bersejarah; peristiwa kuno,N1 JLPT
孤児院,こじいん,kojiin,orphanage panti asuhan,yatim piatu,N1 JLPT
乞食,こじき,kojiki,beggar pengemis,pengemis,N1 JLPT
小島,こじま,kojima,small island; islet pulau,kecil; pulau kecil,N1 JLPT
個人差,こじんさ,kojinsa,individual differences; personal equation,perbedaan individu; persamaan pribadi,N1 JLPT
個人的,こじんてき,kojinteki,personal; individual; private pribadi; individu; pribadi,pribadi; privat,N1 JLPT
戸数,こすう,kosuu,number of houses; number of households jumlah rumah; jumlah rumah tangga,angka; jumlah,N1 JLPT
個性的,こせいてき,koseiteki,individual; distinctive; unique individu,berbeda; unik,N1 JLPT
戸籍謄本,こせきとうほん,kosekitouhon,official copy of the family register salinan,resmi daftar keluarga,N1 JLPT
こそ,こそ,koso,it is ... that ...; precisely; in particular,itu ... itu ...; dengan tepat; khususnya,N1 JLPT
こそこそ,こそこそ,kosokoso,sneakily; secretly; stealthily,secara diam-diam; secara rahasia; secara sembunyi-sembunyi,N1 JLPT
子育て,こそだて,kosodate,child rearing; child raising; raising children,membesarkan anak; membesarkan anak; membesarkan anak-anak,N1 JLPT
小僧,こぞう,kozou,youngster; boy; kid anak,muda; anak laki-laki; nak,N1 JLPT
固体,こたい,kotai,solid (body); solid matter; solid-state padat (tubuh); benda padat,keadaan padat,N1 JLPT
答え,こたえ,kotae,answer; reply; response,jawaban; membalas; tanggapan,N1 JLPT
応える,こたえる,kotaeru,"to respond; to answer; to meet (e.g. demands, expectations)",untuk merespons; untuk menjawab; untuk,N1 JLPT
炬燵,こたつ,kotatsu,"kotatsu; table over an electric heater, with a hanging quilt to retain heat (orig. over a charcoal brazier in a floor...",di atas; lebih dari,N1 JLPT
拘る,こだわる,kodawaru,to be obsessive (about); to be overly concerned (with); to fuss (over),menjadi obsesif (tentang); menjadi terlalu,N1 JLPT
此方,こちら,kochira,this way; this direction lewat sini; arah,ini,N1 JLPT
国歌,こっか,kokka,national anthem lagu,kebangsaan,N1 JLPT
黒海,こっかい,kokkai,Black Sea Laut,Hitam,N1 JLPT
国会議員,こっかいぎいん,kokkaigiin,member of the Diet,Diet member; member of parliament anggota Diet; anggota diet; anggota parlemen,N1 JLPT
国会議事堂,こっかいぎじどう,kokkaigijidou,parliament building; parliament house; National,Diet Building (Japan) gedung parlemen; gedung parlemen; Gedung Diet,N1 JLPT
骨格,こっかく,kokkaku,skeleton; skeletal structure; build,kerangka; struktur kerangka; membangun,N1 JLPT
国家公務員,こっかこうむいん,kokkakoumuin,(national) government official; national public servant; national government employee pejabat pemerintah (nasional); pegawai negeri,pemerintah,N1 JLPT
国家試験,こっかしけん,kokkashiken,state examination; national examination ujian negara; ujian nasional,ujian,N1 JLPT
国旗,こっき,kokki,national flag bendera nasional,nasional,N1 JLPT
国権,こっけん,kokken,power of the state; national sovereignty; sovereign rights,kekuasaan negara; kedaulatan nasional; hak,N1 JLPT
国庫,こっこ,kokko,national treasury perbendaharaan negara,nasional,N1 JLPT
刻々,こっこく,kokkoku,moment by moment; hour by hour,saat demi saat; jam demi jam,N1 JLPT
骨子,こっし,kosshi,main point; gist; essentials poin,utama; inti; penting,N1 JLPT
凝った,こった,kotta,elaborate; exquisite; ornate rumit; indah,hiasan,N1 JLPT
骨董,こっとう,kottou,antique; curio antik; rasa ingin tahu,barang antik; benda antik,N1 JLPT
骨髄,こつずい,kotsuzui,bone marrow; medulla sumsum tulang,medula,N1 JLPT
固定資産,こていしさん,koteishisan,fixed assets aset tetap,tetap; ditetapkan,N1 JLPT
固定費,こていひ,koteihi,fixed cost; fixed expense biaya tetap; biaya tetap,pengeluaran,N1 JLPT
小手先,こてさき,kotesaki,tip of the hand; (use of) one's hands ujung tangan; (penggunaan) tangan,seseorang,N1 JLPT
個展,こてん,koten,solo exhibition; one-man exhibition; one-woman exhibition pameran tunggal; pameran,satu orang; pameran,N1 JLPT
古典的,こてんてき,kotenteki,classical; classic klasik; klasik,klasik,N1 JLPT
古都,こと,koto,ancient city; former capital kota kuno; bekas ibu kota,kota kuno; bekas ibu kota,N1 JLPT
事がある,ことがある,kotogaaru,(for something) to have occurred; to have done (something) (untuk,sesuatu) telah terjadi; telah melakukan,N1 JLPT
ことが出来る,ことができる,kotogadekiru,to be able (to); to be possible (to),untuk dapat (untuk); menjadi mungkin (untuk),N1 JLPT
事がない,ことがない,kotoganai,(something) has never occurred; to have never done (something); such a thing has not happened (sesuatu),tidak pernah terjadi; belum pernah,N1 JLPT
悉く,ことごとく,kotogotoku,altogether; entirely sama sekali,seluruhnya,N1 JLPT
事にする,ことにする,kotonisuru,to decide to,untuk memutuskan untuk,N1 JLPT
事になる,ことになる,kotoninaru,to have been decided (so) that; to have been arranged (so) that telah,diputuskan (sehingga); telah diatur,N1 JLPT
事によって,ことによって,kotoniyotte,via; through; by doing melalui; melalui,dengan melakukan,N1 JLPT
事により,ことにより,kotoniyori,by (means of); by doing; due to oleh (melalui),dengan melakukan; karena,N1 JLPT
事による,ことによる,kotoniyoru,depending on the circumstances tergantung,pada keadaan,N1 JLPT
寿,ことぶき,kotobuki,congratulations; felicitations; best wishes selamat,ucapan selamat; harapan terbaik,N1 JLPT
断らず,ことわらず,kotowarazu,without permission tanpa izin,izin,N1 JLPT
断り,ことわり,kotowari,notice; notification; warning,pemberitahuan; pemberitahuan; peringatan,N1 JLPT
小道具,こどうぐ,kodougu,small tool; gadget alat,kecil; gadget,N1 JLPT
子供たち,こどもたち,kodomotachi,children; kids anak-anak; anak-anak,anak-anak; anak kecil,N1 JLPT
子供の頃,こどものころ,kodomonokoro,(time of) one's childhood; when one was a child (waktu) masa,kecil seseorang; ketika seseorang masih kecil,N1 JLPT
子供用,こどもよう,kodomoyou,for use by children; for children,untuk digunakan oleh anak-anak; untuk anak-anak,N1 JLPT
熟す,こなす,konasu,to digest,untuk mencerna,N1 JLPT
粉ミルク,こなミルク,konamiruku,milk powder susu bubuk,susu,N1 JLPT
子猫,こねこ,koneko,kitten anak kucing,anak kucing,N1 JLPT
此の,この,kono,this ini,ini,N1 JLPT
この内,このうち,konouchi,among these; between these; of these di antaranya; di antara,ini; dari ini,N1 JLPT
近衛,このえ,konoe,Imperial Guards Pengawal Istana,kekaisaran; imperial,N1 JLPT
このため,このため,konotame,because of this,karena ini,N1 JLPT
木の葉,このは,konoha,leaf (of a tree); tree leaves; foliage daun (dari pohon); daun pohon,dedaunan,N1 JLPT
この辺,このへん,konohen,this area; around here daerah,ini; di sekitar sini,N1 JLPT
この外,このほか,konohoka,besides; moreover; in addition selain,itu; lebih-lebih lagi; sebagai tambahan,N1 JLPT
この前,このまえ,konomae,the other day; previously; before beberapa hari,yang lalu; sebelumnya; sebelumnya,N1 JLPT
好んで,このんで,kononde,by (from) choice; by (for) preference; of one's own accord oleh (dari),pilihan; berdasarkan (untuk),N1 JLPT
琥珀,こはく,kohaku,amber kuning,kuning amber; batu amber,N1 JLPT
小幅,こはば,kohaba,small; narrow,kecil; sempit,N1 JLPT
湖畔,こはん,kohan,lakeside; lakeshore; lakefront tepi danau; tepi danau; tepi danau,tepi danau,N1 JLPT
拒む,こばむ,kobamu,to refuse; to reject; to decline,untuk menolak; untuk menolak; untuk menolak,N1 JLPT
子羊,こひつじ,kohitsuji,lamb domba,domba muda; anak domba,N1 JLPT
古墳,こふん,kofun,ancient burial mound; barrow; tumulus,gundukan kuburan kuno; gerobak dorong; kekacauan,N1 JLPT
瘤,こぶ,kobu,bump; lump; protuberance,benjolan; gumpalan; tonjolan,N1 JLPT
拳,こぶし,kobushi,fist tinju,tinju; kepalan,N1 JLPT
戸別訪問,こべつほうもん,kobetsuhoumon,door-to-door visit; door-to-door canvassing (canvasing) kunjungan,dari pintu ke pintu; penelusuran dari,N1 JLPT
零す,こぼす,kobosu,to spill; to drop; to shed (tears) menumpahkan,untuk menjatuhkan; meneteskan (air mata),N1 JLPT
零れる,こぼれる,koboreru,to spill; to fall out of; to overflow menumpahkan,untuk terjatuh; meluap,N1 JLPT
独楽,こま,koma,spinning top berputar atas,gasing; berputar seperti gasing,N1 JLPT
駒,こま,koma,"piece (in shogi, chess, etc.) bidak (dalam shogi, catur, dll.)",bidak (catur/shogi),N1 JLPT
細か,こまか,komaka,small; fine; detailed,kecil; Bagus; rinci,N1 JLPT
細かいこと,こまかいこと,komakaikoto,trifles; minor details hal-hal sepele; detail,kecil,N1 JLPT
細かく,こまかく,komakaku,minutely; finely,dengan cermat; halus,N1 JLPT
細々,こまごま,komagoma,minutely; in detail; with particular attention,dengan teliti; secara terperinci; dengan perhatian khusus,N1 JLPT
困り果てる,こまりはてる,komarihateru,to be at a complete loss; to be without recourse; to be completely stymied mengalami kerugian total,menjadi tanpa,N1 JLPT
混む,こむ,komu,to be crowded; to be packed; to be congested,menjadi ramai; untuk dikemas; menjadi padat,N1 JLPT
小麦粉,こむぎこ,komugiko,wheat flour tepung,terigu,N1 JLPT
小結,こむすび,komusubi,wrestler of the fourth highest rank pegulat,peringkat tertinggi keempat,N1 JLPT
米倉,こめぐら,komegura,rice granary lumbung padi,nasi,N1 JLPT
小文字,こもじ,komoji,lowercase letter huruf,kecil,N1 JLPT
小物,こもの,komono,accessories; small articles aksesoris; artikel,kecil,N1 JLPT
顧問,こもん,komon,adviser; advisor; consultant penasihat; penasihat,konsultan,N1 JLPT
古文書,こもんじょ,komonjo,historical document; archives; old manuscript dokumen sejarah; arsip; naskah,lama,N1 JLPT
子役,こやく,koyaku,child actor; child actress aktor cilik; aktris cilik,anak,N1 JLPT
小山,こやま,koyama,hill; knoll bukit; bukit,kecil,N1 JLPT
今宵,こよい,koyoi,this evening; tonight malam,ini; malam ini,N1 JLPT
雇用,こよう,koyou,employment; hire pekerjaan,menyewa,N1 JLPT
古来,こらい,korai,from ancient times; from old times; from time immemorial,dari zaman kuno; dari masa lalu; sejak dahulu kala,N1 JLPT
此れ,これ,kore,this; this one,ini; yang ini,N1 JLPT
此れから,これから,korekara,from now on; after this; in the future mulai sekarang,setelah ini; di masa depan,N1 JLPT
これで,これで,korede,here; with this di sini,dengan ini,N1 JLPT
これ迄,これまで,koremade,so far; up to now; hitherto sejauh,ini; hingga kini; sampai sekarang,N1 JLPT
これ等,これら,korera,these ini,ini (jamak),N1 JLPT
頃,ころ,koro,(approximate) time; around; about (perkiraan),waktu; sekitar; tentang,N1 JLPT
殺し,ころし,koroshi,murder; killing; murderer,pembunuhan; pembunuhan; pembunuh,N1 JLPT
衣,ころも,koromo,clothes; garment pakaian,pakaian,N1 JLPT
衣替え,ころもがえ,koromogae,seasonal change of clothing; changing one's dress for the season,pakaian ganti musiman; mengganti pakaian,N1 JLPT
怖がる,こわがる,kowagaru,to be afraid (of); to fear; to be frightened (of) takut (akan); takut,menjadi takut (dari),N1 JLPT
声高,こわだか,kowadaka,loud (of a voice),keras (dari suara),N1 JLPT
婚姻,こんいん,konin,marriage; matrimony pernikahan,pernikahan,N1 JLPT
今夏,こんか,konka,this summer; next summer; last summer musim panas,ini; musim panas mendatang; musim panas lalu,N1 JLPT
根幹,こんかん,konkan,foundation; root; basis,yayasan; akar; dasar,N1 JLPT
今季,こんき,konki,this season musim,ini,N1 JLPT
今期,こんき,konki,the present term; the present session istilah sekarang; sesi,ini,N1 JLPT
根源,こんげん,kongen,root; source; origin akar; sumber; asal,asal; asal usul,N1 JLPT
今秋,こんしゅう,konshuu,this autumn; this fall; autumn of this year musim gugur,ini; musim gugur ini; musim gugur tahun ini,N1 JLPT
今週末,こんしゅうまつ,konshuumatsu,this weekend akhir pekan,ini,N1 JLPT
今春,こんしゅん,konshun,this spring; spring this year musim semi,ini; musim semi tahun ini,N1 JLPT
懇親,こんしん,konshin,friendship; intimacy persahabatan,keintiman,N1 JLPT
根性,こんじょう,konjou,willpower; guts; determination kemauan,keras; nyali; tekad,N1 JLPT
混成,こんせい,konsei,"mixed (e.g. team, chorus)","campuran (misalnya tim, paduan suara)",N1 JLPT
痕跡,こんせき,konseki,trace; vestige; mark jejak; sisa; tandai,menandai; tanda,N1 JLPT
混戦,こんせん,konsen,confused fight; free-for-all; melee pertarungan,yang membingungkan; gratis untuk semua; jarak dekat,N1 JLPT
根絶,こんぜつ,konzetsu,eradication; extermination; rooting out,pemberantasan; pemusnahan; membasmi,N1 JLPT
懇談,こんだん,kondan,friendly chat; relaxed conversation,informal meeting obrolan ramah; percakapan santai; pertemuan,N1 JLPT
今日的,こんにちてき,konnichiteki,modern; up-to-date modern,terkini,N1 JLPT
今日は,こんにちは,konnichiha,hello; good day; good afternoon halo; selamat tinggal; selamat siang,siang,N1 JLPT
混入,こんにゅう,konnyuu,mixing; blending; adding,pencampuran; pencampuran; menambahkan,N1 JLPT
今年度,こんねんど,konnendo,this year; this fiscal year; this school year tahun,ini; tahun anggaran ini; tahun ajaran ini,N1 JLPT
今晩は,こんばんは,konbanha,good evening selamat malam,sore,N1 JLPT
昆布,こんぶ,konbu,kombu (usu. Saccharina japonica); konbu; kelp kombu (usu. Saccharina japonica); konbu; rumput laut,rumput laut kombu,N1 JLPT
梱包,こんぽう,konpou,packing; crating; packaging,pengepakan; peti; kemasan,N1 JLPT
根本的,こんぽんてき,konponteki,fundamental; basic mendasar; dasar,fundamental; mendasar,N1 JLPT
混迷,こんめい,konmei,turmoil; chaos; confusion,kekacauan; kekacauan; kebingungan,N1 JLPT
婚約者,こんやくしゃ,konyakusha,fiance; fiancee tunangan,tunangan,N1 JLPT
建立,こんりゅう,konryuu,"(act of) building (temple, monument, etc.); erection (tindakan)","bangunan (candi, monumen, dll); ereksi",N1 JLPT
焜炉,こんろ,konro,"cooking stove; burner (gas, electric, etc.); range kompor","memasak; pembakar (gas, listrik, dll.); jangkauan",N1 JLPT
懇話,こんわ,konwa,friendly talk; chat,pembicaraan ramah; mengobrol,N1 JLPT
困惑,こんわく,konwaku,bewilderment; perplexity; embarrassment,kebingungan; kebingungan; rasa malu,N1 JLPT
語,ご,go,word; term kata; istilah,kata,N1 JLPT
号,ごう,gou,number; edition; make nomor; edisi,membuat,N1 JLPT
合,ごう,gou,"gō; traditional unit of volume, approx. 180 ml","pergi; satuan volume tradisional, kira-kira. 180ml",N1 JLPT
壕,ごう,gou,moat; fosse; trench parit; lekuk; parit,parit; kolam penghalang,N1 JLPT
豪雨,ごうう,gouu,torrential rain; heavy rain; cloudburst hujan lebat; hujan lebat; hujan deras,berat,N1 JLPT
豪快,ごうかい,goukai,hearty; tremendous; magnificent hangat; luar biasa,besar; luar biasa,N1 JLPT
合金,ごうきん,goukin,alloy paduan,paduan logam; alloy,N1 JLPT
合憲,ごうけん,gouken,constitutionality konstitusionalitas,konstitusionalitas; keabsahan konstitusi,N1 JLPT
号車,ごうしゃ,gousha,suffix for train car numbers akhiran,untuk nomor gerbong kereta,N1 JLPT
強情,ごうじょう,goujou,obstinate; stubborn; headstrong,keras kepala; keras kepala; keras kepala,N1 JLPT
合成洗剤,ごうせいせんざい,gouseisenzai,synthetic detergent deterjen sintetis,sintetis; buatan,N1 JLPT
合繊,ごうせん,gousen,synthetic fiber; synthetic fibre serat sintetis; serat sintetis,sintetis; buatan,N1 JLPT
合板,ごうはん,gouhan,veneer board; plywood papan veneer; kayu lapis,kayu lapis; plywood,N1 JLPT
合否,ごうひ,gouhi,success or failure; result keberhasilan,atau kegagalan; hasil,N1 JLPT
合弁,ごうべん,gouben,joint management; pool manajemen,bersama; kolam renang,N1 JLPT
合法,ごうほう,gouhou,legal; lawful; legitimate sah; sah; sah,hukum; legal,N1 JLPT
合法的,ごうほうてき,gouhouteki,legal; lawful; legitimate sah; sah; sah,hukum; legal,N1 JLPT
傲慢,ごうまん,gouman,haughty; arrogant; insolent sombong,arogan; kurang ajar,N1 JLPT
拷問,ごうもん,goumon,torture penyiksaan,penyiksaan; siksaan,N1 JLPT
合理化,ごうりか,gourika,rationalization; making (something) conform to reason; justification rasionalisasi; menjadikan (sesuatu) sesuai,dengan,N1 JLPT
合理的,ごうりてき,gouriteki,rational; reasonable; logical rasional; wajar; logis,rasional,N1 JLPT
合力,ごうりょく,gouryoku,resultant force kekuatan,yang dihasilkan,N1 JLPT
号令,ごうれい,gourei,order (esp. to a number of people); command ketertiban (khususnya kepada sejumlah,orang); perintah,N1 JLPT
ご遠慮ください,ごえんりょください,goenryokudasai,please refrain (from) tolong,jangan (dari),N1 JLPT
互角,ごかく,gokaku,equal (in ability); even; evenly matched setara (dalam,kemampuan); bahkan; seimbang,N1 JLPT
互換,ごかん,gokan,interchange pertukaran,pertukaran; simpang susun,N1 JLPT
５月,ごがつ,gogatsu,May Mei,mungkin; boleh,N1 JLPT
護岸,ごがん,gogan,river dike tanggul sungai,sungai,N1 JLPT
語気,ごき,goki,tone; manner of speaking nada,cara berbicara,N1 JLPT
ご協力,ごきょうりょく,gokyouryoku,cooperation; collaboration; help,kerjasama; kolaborasi; bantuan,N1 JLPT
獄中,ごくちゅう,gokuchuu,during imprisonment; while in jail selama dipenjara,saat di penjara,N1 JLPT
極秘,ごくひ,gokuhi,absolute secrecy kerahasiaan mutlak,mutlak; absolut,N1 JLPT
護憲,ごけん,goken,protecting the constitution,melindungi konstitusi,N1 JLPT
護国,ごこく,gokoku,defense of one's country; defence of one's country pertahanan negara; pertahanan negara,seseorang,N1 JLPT
誤算,ごさん,gosan,miscalculation salah perhitungan,salah perhitungan; kesalahan hitung,N1 JLPT
茣蓙,ござ,goza,rush mat; matting; mat tikar terburu-buru; tikar; tikar,tikar; alas lantai,N1 JLPT
御座います,ございます,gozaimasu,to be; to exist,menjadi; untuk ada,N1 JLPT
越し,ごし,goshi,across; over; beyond melintasi; lebih; di luar,itu,N1 JLPT
御所,ごしょ,gosho,"imperial palace (esp. Kyoto Imperial Palace); imperial residence; residence of a shogun, minister, etc.",Istana Kekaisaran,N1 JLPT
誤字,ごじ,goji,misprint; misspelling; typo,salah cetak; salah mengeja; salah ketik,N1 JLPT
後日,ごじつ,gojitsu,in the future; another day; later di masa depan; hari,lain; Nanti,N1 JLPT
５０,ごじゅう,gojuu,fifty; 50,lima puluh; 50,N1 JLPT
五十三次,ごじゅうさんつぎ,gojuusantsugi,fifty-three stations on the Tōkaidō (Edo-Kyoto highway in Edo-period Japan),lima puluh tiga stasiun di Tōkaidō (jalan raya,N1 JLPT
互助,ごじょ,gojo,mutual aid; cooperation; benefit saling,membantu; kerja sama; manfaat,N1 JLPT
午前中,ごぜんちゅう,gozenchuu,in the morning; during the morning di pagi hari,pada pagi hari,N1 JLPT
護送,ごそう,gosou,escort (e.g. under guard); convoy,pengawalan (misalnya di bawah penjagaan); konvoi,N1 JLPT
ご存知,ごぞんじ,gozonji,knowing; being aware (of),mengetahui; menyadari (tentang),N1 JLPT
ご馳走,ごちそう,gochisou,treat (esp. food and drink); entertainment; treating someone (to a meal) suguhan (khususnya makanan,dan minuman);,N1 JLPT
ご馳走様,ごちそうさま,gochisousama,thank you (for the meal); that was a delicious meal terima kasih (untuk makanannya),itu adalah,N1 JLPT
ご馳走様でした,ごちそうさまでした,gochisousamadeshita,thank you for the meal; that was a delicious meal; what a wonderful meal terima kasih atas makanannya,itu adalah,N1 JLPT
後手,ごて,gote,losing initiative; being forestalled,kehilangan inisiatif; dicegah,N1 JLPT
毎,ごと,goto,each; every masing-masing,setiap,N1 JLPT
如し,ごとし,gotoshi,like; as if; the same as,seperti; seolah olah; sama dengan,N1 JLPT
毎に,ごとに,gotoni,one by one; each; every,satu per satu; setiap; setiap,N1 JLPT
誤認,ごにん,gonin,misrecognition; mistaking (x for y) kesalahan pengakuan,salah (x untuk y),N1 JLPT
ご飯,ごはん,gohan,cooked rice nasi,yang dimasak,N1 JLPT
呉服,ごふく,gofuku,cloth (for Japanese clothes); kimono fabrics; textile kain (untuk,pakaian Jepang); kain kimono; tekstil,N1 JLPT
五分,ごぶ,gobu,half; 50% setengah; 50%,setengah; separuh,N1 JLPT
ご無沙汰,ごぶさた,gobusata,"not writing or contacting for a while; neglecting (failing) to write (call, visit, etc.); long silence",tidak menulis atau menghubungi untuk sementara,N1 JLPT
ご褒美,ごほうび,gohoubi,reward; prize hadiah; hadiah,hadiah; penghargaan,N1 JLPT
胡麻,ごま,goma,sesame seeds biji wijen,biji wijen,N1 JLPT
誤魔化す,ごまかす,gomakasu,to deceive; to cheat; to swindle,untuk menipu; untuk menipu; untuk menipu,N1 JLPT
ゴミ箱,ごみばこ,gomibako,trash can; garbage can; rubbish bin,tempat sampah; tong sampah; tempat sampah,N1 JLPT
ごめん下さい,ごめんください,gomenkudasai,may I come in? bolehkah,saya masuk?,N1 JLPT
御用邸,ごようてい,goyoutei,imperial villa vila,kekaisaran,N1 JLPT
ご覧,ごらん,goran,(please) try to (tolong) cobalah,mencoba,N1 JLPT
ご覧になる,ごらんになる,goranninaru,to see; to look; to watch,untuk melihat; untuk melihat; untuk menonton,N1 JLPT
ご了承ください,ごりょうしょうください,goryoushoukudasai,please be aware (that ...); please note (that ...); please understand (that ...) harap,diperhatikan (bahwa...); harap dicatat (itu .,N1 JLPT
五輪,ごりん,gorin,Olympic Games; Olympics,Pertandingan Olimpiade; Olimpiade,N1 JLPT
ご連絡,ごれんらく,gorenraku,contacting; getting in touch; communication,menghubungi; menghubungi; komunikasi,N1 JLPT
さ,さ,sa,-ness -keberadaan,sufiks -an; sufiks sifat,N1 JLPT
債,さい,sai,debt; loan hutang,pinjaman,N1 JLPT
再,さい,sai,re-; again kembali-; lagi,kembali; sekali lagi; re-,N1 JLPT
差異,さい,sai,difference; disparity; gap,perbedaan; perbedaan; kesenjangan,N1 JLPT
才,さい,sai,ability; gift; talent,kemampuan; hadiah; bakat,N1 JLPT
歳,さい,sai,... years old; age (of) ... ... tahun; usia (dari) ...,... tahun; usia ...,N1 JLPT
最愛,さいあい,saiai,beloved; dearest tercinta,tersayang,N1 JLPT
最悪,さいあく,saiaku,worst terburuk,yang terburuk,N1 JLPT
再演,さいえん,saien,another showing (of a play) pertunjukan,lain (dari sebuah drama),N1 JLPT
菜園,さいえん,saien,vegetable garden kebun sayur,sayuran,N1 JLPT
最下,さいか,saika,the lowest; the worst,yang terendah; yang terburuk,N1 JLPT
再開,さいかい,saikai,reopening; resumption; restarting,pembukaan kembali; dimulainya kembali; memulai kembali,N1 JLPT
際会,さいかい,saikai,meeting; facing; confronting pertemuan; menghadap,menghadapi,N1 JLPT
再開発,さいかいはつ,saikaihatsu,redevelopment pembangunan kembali,pembangunan kembali; redevelopment,N1 JLPT
再確認,さいかくにん,saikakunin,reaffirmation; reconfirmation; revalidation,penegasan kembali; konfirmasi ulang; validasi ulang,N1 JLPT
再起,さいき,saiki,comeback; recovery; restoration,kembali; pemulihan; restorasi,N1 JLPT
再起動,さいきどう,saikidou,restart; reboot mulai ulang; reboot,memulai ulang; melakukan reboot,N1 JLPT
最強,さいきょう,saikyou,strongest terkuat,yang terkuat,N1 JLPT
最恵国,さいけいこく,saikeikoku,most favored nation; most favoured nation; MFN negara,yang paling diunggulkan; negara yang paling diunggulkan; MFN,N1 JLPT
裁決,さいけつ,saiketsu,decision; ruling; judgement,keputusan; berkuasa; penghakiman,N1 JLPT
債券,さいけん,saiken,bond; debenture obligasi; surat hutang,obligasi,N1 JLPT
債権,さいけん,saiken,credit; claim kredit; klaim,mengklaim,N1 JLPT
再検討,さいけんとう,saikentou,re-examination; review; reconsideration,pemeriksaan ulang; tinjauan; pertimbangan ulang,N1 JLPT
歳月,さいげつ,saigetsu,time; years,waktu; tahun,N1 JLPT
際限,さいげん,saigen,limits; end; bounds,batasan; akhir; batas,N1 JLPT
最古,さいこ,saiko,the oldest; the earliest,yang tertua; paling awal,N1 JLPT
再考,さいこう,saikou,reconsideration pertimbangan ulang,pertimbangan ulang,N1 JLPT
最高級,さいこうきゅう,saikoukyuu,highest grade; top class nilai,tertinggi; kelas atas,N1 JLPT
最高検,さいこうけん,saikouken,Public Prosecutor's Office Kantor,Kejaksaan,N1 JLPT
最高裁,さいこうさい,saikousai,Supreme Court Mahkamah Agung,pengadilan; lapangan,N1 JLPT
最後尾,さいこうび,saikoubi,end (e.g. of a line); tail end; rear akhir (misalnya,sebuah garis); bagian akhir; belakang,N1 JLPT
最高峰,さいこうほう,saikouhou,highest peak; highest mountain puncak,tertinggi; gunung tertinggi,N1 JLPT
再婚,さいこん,saikon,second marriage; remarriage pernikahan,kedua; menikah lagi,N1 JLPT
最期,さいご,saigo,one's last moment; one's death; one's end momen terakhir,seseorang; kematian seseorang; akhir seseorang,N1 JLPT
最後の舞台,さいごのぶたい,saigonobutai,final performance; swan song; last act kinerja akhir; karya seni terakhir,seseorang; tindakan terakhir,N1 JLPT
妻子,さいし,saishi,wife and children istri,dan anak-anak,N1 JLPT
彩色,さいしき,saishiki,colouring; coloring; colouration,mewarnai; warna; pewarnaan,N1 JLPT
採取,さいしゅ,saishu,picking; collecting; harvesting,memilih; mengumpulkan; pemanenan,N1 JLPT
最終的,さいしゅうてき,saishuuteki,final; eventual; ultimate,terakhir; akhirnya; terakhir,N1 JLPT
歳出,さいしゅつ,saishutsu,"annual expenditure (of a state, organization, etc.)","pengeluaran tahunan (negara bagian, organisasi, dll.)",N1 JLPT
宰相,さいしょう,saishou,prime minister; premier; chancellor,perdana menteri; perdana menteri; kanselir,N1 JLPT
最小,さいしょう,saishou,"smallest (in size, degree, etc.); least; minimum terkecil (dalam ukuran, derajat, dll.); paling",sedikit; minimal,N1 JLPT
最少,さいしょう,saishou,fewest; least; smallest (number) paling,sedikit; paling sedikit; terkecil (angka),N1 JLPT
最小限,さいしょうげん,saishougen,minimum; lowest; minimal minimal,terendah; minimal,N1 JLPT
菜食,さいしょく,saishoku,vegetable diet pola makan nabati,sayuran,N1 JLPT
再審,さいしん,saishin,retrial; reopening of a case sidang ulang; pembukaan kembali,suatu kasus,N1 JLPT
最新,さいしん,saishin,latest; newest; late-breaking (news),terbaru; terbaru; berita terkini (berita),N1 JLPT
細心,さいしん,saishin,meticulous; careful; discreet teliti; hati-hati; bijaksana,hati-hati,N1 JLPT
最新鋭,さいしんえい,saishinei,state-of-the-art; cutting-edge canggih; mutakhir,mutakhir; teknologi terkini,N1 JLPT
最新研究,さいしんけんきゅう,saishinkenkyuu,the newest research,penelitian terbaru,N1 JLPT
最新情報,さいしんじょうほう,saishinjouhou,latest information; latest news; update informasi,terkini; berita terkini; memperbarui,N1 JLPT
最新ニュース,さいしんニュース,saishinnyuusu,latest news; most recent news,berita terkini; berita terkini,N1 JLPT
最重点,さいじゅうてん,saijuuten,very important point poin,yang sangat penting,N1 JLPT
斎場,さいじょう,saijou,funeral hall aula,pemakaman,N1 JLPT
最上,さいじょう,saijou,highest (e.g. floor); top,tertinggi (misalnya lantai); atas,N1 JLPT
最盛期,さいせいき,saiseiki,golden age; prime; heyday zaman keemasan,utama; masa kejayaan,N1 JLPT
再選,さいせん,saisen,re-election; reelection pemilihan ulang,pemilihan ulang,N1 JLPT
最先端,さいせんたん,saisentan,cutting edge; leading edge; forefront canggih,terdepan; terdepan,N1 JLPT
最前線,さいぜんせん,saizensen,front line; forefront garis depan,terdepan,N1 JLPT
最前列,さいぜんれつ,saizenretsu,front row barisan depan,barisan depan,N1 JLPT
最多,さいた,saita,most (numerous); largest (number of) sebagian,besar (banyak); terbesar (jumlah),N1 JLPT
埼玉,さいたま,saitama,"Saitama (city, prefecture) Saitama (kota, prefektur)","Saitama (kota, prefektur)",N1 JLPT
最短,さいたん,saitan,shortest terpendek,yang terpendek,N1 JLPT
最大,さいだい,saidai,biggest; greatest; largest,terbesar; terhebat; terbesar,N1 JLPT
最大限,さいだいげん,saidaigen,maximum maksimal,maksimum; maksimal,N1 JLPT
祭壇,さいだん,saidan,altar mezbah,altar; mezbah,N1 JLPT
最長,さいちょう,saichou,longest terpanjang,yang terpanjang,N1 JLPT
裁定,さいてい,saitei,decision; ruling; award,keputusan; berkuasa; penghargaan,N1 JLPT
最低限,さいていげん,saiteigen,minimum minimal,minimal,N1 JLPT
最適,さいてき,saiteki,most suitable; optimum; optimal paling cocok; optimal; optimal,paling; sebagian besar,N1 JLPT
祭典,さいてん,saiten,festival festival,festival; perayaan,N1 JLPT
再度,さいど,saido,a second time; again; once more,untuk kedua kalinya; lagi; sekali lagi,N1 JLPT
歳入,さいにゅう,sainyuu,annual revenue (government); annual income (government); budget receipts,pendapatan tahunan (pemerintah); pendapatan,N1 JLPT
再任,さいにん,sainin,reappointment pengangkatan kembali,pengangkatan kembali,N1 JLPT
再燃,さいねん,sainen,recurrence; revival; resuscitation,kekambuhan; kebangkitan; resusitasi,N1 JLPT
最年少,さいねんしょう,sainenshou,youngest termuda,yang termuda,N1 JLPT
再販,さいはん,saihan,resale dijual kembali,dijual kembali; resale,N1 JLPT
裁判官,さいばんかん,saibankan,judge hakim,hakim; menilai,N1 JLPT
裁判所,さいばんしょ,saibansho,court; courthouse pengadilan; gedung,pengadilan,N1 JLPT
細部,さいぶ,saibu,details; particulars rincian,rinciannya,N1 JLPT
細分,さいぶん,saibun,subdivision (into small parts) pembagian (menjadi bagian-bagian,kecil),N1 JLPT
再編,さいへん,saihen,reorganization; reorganisation; reshuffle reorganisasi; reorganisasi,perombakan,N1 JLPT
細胞内,さいぼうない,saibounai,inside the cell; intracellular di,dalam sel; intraseluler,N1 JLPT
歳末,さいまつ,saimatsu,year end akhir tahun,tahun,N1 JLPT
債務,さいむ,saimu,debt; liabilities; obligation to a person or party (usu. legal or contractual) hutang; kewajiban; kewajiban kepada,seseorang,N1 JLPT
細目,さいもく,saimoku,particulars; details; specified items rincian; rincian; item,yang ditentukan,N1 JLPT
最優遇,さいゆうぐう,saiyuuguu,most favourable treatment; most favorable treatment; very warm reception perlakuan,yang paling menguntungkan; perlakuan,N1 JLPT
再来,さいらい,sairai,return; coming back,kembali; kembali,N1 JLPT
最良,さいりょう,sairyou,the best; ideal,yang terbaik; ideal,N1 JLPT
裁量,さいりょう,sairyou,discretion; judgement; judgment,kebijaksanaan; keputusan; penghakiman,N1 JLPT
催涙,さいるい,sairui,tear-inducing menyebabkan air mata,mengharukan; membuat menangis,N1 JLPT
幸いです,さいわいです,saiwaidesu,it would be appreciated (if); I would be grateful (if); it would be helpful (if),itu akan dihargai (jika); Saya akan berterima kasih,N1 JLPT
再スタート,さいスタート,saisutaato,restart memulai ulang,memulai ulang,N1 JLPT
さえ,さえ,sae,even bahkan,bahkan,N1 JLPT
さえあれば,さえあれば,saeareba,if only (you) have; as long as (you) have; whenever (you) have andai saja (Anda) punya; selama (Anda) punya;,panjang,N1 JLPT
差益,さえき,saeki,marginal profits keuntungan marjinal,marjinal; kecil,N1 JLPT
早乙女,さおとめ,saotome,young female rice planter; young girl penanam padi perempuan,muda; gadis muda,N1 JLPT
逆しま,さかしま,sakashima,reverse; inversion; upside down,membalikkan; inversi; terbalik,N1 JLPT
酒店,さかだな,sakadana,liquor store; off-licence; bottle shop toko minuman,keras; di luar izin; toko botol,N1 JLPT
逆手,さかて,sakate,"underhand grip (e.g. in gymnastics, etc.) pegangan bawah tangan (misalnya","dalam senam, dll.)",N1 JLPT
坂道,さかみち,sakamichi,hill road jalan bukit,jalan perbukitan,N1 JLPT
酒屋,さかや,sakaya,liquor store; wine shop; bottle shop toko minuman,keras; toko anggur; toko botol,N1 JLPT
探し回る,さがしまわる,sagashimawaru,to search about for; to hunt around for; to look high and low for,untuk mencari tentang; untuk berburu; untuk,N1 JLPT
探し物,さがしもの,sagashimono,looking for something; searching for something mencari,sesuatu; mencari sesuatu,N1 JLPT
下がり,さがり,sagari,fall; decline; lowering jatuh,menolak; menurunkan,N1 JLPT
下がる,さがる,sagaru,to come down; to go down; to fall,untuk turun; untuk turun; jatuh,N1 JLPT
崎,さき,saki,small peninsula; cape; promontory semenanjung,kecil; tanjung; tanjung,N1 JLPT
左記,さき,saki,undermentioned (statement); the following; at left diremehkan (pernyataan); berikut,ini; di kiri,N1 JLPT
先送り,さきおくり,sakiokuri,putting off (doing); postponement; delaying,menunda (melakukan); penundaan; menunda,N1 JLPT
先駆け,さきがけ,sakigake,pioneer; leader; taking the initiative,perintis; pemimpin; mengambil inisiatif,N1 JLPT
先駆ける,さきがける,sakigakeru,"to do (something) before (something or someone else); to be ahead of (others, the times, etc.)",ada; menjadi,N1 JLPT
先ごろ,さきごろ,sakigoro,recently; the other day baru-baru,ini; beberapa hari yang lalu,N1 JLPT
先々,さきざき,sakizaki,distant future; inevitable future masa depan,yang jauh; masa depan yang tak terelakkan,N1 JLPT
先立って,さきだって,sakidatte,prior to; before; in advance of,sebelum; sebelum; sebelumnya,N1 JLPT
先取り,さきどり,sakidori,"receiving in advance (e.g. wages, interest); taking before others","menerima di muka (misalnya upah, bunga);",N1 JLPT
先に,さきに,sakini,previously; before; earlier sebelumnya,sebelum; sebelumnya,N1 JLPT
先ほど,さきほど,sakihodo,a short while ago; a moment ago; just now beberapa,waktu yang lalu; beberapa saat; sekarang,N1 JLPT
先物,さきもの,sakimono,futures; futures contract masa depan; kontrak,berjangka,N1 JLPT
先安,さきやす,sakiyasu,lower future quotations,menurunkan kuotasi di masa depan,N1 JLPT
先行き,さきゆき,sakiyuki,the future; future prospects masa depan; prospek masa depan,masa depan,N1 JLPT
作業環境,さぎょうかんきょう,sagyoukankyou,work environment lingkungan,kerja,N1 JLPT
作柄,さくがら,sakugara,crop (conditions); harvest; yield tanaman (kondisi); memanen,hasil,N1 JLPT
作詞,さくし,sakushi,(writing) song lyrics (menulis) lirik lagu,menulis lirik lagu,N1 JLPT
搾取,さくしゅ,sakushu,exploitation; bleeding dry; squeezing dry eksploitasi,berdarah kering; meremas hingga kering,N1 JLPT
昨秋,さくしゅう,sakushuu,autumn of last year; fall of last year musim gugur tahun lalu; musim gugur tahun lalu,musim gugur,N1 JLPT
昨春,さくしゅん,sakushun,last spring; the spring of last year musim semi lalu; musim semi tahun lalu,musim semi,N1 JLPT
作付け,さくづけ,sakuzuke,planting penanaman,penanaman; menanam,N1 JLPT
作付面積,さくづけめんせき,sakuzukemenseki,planted area area,yang ditanami,N1 JLPT
策定,さくてい,sakutei,"formulation (of a plan, policy, etc.); decision; settling on","perumusan (rencana, kebijakan, dll.); keputusan;",N1 JLPT
昨年,さくねん,sakunen,last year tahun lalu,tahun,N1 JLPT
昨年度,さくねんど,sakunendo,"previous year (fiscal, academic, etc.) tahun","sebelumnya (fiskal, akademik, dll)",N1 JLPT
昨年来,さくねんらい,sakunenrai,since last year sejak tahun lalu,tahun,N1 JLPT
昨晩,さくばん,sakuban,last night tadi malam,malam,N1 JLPT
作風,さくふう,sakufuu,"style (of a work, author, artist, etc.); characteristics gaya (karya, pengarang, artis, dsb.); karakteristik",gaya; cara,N1 JLPT
策略,さくりゃく,sakuryaku,stratagem; artifice; trick siasat,kecerdasan; trik,N1 JLPT
炸裂,さくれつ,sakuretsu,violent explosion; bursting,ledakan hebat; meledak,N1 JLPT
鮭,さけ,sake,salmon (Salmonidae spp.) ikan salmon (Salmonidae spp.),ikan salmon,N1 JLPT
叫び声,さけびごえ,sakebigoe,shout; yell; scream,berteriak; berteriak; berteriak,N1 JLPT
蔑む,さげすむ,sagesumu,to scorn; to despise; to hold in contempt,untuk mencemooh; untuk membenci; untuk menahan penghinaan,N1 JLPT
鎖国,さこく,sakoku,national isolation; closing the country (to foreigners) isolasi nasional; menutup negara (untuk,orang,N1 JLPT
笹,ささ,sasa,bamboo grass; generally smaller species of running bamboo that do not shed their sheaths (e.g. Sasa spp.),umumnya; pada umumnya,N1 JLPT
些細,ささい,sasai,trivial; trifling; slight sepele; remeh,sedikit,N1 JLPT
査察,ささつ,sasatsu,"inspection (for compliance); investigation (tax, etc.) inspeksi (untuk","kepatuhan); investigasi (pajak,",N1 JLPT
刺し,さし,sashi,grain thief; sharpened tube for testing rice in bags pencuri gandum; tabung runcing,untuk menguji beras dalam karung,N1 JLPT
差し当たり,さしあたり,sashiatari,for the time being; at present,untuk saat ini; saat ini,N1 JLPT
挿絵,さしえ,sashie,"illustration (in a book, newspaper, etc.); picture ilustrasi (di buku, koran, dll); gambar",kertas; tempat asal (suatu spesies tumbuhan atau,N1 JLPT
差し込む,さしこむ,sashikomu,to insert; to put in; to thrust in,untuk memasukkan; untuk memasukkan; untuk mendorong masuk,N1 JLPT
指し示す,さししめす,sashishimesu,to indicate; to show; to point to,untuk menunjukkan; untuk menunjukkan; untuk menunjuk,N1 JLPT
差出人,さしだしにん,sashidashinin,sender (e.g. of mail) pengirim (misalnya surat),pengirim (surat),N1 JLPT
差し止め,さしとめ,sashitome,prohibition; ban; suspension,larangan; melarang; suspensi,N1 JLPT
差し伸べる,さしのべる,sashinoberu,to hold out; to extend (e.g. one's hands); to stretch,untuk bertahan; untuk mengulurkan (misalnya,N1 JLPT
差し控える,さしひかえる,sashihikaeru,to be moderate in; to be temperate in; to not do too much of bersikap moderat,dalam; untuk bersikap,N1 JLPT
差し戻す,さしもどす,sashimodosu,to send back; to refer back,untuk mengirim kembali; untuk merujuk kembali,N1 JLPT
査証,さしょう,sashou,visa visa,visa,N1 JLPT
摩る,さする,sasuru,to rub; to pat; to stroke,untuk menggosok; untuk menepuk; untuk membelai,N1 JLPT
左折,させつ,sasetsu,turning to the left; left turn,berbelok ke kiri; belok kiri,N1 JLPT
させる,させる,saseru,to make (someone) do,untuk membuat (seseorang) melakukan,N1 JLPT
左遷,させん,sasen,demotion; relegation; reduction in rank,penurunan pangkat; degradasi; penurunan peringkat,N1 JLPT
誘い,さそい,sasoi,invitation; introduction undangan,pendahuluan,N1 JLPT
嘸,さぞ,sazo,surely; certainly; no doubt tentu saja; tentu,tidak diragukan lagi,N1 JLPT
定か,さだか,sadaka,definite; sure pasti; tentu saja,menentukan,N1 JLPT
錯覚,さっかく,sakkaku,illusion; hallucination ilusi; halusinasi,ilusi; halusinasi,N1 JLPT
殺気,さっき,sakki,thirst for blood; bloodlust; determination to kill haus,akan darah; haus darah; tekad untuk membunuh,N1 JLPT
作況指数,さっきょうしすう,sakkyoushisuu,rice-crop index indeks,tanaman padi,N1 JLPT
作曲家,さっきょくか,sakkyokuka,composer komposer,komposer; pencipta musik,N1 JLPT
殺菌,さっきん,sakkin,sterilization; sterilisation; disinfection sterilisasi; sterilisasi; desinfeksi,sterilisasi; desinfeksi,N1 JLPT
昨今,さっこん,sakkon,these days; nowadays; recently hari,ini; dewasa ini; baru-baru ini,N1 JLPT
冊子,さっし,sasshi,book; booklet; story book buku; buku,kecil; buku cerita,N1 JLPT
殺傷,さっしょう,sasshou,killing and wounding; bloodshed membunuh,dan melukai; pertumpahan darah,N1 JLPT
刷新,さっしん,sasshin,reform; renovation reformasi; renovasi,reformasi,N1 JLPT
察知,さっち,sacchi,to sense; to infer; to gather,untuk merasakan; untuk menyimpulkan; untuk berkumpul,N1 JLPT
殺虫剤,さっちゅうざい,sacchuuzai,insecticide; pesticide insektisida; pestisida,insektisida; pestisida,N1 JLPT
颯と,さっと,satto,quickly (esp. actions),dengan cepat (khususnya tindakan),N1 JLPT
殺到,さっとう,sattou,rush; flood; deluge terburu-buru; banjir; banjir,besar,N1 JLPT
札幌,さっぽろ,sapporo,Sapporo (city in Hokkaido) Sapporo (kota di Hokkaido),Sapporo (kota di Hokkaido),N1 JLPT
冊,さつ,satsu,counter for books konter,untuk buku,N1 JLPT
殺意,さつい,satsui,intent to kill; intent to murder; urge to kill niat,untuk membunuh; niat untuk membunuh; desakan untuk membunuh,N1 JLPT
殺害,さつがい,satsugai,killing; murder pembunuhan,pembunuhan,N1 JLPT
殺人事件,さつじんじけん,satsujinjiken,murder case kasus,pembunuhan,N1 JLPT
札束,さつたば,satsutaba,bundle of banknotes; stack of bills seikat uang,kertas; tumpukan tagihan,N1 JLPT
さつま芋,さつまいも,satsumaimo,sweet potato (Ipomoea batatas) ubi jalar (Ipomoea batatas),manis,N1 JLPT
偖,さて,sate,well; now; then,baik; Sekarang; lalu,N1 JLPT
査定,さてい,satei,"assessment (of value, damages, etc.); revision (of a budget)","penilaian (nilai, kerusakan, dll.); revisi (anggaran)",N1 JLPT
里親,さとおや,satooya,foster parent; foster parents,orang tua angkat; orang tua asuh,N1 JLPT
里帰り,さとがえり,satogaeri,returning home to one's parents (orig. of a married,person); visiting one's parents (for a prolonged period of stay),N1 JLPT
里子,さとご,satogo,foster child anak angkat,anak,N1 JLPT
作動,さどう,sadou,operation; functioning; running operasi,berfungsi; berlari,N1 JLPT
茶道,さどう,sadou,tea ceremony; Way of Tea; sadō upacara minum teh,Cara Teh; sado,N1 JLPT
左派,さは,saha,left wing sayap kiri,sayap kiri (politik),N1 JLPT
鯖,さば,saba,"mackerel (esp. the chub mackerel, Scomber japonicus) makarel (khususnya makarel chub, Scomber",ikan makarel,N1 JLPT
砂防,さぼう,sabou,erosion control pengendalian erosi,erosi,N1 JLPT
様変わり,さまがわり,samagawari,changing completely; transformation,berubah total; transformasi,N1 JLPT
妨げ,さまたげ,samatage,obstruction; hindrance halangan,hambatan,N1 JLPT
彷徨う,さまよう,samayou,to loiter; to putter; to prowl berkeliaran,untuk memukul; untuk mencari mangsa,N1 JLPT
寒さ,さむさ,samusa,coldness kedinginan,kedinginan; kesejukan,N1 JLPT
左様なら,さようなら,sayounara,farewell; adieu; goodbye,perpisahan; kata perpisahan; selamat tinggal,N1 JLPT
左翼,さよく,sayoku,left wing sayap kiri,sayap kiri (politik),N1 JLPT
さよなら,さよなら,sayonara,goodbye; so long; farewell selamat tinggal; sangat,lama; perpisahan,N1 JLPT
再来年,さらいねん,sarainen,year after next tahun demi tahun,berikutnya,N1 JLPT
浚う,さらう,sarau,to sweep away; to wash away; to dredge,untuk menyapu; untuk membasuh; untuk mengeruk,N1 JLPT
さらさら,さらさら,sarasara,with a rustling sound,dengan suara gemerisik,N1 JLPT
晒す,さらす,sarasu,"to expose (to the sun, public, danger, etc.)","untuk mengekspos (kepada matahari, publik, bahaya, dll.)",N1 JLPT
申,さる,saru,the Monkey (ninth sign of the Chinese zodiac) Monyet (tanda,kesembilan zodiak Cina),N1 JLPT
為れる,される,sareru,to be done (to someone or something),untuk dilakukan (kepada seseorang atau sesuatu),N1 JLPT
沢,さわ,sawa,mountain stream; valley; dale,aliran gunung; lembah; lembah,N1 JLPT
爽やか,さわやか,sawayaka,fresh; refreshing; invigorating segar,menyegarkan; menyegarkan,N1 JLPT
さん,さん,san,Mr; Mrs; Miss Tuan,Nyonya; Nona,N1 JLPT
賛,さん,san,praise; tribute pujian,penghormatan,N1 JLPT
賛意,さんい,sani,approval; assent persetujuan,persetujuan,N1 JLPT
ある,ある,aru,to be; to exist (inanimate),ada; berada; terdapat,N5 JLPT
いる,いる,iru,to be; to exist (animate),ada; berada (untuk makhluk hidup),N5 JLPT
もつ,もつ,motsu,to hold; to carry; to have,memegang; membawa; memiliki,N5 JLPT
おく,おく,oku,to put; to place,menaruh; meletakkan,N5 JLPT
みえる,みえる,mieru,to be visible; to appear,terlihat; kelihatan,N5 JLPT
きこえる,きこえる,kikoeru,to be audible; can hear,terdengar; dapat didengar,N5 JLPT
はじまる,はじまる,hajimaru,to begin; to start,dimulai; mulai,N5 JLPT
はじめる,はじめる,hajimeru,to begin; to start (trans.),memulai; mengawali,N5 JLPT
おわる,おわる,owaru,to end; to finish,selesai; berakhir,N5 JLPT
はいる,はいる,hairu,to enter; to go in,masuk,N5 JLPT
でる,でる,deru,to go out; to leave,keluar; pergi,N5 JLPT
あける,あける,akeru,to open (trans.),membuka,N5 JLPT
しめる,しめる,shimeru,to close; to shut,menutup,N5 JLPT
のる,のる,noru,to ride; to get on,naik; menaiki,N5 JLPT
おりる,おりる,oriru,to get off; to get down,turun; turun dari,N5 JLPT
あるく,あるく,aruku,to walk,berjalan kaki,N5 JLPT
およぐ,およぐ,oyogu,to swim,berenang,N5 JLPT
ならぶ,ならぶ,narabu,to line up; to stand in line,berbaris; mengantri,N5 JLPT
すわる,すわる,suwaru,to sit down,duduk,N5 JLPT
たつ,たつ,tatsu,to stand up,berdiri,N5 JLPT
まつ,まつ,matsu,to wait,menunggu,N5 JLPT
あう,あう,au,to meet; to see,bertemu,N5 JLPT
おくる,おくる,okuru,to send,mengirim,N5 JLPT
てつだう,てつだう,tetsudau,to help; to assist,membantu,N5 JLPT
まがる,まがる,magaru,to turn; to curve,belok; berbelok,N5 JLPT
わたる,わたる,wataru,to cross (a road/bridge),menyeberang,N5 JLPT
かわる,かわる,kawaru,to change; to be different,berubah; berbeda,N5 JLPT
うまれる,うまれる,umareru,to be born,lahir,N5 JLPT
そだつ,そだつ,sodatsu,to grow up,tumbuh; berkembang,N5 JLPT
つかれる,つかれる,tsukareru,to get tired,kelelahan; capek,N5 JLPT
こまる,こまる,komaru,to be troubled; to be at a loss,bingung; kesulitan,N5 JLPT
こと,こと,koto,thing (abstract); fact,hal; sesuatu (abstrak),N5 JLPT
もの,もの,mono,thing; object,benda; hal,N5 JLPT
ところ,ところ,tokoro,place; point,tempat; hal,N5 JLPT
とき,とき,toki,time; when,waktu; saat,N5 JLPT
ため,ため,tame,for; sake; purpose,untuk; demi,N5 JLPT
なか,なか,naka,inside; middle,di dalam; tengah,N5 JLPT
うえ,うえ,ue,above; up; on top,di atas,N5 JLPT
した,した,shita,below; under,di bawah,N5 JLPT
まえ,まえ,mae,in front; before,di depan; sebelum,N5 JLPT
うしろ,うしろ,ushiro,behind; back,di belakang,N5 JLPT
みぎ,みぎ,migi,right (direction),kanan,N5 JLPT
ひだり,ひだり,hidari,left (direction),kiri,N5 JLPT
となり,となり,tonari,next to; neighboring,di sebelah; bersebelahan,N5 JLPT
そと,そと,soto,outside; exterior,di luar,N5 JLPT
むこう,むこう,mukou,opposite side; across,seberang; sisi seberang,N5 JLPT
おとな,おとな,otona,adult,orang dewasa,N5 JLPT
きょう,きょう,kyou,today,hari ini,N5 JLPT
あした,あした,ashita,tomorrow,besok,N5 JLPT
きのう,きのう,kinou,yesterday,kemarin,N5 JLPT
おととい,おととい,ototoi,day before yesterday,kemarin lusa,N5 JLPT
あさって,あさって,asatte,day after tomorrow,besok lusa,N5 JLPT
いま,いま,ima,now,sekarang,N5 JLPT
あとで,あとで,atode,later; after that,nanti; setelah itu,N5 JLPT
かわいい,かわいい,kawaii,cute; adorable,lucu; imut; menggemaskan,N5 JLPT
うつくしい,うつくしい,utsukushii,beautiful,indah; cantik,N5 JLPT
きれい,きれい,kirei,beautiful; clean; pretty,cantik; bersih; indah,N5 JLPT
きたない,きたない,kitanai,dirty; messy,kotor; jorok,N5 JLPT
からい,からい,karai,spicy; hot (taste),pedas,N5 JLPT
あまい,あまい,amai,sweet,manis,N5 JLPT
にがい,にがい,nigai,bitter,pahit,N5 JLPT
いそがしい,いそがしい,isogashii,busy,sibuk,N5 JLPT
ひま,ひま,hima,free time; not busy,waktu luang; tidak sibuk,N5 JLPT
げんき,げんき,genki,energetic; healthy; fine,sehat; bersemangat,N5 JLPT
じょうぶ,じょうぶ,joubu,strong; durable; sturdy,kuat; tahan lama,N5 JLPT
だいすき,だいすき,daisuki,love; like very much,sangat suka; cinta,N5 JLPT
だいきらい,だいきらい,daikirai,hate; dislike very much,sangat tidak suka; benci,N5 JLPT
べんり,べんり,benri,convenient; handy,nyaman; praktis; berguna,N5 JLPT
ふべん,ふべん,fuben,inconvenient; difficult to use,tidak nyaman; tidak praktis,N5 JLPT
しずか,しずか,shizuka,quiet; peaceful,tenang; sunyi,N5 JLPT
ゆうめい,ゆうめい,yuumei,famous,terkenal; populer,N5 JLPT
たいせつ,たいせつ,taisetsu,important; precious,penting; berharga,N5 JLPT
いろいろ,いろいろ,iroiro,various; many kinds,berbagai; bermacam-macam,N5 JLPT
おなじ,おなじ,onaji,same; identical,sama,N5 JLPT
ゆっくり,ゆっくり,yukkuri,slowly; at ease,perlahan; santai,N5 JLPT
いっしょに,いっしょに,issho ni,together; at the same time,bersama; bersama-sama,N5 JLPT
ひとりで,ひとりで,hitori de,alone; by oneself,sendiri; seorang diri,N5 JLPT
はやく,はやく,hayaku,quickly; early,dengan cepat; lebih awal,N5 JLPT
きもち,きもち,kimochi,feeling; mood,perasaan; mood,N4 JLPT
いみ,いみ,imi,meaning,arti; makna,N4 JLPT
もんだい,もんだい,mondai,problem; question,masalah; soal,N4 JLPT
こたえ,こたえ,kotae,answer; reply,jawaban,N4 JLPT
しつもん,しつもん,shitsumon,question,pertanyaan,N4 JLPT
せつめい,せつめい,setsumei,explanation,penjelasan,N4 JLPT
むすこ,むすこ,musuko,son,anak laki-laki,N4 JLPT
むすめ,むすめ,musume,daughter,anak perempuan,N4 JLPT
おじ,おじ,oji,uncle,paman,N4 JLPT
おば,おば,oba,aunt,bibi,N4 JLPT
いとこ,いとこ,itoko,cousin,sepupu,N4 JLPT
まご,まご,mago,grandchild,cucu,N4 JLPT
いなか,いなか,inaka,countryside; hometown,pedesaan; kampung halaman,N4 JLPT
みずうみ,みずうみ,mizuumi,lake,danau,N4 JLPT
もり,もり,mori,forest; woods,hutan; rimba,N4 JLPT
ほし,ほし,hoshi,star,bintang,N4 JLPT
くも,くも,kumo,cloud,awan,N4 JLPT
たいふう,たいふう,taifuu,typhoon,angin topan; taifun,N4 JLPT
じしん,じしん,jishin,earthquake,gempa bumi,N4 JLPT
ほんや,ほんや,honya,bookstore,toko buku,N4 JLPT
やっきょく,やっきょく,yakkyoku,pharmacy; drugstore,apotek,N4 JLPT
としょかん,としょかん,toshokan,library,perpustakaan,N4 JLPT
びじゅつかん,びじゅつかん,bijutsukan,art museum,museum seni,N4 JLPT
はくぶつかん,はくぶつかん,hakubutsukan,museum,museum,N4 JLPT
どうぶつえん,どうぶつえん,doubutsuen,zoo,kebun binatang,N4 JLPT
じんじゃ,じんじゃ,jinja,Shinto shrine,kuil Shinto,N4 JLPT
てら,てら,tera,Buddhist temple,kuil Buddha,N4 JLPT
けいさつ,けいさつ,keisatsu,police,polisi,N4 JLPT
くすり,くすり,kusuri,medicine; drug,obat,N4 JLPT
びょういん,びょういん,byouin,hospital; clinic,rumah sakit; klinik,N4 JLPT
いしゃ,いしゃ,isha,doctor; physician,dokter,N4 JLPT
かんごし,かんごし,kangoshi,nurse,perawat,N4 JLPT
びょうき,びょうき,byouki,illness; disease,penyakit; sakit,N4 JLPT
ねつ,ねつ,netsu,fever; heat,demam; panas,N4 JLPT
けが,けが,kega,injury; wound,luka; cedera,N4 JLPT
しゅじゅつ,しゅじゅつ,shujutsu,surgery; operation,operasi bedah,N4 JLPT
かいしゃ,かいしゃ,kaisha,company; corporation,perusahaan,N4 JLPT
かちょう,かちょう,kachou,section chief; manager,kepala seksi; manajer,N4 JLPT
しゃちょう,しゃちょう,shachou,company president; CEO,direktur; CEO perusahaan,N4 JLPT
かいぎ,かいぎ,kaigi,meeting; conference,rapat; konferensi,N4 JLPT
えいご,えいご,eigo,English language,bahasa Inggris,N4 JLPT
にほんご,にほんご,nihongo,Japanese language,bahasa Jepang,N4 JLPT
みがく,みがく,migaku,to polish; to brush (teeth),menggosok; mengkilapkan,N4 JLPT
たてる,たてる,tateru,to build; to erect,membangun; mendirikan,N4 JLPT
こわす,こわす,kowasu,to break; to destroy,merusak; menghancurkan,N4 JLPT
なおす,なおす,naosu,to fix; to cure,memperbaiki; menyembuhkan,N4 JLPT
えらぶ,えらぶ,erabu,to choose; to select,memilih,N4 JLPT
きめる,きめる,kimeru,to decide; to fix,memutuskan; menetapkan,N4 JLPT
ことわる,ことわる,kotowaru,to refuse; to decline,menolak,N4 JLPT
ゆるす,ゆるす,yurusu,to forgive; to permit,memaafkan; mengizinkan,N4 JLPT
くらべる,くらべる,kuraberu,to compare,membandingkan,N4 JLPT
のこる,のこる,nokoru,to remain; to stay behind,tersisa; tertinggal,N4 JLPT
すてる,すてる,suteru,to throw away; to abandon,membuang; meninggalkan,N4 JLPT
あつめる,あつめる,atsumeru,to collect; to gather,mengumpulkan; mengoleksi,N4 JLPT
いそぐ,いそぐ,isogu,to hurry; to rush,terburu-buru; bergegas,N4 JLPT
まにあう,まにあう,maniau,to be in time; to make it,tepat waktu; sempat,N4 JLPT
おくれる,おくれる,okureru,to be late; to fall behind,terlambat; ketinggalan,N4 JLPT
まもる,まもる,mamoru,to protect; to obey,melindungi; mematuhi,N4 JLPT
にげる,にげる,nigeru,to run away; to escape,melarikan diri; kabur,N4 JLPT
みつける,みつける,mitsukeru,to find; to discover,menemukan; mendapati,N4 JLPT
さがす,さがす,sagasu,to search for; to look for,mencari; mencari-cari,N4 JLPT
おぼえる,おぼえる,oboeru,to remember; to memorize,mengingat; menghafal,N4 JLPT
わすれる,わすれる,wasureru,to forget,melupakan; lupa,N4 JLPT
まちがえる,まちがえる,machigaeru,to make a mistake; to get wrong,berbuat salah; salah,N4 JLPT
なれる,なれる,nareru,to get used to; to become familiar,terbiasa; biasa,N4 JLPT
さそう,さそう,sasou,to invite; to ask,mengundang; mengajak,N4 JLPT
つたえる,つたえる,tsutaeru,to convey; to tell,menyampaikan; memberitahu,N4 JLPT
かならず,かならず,kanarazu,certainly; without fail,pasti; tanpa gagal,N4 JLPT
おそらく,おそらく,osoraku,probably; most likely,kemungkinan besar; mungkin,N4 JLPT
むしろ,むしろ,mushiro,rather; instead,lebih baik; malah,N4 JLPT
ついに,ついに,tsui ni,finally; at last,akhirnya,N4 JLPT
せっかく,せっかく,sekkaku,with great effort; taking the trouble,susah payah; dengan bersusah payah,N4 JLPT
けいけん,けいけん,keiken,experience,pengalaman,N3 JLPT
きかい,きかい,kikai,opportunity; chance; machine,kesempatan; peluang; mesin,N3 JLPT
じょうほう,じょうほう,jouhou,information,informasi,N3 JLPT
れんしゅう,れんしゅう,renshuu,practice; training,latihan; berlatih,N3 JLPT
せいかつ,せいかつ,seikatsu,life; livelihood,kehidupan; penghidupan,N3 JLPT
しょくひん,しょくひん,shokuhin,food products; groceries,produk makanan; bahan makanan,N3 JLPT
せいひん,せいひん,seihin,product; manufactured goods,produk; barang manufaktur,N3 JLPT
かんきょう,かんきょう,kankyou,environment,lingkungan,N3 JLPT
せいじ,せいじ,seiji,politics; government,politik; pemerintahan,N3 JLPT
けいざい,けいざい,keizai,economy; economics,ekonomi,N3 JLPT
しゃかい,しゃかい,shakai,society; social,masyarakat; sosial,N3 JLPT
ぶんか,ぶんか,bunka,culture,budaya; kebudayaan,N3 JLPT
れきし,れきし,rekishi,history,sejarah,N3 JLPT
げいじゅつ,げいじゅつ,geijutsu,art; fine arts,seni; seni murni,N3 JLPT
かがく,かがく,kagaku,science; chemistry,ilmu pengetahuan; kimia,N3 JLPT
ぎじゅつ,ぎじゅつ,gijutsu,technology; technique,teknologi; teknik,N3 JLPT
じんこう,じんこう,jinkou,population,populasi; jumlah penduduk,N3 JLPT
せんそう,せんそう,sensou,war,perang,N3 JLPT
へいわ,へいわ,heiwa,peace,perdamaian; damai,N3 JLPT
じゆう,じゆう,jiyuu,freedom; liberty,kebebasan; kemerdekaan,N3 JLPT
びょうどう,びょうどう,byoudou,equality; equal,kesetaraan; kesamaan hak,N3 JLPT
せきにん,せきにん,sekinin,responsibility; duty,tanggung jawab; kewajiban,N3 JLPT
もくひょう,もくひょう,mokuhyou,goal; target; objective,tujuan; target,N3 JLPT
けっか,けっか,kekka,result; consequence,hasil; akibat,N3 JLPT
えいきょう,えいきょう,eikyou,influence; effect,pengaruh; dampak,N3 JLPT
げんいん,げんいん,gen'in,cause; origin,penyebab; asal mula,N3 JLPT
かいけつ,かいけつ,kaiketsu,solution; settlement,solusi; penyelesaian,N3 JLPT
たいど,たいど,taido,attitude; manner,sikap; tingkah laku,N3 JLPT
いけん,いけん,iken,opinion; view,pendapat; pandangan,N3 JLPT
ていあん,ていあん,teian,proposal; suggestion,usulan; saran,N3 JLPT
